{"type":"FeatureCollection","note":"Symboles de terrain semes par tools/symbols.mjs depuis les aplats du fond (voir tools/palette.mjs). Coords pixel [x, y] origine haut-gauche (carte 10000x5571). kind: mountain|forest|wave|monster|ship|dune|icefield|plain, scale multiplie la taille du symbole. Ne pas editer a la main : relancer le script.","features":[{"type":"Feature","geometry":{"type":"Point","coordinates":[9377,516]},"properties":{"kind":"mountain","scale":0.96}},{"type":"Feature","geometry":{"type":"Point","coordinates":[9389,534]},"properties":{"kind":"mountain","scale":0.8}},{"type":"Feature","geometry":{"type":"Point","coordinates":[9412,558]},"properties":{"kind":"mountain","scale":1.21}},{"type":"Feature","geometry":{"type":"Point","coordinates":[9743,564]},"properties":{"kind":"mountain","scale":1.12}},{"type":"Feature","geometry":{"type":"Point","coordinates":[9747,586]},"properties":{"kind":"mountain","scale":0.91}},{"type":"Feature","geometry":{"type":"Point","coordinates":[9777,586]},"properties":{"kind":"mountain","scale":0.99}},{"type":"Feature","geometry":{"type":"Point","coordinates":[5556,645]},"properties":{"kind":"mountain","scale":0.92}},{"type":"Feature","geometry":{"type":"Point","coordinates":[5575,638]},"properties":{"kind":"mountain","scale":0.81}},{"type":"Feature","geometry":{"type":"Point","coordinates":[5612,652]},"properties":{"kind":"mountain","scale":0.8}},{"type":"Feature","geometry":{"type":"Point","coordinates":[5637,646]},"properties":{"kind":"mountain","scale":0.85}},{"type":"Feature","geometry":{"type":"Point","coordinates":[7154,739]},"properties":{"kind":"mountain","scale":0.87}},{"type":"Feature","geometry":{"type":"Point","coordinates":[7176,737]},"properties":{"kind":"mountain","scale":0.89}},{"type":"Feature","geometry":{"type":"Point","coordinates":[7197,732]},"properties":{"kind":"mountain","scale":0.84}},{"type":"Feature","geometry":{"type":"Point","coordinates":[7125,750]},"properties":{"kind":"mountain","scale":1.13}},{"type":"Feature","geometry":{"type":"Point","coordinates":[5732,793]},"properties":{"kind":"mountain","scale":0.77}},{"type":"Feature","geometry":{"type":"Point","coordinates":[4784,868]},"properties":{"kind":"mountain","scale":0.9}},{"type":"Feature","geometry":{"type":"Point","coordinates":[4779,895]},"properties":{"kind":"mountain","scale":1.1}},{"type":"Feature","geometry":{"type":"Point","coordinates":[9177,894]},"properties":{"kind":"mountain","scale":0.83}},{"type":"Feature","geometry":{"type":"Point","coordinates":[9195,906]},"properties":{"kind":"mountain","scale":1.03}},{"type":"Feature","geometry":{"type":"Point","coordinates":[4762,910]},"properties":{"kind":"mountain","scale":0.91}},{"type":"Feature","geometry":{"type":"Point","coordinates":[9085,991]},"properties":{"kind":"mountain","scale":0.96}},{"type":"Feature","geometry":{"type":"Point","coordinates":[9094,1011]},"properties":{"kind":"mountain","scale":0.94}},{"type":"Feature","geometry":{"type":"Point","coordinates":[9115,997]},"properties":{"kind":"mountain","scale":1.04}},{"type":"Feature","geometry":{"type":"Point","coordinates":[9223,1013]},"properties":{"kind":"mountain","scale":0.84}},{"type":"Feature","geometry":{"type":"Point","coordinates":[9092,1043]},"properties":{"kind":"mountain","scale":0.84}},{"type":"Feature","geometry":{"type":"Point","coordinates":[9228,1035]},"properties":{"kind":"mountain","scale":0.75}},{"type":"Feature","geometry":{"type":"Point","coordinates":[4723,1061]},"properties":{"kind":"mountain","scale":0.83}},{"type":"Feature","geometry":{"type":"Point","coordinates":[6636,1094]},"properties":{"kind":"mountain","scale":1.19}},{"type":"Feature","geometry":{"type":"Point","coordinates":[5210,1111]},"properties":{"kind":"mountain","scale":0.92}},{"type":"Feature","geometry":{"type":"Point","coordinates":[5232,1113]},"properties":{"kind":"mountain","scale":0.88}},{"type":"Feature","geometry":{"type":"Point","coordinates":[5251,1105]},"properties":{"kind":"mountain","scale":0.78}},{"type":"Feature","geometry":{"type":"Point","coordinates":[9234,1102]},"properties":{"kind":"mountain","scale":1.07}},{"type":"Feature","geometry":{"type":"Point","coordinates":[6630,1130]},"properties":{"kind":"mountain","scale":0.82}},{"type":"Feature","geometry":{"type":"Point","coordinates":[6646,1124]},"properties":{"kind":"mountain","scale":0.76}},{"type":"Feature","geometry":{"type":"Point","coordinates":[9025,1121]},"properties":{"kind":"mountain","scale":1.08}},{"type":"Feature","geometry":{"type":"Point","coordinates":[9003,1155]},"properties":{"kind":"mountain","scale":0.8}},{"type":"Feature","geometry":{"type":"Point","coordinates":[5307,1173]},"properties":{"kind":"mountain","scale":0.83}},{"type":"Feature","geometry":{"type":"Point","coordinates":[9013,1175]},"properties":{"kind":"mountain","scale":0.8}},{"type":"Feature","geometry":{"type":"Point","coordinates":[9407,1180]},"properties":{"kind":"mountain","scale":0.98}},{"type":"Feature","geometry":{"type":"Point","coordinates":[9440,1178]},"properties":{"kind":"mountain","scale":0.92}},{"type":"Feature","geometry":{"type":"Point","coordinates":[9462,1180]},"properties":{"kind":"mountain","scale":1.05}},{"type":"Feature","geometry":{"type":"Point","coordinates":[6681,1184]},"properties":{"kind":"mountain","scale":1.09}},{"type":"Feature","geometry":{"type":"Point","coordinates":[8989,1189]},"properties":{"kind":"mountain","scale":0.83}},{"type":"Feature","geometry":{"type":"Point","coordinates":[9017,1196]},"properties":{"kind":"mountain","scale":0.99}},{"type":"Feature","geometry":{"type":"Point","coordinates":[9488,1190]},"properties":{"kind":"mountain","scale":1.19}},{"type":"Feature","geometry":{"type":"Point","coordinates":[6702,1202]},"properties":{"kind":"mountain","scale":0.79}},{"type":"Feature","geometry":{"type":"Point","coordinates":[9400,1201]},"properties":{"kind":"mountain","scale":1.04}},{"type":"Feature","geometry":{"type":"Point","coordinates":[9458,1206]},"properties":{"kind":"mountain","scale":0.89}},{"type":"Feature","geometry":{"type":"Point","coordinates":[9492,1214]},"properties":{"kind":"mountain","scale":0.92}},{"type":"Feature","geometry":{"type":"Point","coordinates":[8989,1221]},"properties":{"kind":"mountain","scale":1.2}},{"type":"Feature","geometry":{"type":"Point","coordinates":[9020,1221]},"properties":{"kind":"mountain","scale":1.1}},{"type":"Feature","geometry":{"type":"Point","coordinates":[9372,1216]},"properties":{"kind":"mountain","scale":1.17}},{"type":"Feature","geometry":{"type":"Point","coordinates":[8979,1246]},"properties":{"kind":"mountain","scale":1.23}},{"type":"Feature","geometry":{"type":"Point","coordinates":[9004,1241]},"properties":{"kind":"mountain","scale":0.94}},{"type":"Feature","geometry":{"type":"Point","coordinates":[9338,1247]},"properties":{"kind":"mountain","scale":0.87}},{"type":"Feature","geometry":{"type":"Point","coordinates":[9470,1245]},"properties":{"kind":"mountain","scale":0.86}},{"type":"Feature","geometry":{"type":"Point","coordinates":[6567,1270]},"properties":{"kind":"mountain","scale":0.85}},{"type":"Feature","geometry":{"type":"Point","coordinates":[8943,1269]},"properties":{"kind":"mountain","scale":1.03}},{"type":"Feature","geometry":{"type":"Point","coordinates":[8990,1273]},"properties":{"kind":"mountain","scale":1.21}},{"type":"Feature","geometry":{"type":"Point","coordinates":[9287,1282]},"properties":{"kind":"mountain","scale":0.79}},{"type":"Feature","geometry":{"type":"Point","coordinates":[9470,1272]},"properties":{"kind":"mountain","scale":1.2}},{"type":"Feature","geometry":{"type":"Point","coordinates":[6560,1298]},"properties":{"kind":"mountain","scale":1.25}},{"type":"Feature","geometry":{"type":"Point","coordinates":[8929,1292]},"properties":{"kind":"mountain","scale":1.19}},{"type":"Feature","geometry":{"type":"Point","coordinates":[9010,1296]},"properties":{"kind":"mountain","scale":0.81}},{"type":"Feature","geometry":{"type":"Point","coordinates":[9484,1300]},"properties":{"kind":"mountain","scale":1.11}},{"type":"Feature","geometry":{"type":"Point","coordinates":[9295,1332]},"properties":{"kind":"mountain","scale":1.21}},{"type":"Feature","geometry":{"type":"Point","coordinates":[2955,1349]},"properties":{"kind":"mountain","scale":1.09}},{"type":"Feature","geometry":{"type":"Point","coordinates":[4884,1346]},"properties":{"kind":"mountain","scale":0.77}},{"type":"Feature","geometry":{"type":"Point","coordinates":[4913,1338]},"properties":{"kind":"mountain","scale":1.18}},{"type":"Feature","geometry":{"type":"Point","coordinates":[6695,1351]},"properties":{"kind":"mountain","scale":0.89}},{"type":"Feature","geometry":{"type":"Point","coordinates":[9299,1362]},"properties":{"kind":"mountain","scale":1.14}},{"type":"Feature","geometry":{"type":"Point","coordinates":[2950,1377]},"properties":{"kind":"mountain","scale":0.95}},{"type":"Feature","geometry":{"type":"Point","coordinates":[2974,1370]},"properties":{"kind":"mountain","scale":1.02}},{"type":"Feature","geometry":{"type":"Point","coordinates":[3013,1378]},"properties":{"kind":"mountain","scale":1.19}},{"type":"Feature","geometry":{"type":"Point","coordinates":[4855,1372]},"properties":{"kind":"mountain","scale":1.03}},{"type":"Feature","geometry":{"type":"Point","coordinates":[2973,1396]},"properties":{"kind":"mountain","scale":1.19}},{"type":"Feature","geometry":{"type":"Point","coordinates":[3030,1402]},"properties":{"kind":"mountain","scale":0.89}},{"type":"Feature","geometry":{"type":"Point","coordinates":[3008,1416]},"properties":{"kind":"mountain","scale":0.77}},{"type":"Feature","geometry":{"type":"Point","coordinates":[6571,1418]},"properties":{"kind":"mountain","scale":1.21}},{"type":"Feature","geometry":{"type":"Point","coordinates":[3023,1429]},"properties":{"kind":"mountain","scale":0.76}},{"type":"Feature","geometry":{"type":"Point","coordinates":[6953,1421]},"properties":{"kind":"mountain","scale":0.93}},{"type":"Feature","geometry":{"type":"Point","coordinates":[3048,1438]},"properties":{"kind":"mountain","scale":0.97}},{"type":"Feature","geometry":{"type":"Point","coordinates":[6535,1447]},"properties":{"kind":"mountain","scale":0.82}},{"type":"Feature","geometry":{"type":"Point","coordinates":[6556,1437]},"properties":{"kind":"mountain","scale":1}},{"type":"Feature","geometry":{"type":"Point","coordinates":[7056,1439]},"properties":{"kind":"mountain","scale":1.13}},{"type":"Feature","geometry":{"type":"Point","coordinates":[3017,1455]},"properties":{"kind":"mountain","scale":1.25}},{"type":"Feature","geometry":{"type":"Point","coordinates":[3049,1463]},"properties":{"kind":"mountain","scale":1.19}},{"type":"Feature","geometry":{"type":"Point","coordinates":[7051,1471]},"properties":{"kind":"mountain","scale":0.83}},{"type":"Feature","geometry":{"type":"Point","coordinates":[3058,1496]},"properties":{"kind":"mountain","scale":1.24}},{"type":"Feature","geometry":{"type":"Point","coordinates":[3095,1500]},"properties":{"kind":"mountain","scale":0.95}},{"type":"Feature","geometry":{"type":"Point","coordinates":[5670,1499]},"properties":{"kind":"mountain","scale":1.11}},{"type":"Feature","geometry":{"type":"Point","coordinates":[6557,1497]},"properties":{"kind":"mountain","scale":0.93}},{"type":"Feature","geometry":{"type":"Point","coordinates":[7047,1500]},"properties":{"kind":"mountain","scale":0.78}},{"type":"Feature","geometry":{"type":"Point","coordinates":[8915,1494]},"properties":{"kind":"mountain","scale":1.24}},{"type":"Feature","geometry":{"type":"Point","coordinates":[6563,1517]},"properties":{"kind":"mountain","scale":0.98}},{"type":"Feature","geometry":{"type":"Point","coordinates":[3066,1530]},"properties":{"kind":"mountain","scale":1.21}},{"type":"Feature","geometry":{"type":"Point","coordinates":[3100,1527]},"properties":{"kind":"mountain","scale":1.18}},{"type":"Feature","geometry":{"type":"Point","coordinates":[3086,1550]},"properties":{"kind":"mountain","scale":1.23}},{"type":"Feature","geometry":{"type":"Point","coordinates":[6558,1544]},"properties":{"kind":"mountain","scale":0.96}},{"type":"Feature","geometry":{"type":"Point","coordinates":[6568,1566]},"properties":{"kind":"mountain","scale":0.91}},{"type":"Feature","geometry":{"type":"Point","coordinates":[3112,1581]},"properties":{"kind":"mountain","scale":0.79}},{"type":"Feature","geometry":{"type":"Point","coordinates":[6559,1585]},"properties":{"kind":"mountain","scale":0.88}},{"type":"Feature","geometry":{"type":"Point","coordinates":[3132,1593]},"properties":{"kind":"mountain","scale":0.92}},{"type":"Feature","geometry":{"type":"Point","coordinates":[4846,1600]},"properties":{"kind":"mountain","scale":1.14}},{"type":"Feature","geometry":{"type":"Point","coordinates":[5147,1598]},"properties":{"kind":"mountain","scale":0.77}},{"type":"Feature","geometry":{"type":"Point","coordinates":[6577,1597]},"properties":{"kind":"mountain","scale":0.82}},{"type":"Feature","geometry":{"type":"Point","coordinates":[3149,1615]},"properties":{"kind":"mountain","scale":1.17}},{"type":"Feature","geometry":{"type":"Point","coordinates":[4789,1622]},"properties":{"kind":"mountain","scale":1.12}},{"type":"Feature","geometry":{"type":"Point","coordinates":[4811,1614]},"properties":{"kind":"mountain","scale":0.86}},{"type":"Feature","geometry":{"type":"Point","coordinates":[4911,1623]},"properties":{"kind":"mountain","scale":0.79}},{"type":"Feature","geometry":{"type":"Point","coordinates":[5074,1615]},"properties":{"kind":"mountain","scale":1.11}},{"type":"Feature","geometry":{"type":"Point","coordinates":[5162,1617]},"properties":{"kind":"mountain","scale":0.76}},{"type":"Feature","geometry":{"type":"Point","coordinates":[5187,1616]},"properties":{"kind":"mountain","scale":1.22}},{"type":"Feature","geometry":{"type":"Point","coordinates":[3004,1636]},"properties":{"kind":"mountain","scale":1.01}},{"type":"Feature","geometry":{"type":"Point","coordinates":[3148,1640]},"properties":{"kind":"mountain","scale":0.94}},{"type":"Feature","geometry":{"type":"Point","coordinates":[3175,1633]},"properties":{"kind":"mountain","scale":1.12}},{"type":"Feature","geometry":{"type":"Point","coordinates":[4562,1626]},"properties":{"kind":"mountain","scale":0.85}},{"type":"Feature","geometry":{"type":"Point","coordinates":[4589,1636]},"properties":{"kind":"mountain","scale":0.8}},{"type":"Feature","geometry":{"type":"Point","coordinates":[4681,1632]},"properties":{"kind":"mountain","scale":1.05}},{"type":"Feature","geometry":{"type":"Point","coordinates":[4706,1631]},"properties":{"kind":"mountain","scale":0.9}},{"type":"Feature","geometry":{"type":"Point","coordinates":[4733,1634]},"properties":{"kind":"mountain","scale":1.09}},{"type":"Feature","geometry":{"type":"Point","coordinates":[4766,1629]},"properties":{"kind":"mountain","scale":0.9}},{"type":"Feature","geometry":{"type":"Point","coordinates":[4835,1637]},"properties":{"kind":"mountain","scale":1.21}},{"type":"Feature","geometry":{"type":"Point","coordinates":[4863,1629]},"properties":{"kind":"mountain","scale":0.86}},{"type":"Feature","geometry":{"type":"Point","coordinates":[4881,1635]},"properties":{"kind":"mountain","scale":0.81}},{"type":"Feature","geometry":{"type":"Point","coordinates":[4938,1629]},"properties":{"kind":"mountain","scale":1.16}},{"type":"Feature","geometry":{"type":"Point","coordinates":[4964,1630]},"properties":{"kind":"mountain","scale":0.75}},{"type":"Feature","geometry":{"type":"Point","coordinates":[4996,1639]},"properties":{"kind":"mountain","scale":1.16}},{"type":"Feature","geometry":{"type":"Point","coordinates":[5055,1631]},"properties":{"kind":"mountain","scale":1.12}},{"type":"Feature","geometry":{"type":"Point","coordinates":[5087,1636]},"properties":{"kind":"mountain","scale":1.02}},{"type":"Feature","geometry":{"type":"Point","coordinates":[5115,1633]},"properties":{"kind":"mountain","scale":0.76}},{"type":"Feature","geometry":{"type":"Point","coordinates":[5150,1640]},"properties":{"kind":"mountain","scale":1.2}},{"type":"Feature","geometry":{"type":"Point","coordinates":[6566,1627]},"properties":{"kind":"mountain","scale":0.99}},{"type":"Feature","geometry":{"type":"Point","coordinates":[3169,1655]},"properties":{"kind":"mountain","scale":0.91}},{"type":"Feature","geometry":{"type":"Point","coordinates":[4663,1647]},"properties":{"kind":"mountain","scale":1.09}},{"type":"Feature","geometry":{"type":"Point","coordinates":[4768,1656]},"properties":{"kind":"mountain","scale":0.81}},{"type":"Feature","geometry":{"type":"Point","coordinates":[4913,1653]},"properties":{"kind":"mountain","scale":0.95}},{"type":"Feature","geometry":{"type":"Point","coordinates":[4966,1654]},"properties":{"kind":"mountain","scale":0.92}},{"type":"Feature","geometry":{"type":"Point","coordinates":[5041,1657]},"properties":{"kind":"mountain","scale":0.99}},{"type":"Feature","geometry":{"type":"Point","coordinates":[5063,1657]},"properties":{"kind":"mountain","scale":0.96}},{"type":"Feature","geometry":{"type":"Point","coordinates":[5125,1656]},"properties":{"kind":"mountain","scale":1.24}},{"type":"Feature","geometry":{"type":"Point","coordinates":[6580,1656]},"properties":{"kind":"mountain","scale":1.12}},{"type":"Feature","geometry":{"type":"Point","coordinates":[3201,1666]},"properties":{"kind":"mountain","scale":1.1}},{"type":"Feature","geometry":{"type":"Point","coordinates":[4744,1665]},"properties":{"kind":"mountain","scale":1.09}},{"type":"Feature","geometry":{"type":"Point","coordinates":[4822,1659]},"properties":{"kind":"mountain","scale":0.76}},{"type":"Feature","geometry":{"type":"Point","coordinates":[4892,1663]},"properties":{"kind":"mountain","scale":0.83}},{"type":"Feature","geometry":{"type":"Point","coordinates":[6608,1670]},"properties":{"kind":"mountain","scale":1.24}},{"type":"Feature","geometry":{"type":"Point","coordinates":[6634,1673]},"properties":{"kind":"mountain","scale":1.12}},{"type":"Feature","geometry":{"type":"Point","coordinates":[3180,1679]},"properties":{"kind":"mountain","scale":0.8}},{"type":"Feature","geometry":{"type":"Point","coordinates":[4421,1690]},"properties":{"kind":"mountain","scale":0.92}},{"type":"Feature","geometry":{"type":"Point","coordinates":[4458,1687]},"properties":{"kind":"mountain","scale":0.94}},{"type":"Feature","geometry":{"type":"Point","coordinates":[4350,1703]},"properties":{"kind":"mountain","scale":0.99}},{"type":"Feature","geometry":{"type":"Point","coordinates":[4382,1704]},"properties":{"kind":"mountain","scale":1.13}},{"type":"Feature","geometry":{"type":"Point","coordinates":[4445,1701]},"properties":{"kind":"mountain","scale":0.78}},{"type":"Feature","geometry":{"type":"Point","coordinates":[6586,1707]},"properties":{"kind":"mountain","scale":0.9}},{"type":"Feature","geometry":{"type":"Point","coordinates":[6606,1696]},"properties":{"kind":"mountain","scale":1.03}},{"type":"Feature","geometry":{"type":"Point","coordinates":[6620,1721]},"properties":{"kind":"mountain","scale":0.95}},{"type":"Feature","geometry":{"type":"Point","coordinates":[4341,1730]},"properties":{"kind":"mountain","scale":1}},{"type":"Feature","geometry":{"type":"Point","coordinates":[6600,1740]},"properties":{"kind":"mountain","scale":1.09}},{"type":"Feature","geometry":{"type":"Point","coordinates":[4311,1744]},"properties":{"kind":"mountain","scale":0.82}},{"type":"Feature","geometry":{"type":"Point","coordinates":[6628,1749]},"properties":{"kind":"mountain","scale":1.1}},{"type":"Feature","geometry":{"type":"Point","coordinates":[6610,1766]},"properties":{"kind":"mountain","scale":0.85}},{"type":"Feature","geometry":{"type":"Point","coordinates":[6599,1786]},"properties":{"kind":"mountain","scale":0.98}},{"type":"Feature","geometry":{"type":"Point","coordinates":[4164,1799]},"properties":{"kind":"mountain","scale":1.15}},{"type":"Feature","geometry":{"type":"Point","coordinates":[6570,1802]},"properties":{"kind":"mountain","scale":0.8}},{"type":"Feature","geometry":{"type":"Point","coordinates":[6615,1799]},"properties":{"kind":"mountain","scale":0.77}},{"type":"Feature","geometry":{"type":"Point","coordinates":[6567,1826]},"properties":{"kind":"mountain","scale":0.85}},{"type":"Feature","geometry":{"type":"Point","coordinates":[6561,1849]},"properties":{"kind":"mountain","scale":1.14}},{"type":"Feature","geometry":{"type":"Point","coordinates":[6591,1861]},"properties":{"kind":"mountain","scale":0.97}},{"type":"Feature","geometry":{"type":"Point","coordinates":[5349,1894]},"properties":{"kind":"mountain","scale":0.97}},{"type":"Feature","geometry":{"type":"Point","coordinates":[6543,1890]},"properties":{"kind":"mountain","scale":0.77}},{"type":"Feature","geometry":{"type":"Point","coordinates":[6602,1893]},"properties":{"kind":"mountain","scale":1.07}},{"type":"Feature","geometry":{"type":"Point","coordinates":[7117,1894]},"properties":{"kind":"mountain","scale":1.22}},{"type":"Feature","geometry":{"type":"Point","coordinates":[7080,1905]},"properties":{"kind":"mountain","scale":1.13}},{"type":"Feature","geometry":{"type":"Point","coordinates":[7109,1943]},"properties":{"kind":"mountain","scale":1.14}},{"type":"Feature","geometry":{"type":"Point","coordinates":[7131,1960]},"properties":{"kind":"mountain","scale":1.09}},{"type":"Feature","geometry":{"type":"Point","coordinates":[7152,1969]},"properties":{"kind":"mountain","scale":1.04}},{"type":"Feature","geometry":{"type":"Point","coordinates":[6620,1986]},"properties":{"kind":"mountain","scale":0.93}},{"type":"Feature","geometry":{"type":"Point","coordinates":[6637,1999]},"properties":{"kind":"mountain","scale":0.96}},{"type":"Feature","geometry":{"type":"Point","coordinates":[6646,2027]},"properties":{"kind":"mountain","scale":1.14}},{"type":"Feature","geometry":{"type":"Point","coordinates":[3213,2047]},"properties":{"kind":"mountain","scale":0.97}},{"type":"Feature","geometry":{"type":"Point","coordinates":[3234,2060]},"properties":{"kind":"mountain","scale":0.82}},{"type":"Feature","geometry":{"type":"Point","coordinates":[3259,2063]},"properties":{"kind":"mountain","scale":0.98}},{"type":"Feature","geometry":{"type":"Point","coordinates":[6648,2059]},"properties":{"kind":"mountain","scale":1.09}},{"type":"Feature","geometry":{"type":"Point","coordinates":[3278,2077]},"properties":{"kind":"mountain","scale":0.91}},{"type":"Feature","geometry":{"type":"Point","coordinates":[3538,2077]},"properties":{"kind":"mountain","scale":0.9}},{"type":"Feature","geometry":{"type":"Point","coordinates":[3269,2095]},"properties":{"kind":"mountain","scale":0.86}},{"type":"Feature","geometry":{"type":"Point","coordinates":[3299,2083]},"properties":{"kind":"mountain","scale":0.76}},{"type":"Feature","geometry":{"type":"Point","coordinates":[3491,2095]},"properties":{"kind":"mountain","scale":0.88}},{"type":"Feature","geometry":{"type":"Point","coordinates":[3519,2097]},"properties":{"kind":"mountain","scale":0.93}},{"type":"Feature","geometry":{"type":"Point","coordinates":[3560,2089]},"properties":{"kind":"mountain","scale":1.12}},{"type":"Feature","geometry":{"type":"Point","coordinates":[3305,2109]},"properties":{"kind":"mountain","scale":0.96}},{"type":"Feature","geometry":{"type":"Point","coordinates":[3537,2113]},"properties":{"kind":"mountain","scale":1.02}},{"type":"Feature","geometry":{"type":"Point","coordinates":[3584,2113]},"properties":{"kind":"mountain","scale":1.2}},{"type":"Feature","geometry":{"type":"Point","coordinates":[6985,2101]},"properties":{"kind":"mountain","scale":0.95}},{"type":"Feature","geometry":{"type":"Point","coordinates":[7015,2111]},"properties":{"kind":"mountain","scale":1.18}},{"type":"Feature","geometry":{"type":"Point","coordinates":[3448,2132]},"properties":{"kind":"mountain","scale":1.14}},{"type":"Feature","geometry":{"type":"Point","coordinates":[3486,2130]},"properties":{"kind":"mountain","scale":0.75}},{"type":"Feature","geometry":{"type":"Point","coordinates":[3509,2132]},"properties":{"kind":"mountain","scale":0.83}},{"type":"Feature","geometry":{"type":"Point","coordinates":[6669,2121]},"properties":{"kind":"mountain","scale":0.89}},{"type":"Feature","geometry":{"type":"Point","coordinates":[3384,2142]},"properties":{"kind":"mountain","scale":0.84}},{"type":"Feature","geometry":{"type":"Point","coordinates":[3605,2147]},"properties":{"kind":"mountain","scale":1.13}},{"type":"Feature","geometry":{"type":"Point","coordinates":[5057,2138]},"properties":{"kind":"mountain","scale":1}},{"type":"Feature","geometry":{"type":"Point","coordinates":[6705,2136]},"properties":{"kind":"mountain","scale":1.03}},{"type":"Feature","geometry":{"type":"Point","coordinates":[3424,2161]},"properties":{"kind":"mountain","scale":0.89}},{"type":"Feature","geometry":{"type":"Point","coordinates":[5088,2162]},"properties":{"kind":"mountain","scale":0.79}},{"type":"Feature","geometry":{"type":"Point","coordinates":[5148,2167]},"properties":{"kind":"mountain","scale":1.09}},{"type":"Feature","geometry":{"type":"Point","coordinates":[6689,2161]},"properties":{"kind":"mountain","scale":1.22}},{"type":"Feature","geometry":{"type":"Point","coordinates":[7219,2160]},"properties":{"kind":"mountain","scale":0.98}},{"type":"Feature","geometry":{"type":"Point","coordinates":[3353,2197]},"properties":{"kind":"mountain","scale":0.9}},{"type":"Feature","geometry":{"type":"Point","coordinates":[3389,2192]},"properties":{"kind":"mountain","scale":1.09}},{"type":"Feature","geometry":{"type":"Point","coordinates":[3656,2216]},"properties":{"kind":"mountain","scale":1.08}},{"type":"Feature","geometry":{"type":"Point","coordinates":[3304,2231]},"properties":{"kind":"mountain","scale":0.93}},{"type":"Feature","geometry":{"type":"Point","coordinates":[3361,2228]},"properties":{"kind":"mountain","scale":1.24}},{"type":"Feature","geometry":{"type":"Point","coordinates":[3633,2223]},"properties":{"kind":"mountain","scale":0.92}},{"type":"Feature","geometry":{"type":"Point","coordinates":[3679,2220]},"properties":{"kind":"mountain","scale":1.02}},{"type":"Feature","geometry":{"type":"Point","coordinates":[3699,2234]},"properties":{"kind":"mountain","scale":1.01}},{"type":"Feature","geometry":{"type":"Point","coordinates":[3336,2241]},"properties":{"kind":"mountain","scale":0.98}},{"type":"Feature","geometry":{"type":"Point","coordinates":[3650,2246]},"properties":{"kind":"mountain","scale":0.92}},{"type":"Feature","geometry":{"type":"Point","coordinates":[3274,2263]},"properties":{"kind":"mountain","scale":1.24}},{"type":"Feature","geometry":{"type":"Point","coordinates":[3307,2263]},"properties":{"kind":"mountain","scale":1.05}},{"type":"Feature","geometry":{"type":"Point","coordinates":[3678,2253]},"properties":{"kind":"mountain","scale":1.13}},{"type":"Feature","geometry":{"type":"Point","coordinates":[3707,2255]},"properties":{"kind":"mountain","scale":0.81}},{"type":"Feature","geometry":{"type":"Point","coordinates":[3740,2264]},"properties":{"kind":"mountain","scale":1.25}},{"type":"Feature","geometry":{"type":"Point","coordinates":[5485,2255]},"properties":{"kind":"mountain","scale":1.2}},{"type":"Feature","geometry":{"type":"Point","coordinates":[3722,2287]},"properties":{"kind":"mountain","scale":1.21}},{"type":"Feature","geometry":{"type":"Point","coordinates":[3745,2298]},"properties":{"kind":"mountain","scale":0.79}},{"type":"Feature","geometry":{"type":"Point","coordinates":[3735,2334]},"properties":{"kind":"mountain","scale":0.82}},{"type":"Feature","geometry":{"type":"Point","coordinates":[5068,2333]},"properties":{"kind":"mountain","scale":1.03}},{"type":"Feature","geometry":{"type":"Point","coordinates":[5336,2343]},"properties":{"kind":"mountain","scale":0.76}},{"type":"Feature","geometry":{"type":"Point","coordinates":[3737,2362]},"properties":{"kind":"mountain","scale":0.81}},{"type":"Feature","geometry":{"type":"Point","coordinates":[3747,2386]},"properties":{"kind":"mountain","scale":1.12}},{"type":"Feature","geometry":{"type":"Point","coordinates":[3388,2507]},"properties":{"kind":"mountain","scale":0.81}},{"type":"Feature","geometry":{"type":"Point","coordinates":[3406,2516]},"properties":{"kind":"mountain","scale":0.99}},{"type":"Feature","geometry":{"type":"Point","coordinates":[3391,2539]},"properties":{"kind":"mountain","scale":0.9}},{"type":"Feature","geometry":{"type":"Point","coordinates":[3414,2540]},"properties":{"kind":"mountain","scale":1.04}},{"type":"Feature","geometry":{"type":"Point","coordinates":[3459,2537]},"properties":{"kind":"mountain","scale":1.04}},{"type":"Feature","geometry":{"type":"Point","coordinates":[7852,2674]},"properties":{"kind":"mountain","scale":0.99}},{"type":"Feature","geometry":{"type":"Point","coordinates":[7829,2685]},"properties":{"kind":"mountain","scale":1.23}},{"type":"Feature","geometry":{"type":"Point","coordinates":[7530,2739]},"properties":{"kind":"mountain","scale":1.05}},{"type":"Feature","geometry":{"type":"Point","coordinates":[6366,2846]},"properties":{"kind":"mountain","scale":0.85}},{"type":"Feature","geometry":{"type":"Point","coordinates":[7379,2846]},"properties":{"kind":"mountain","scale":0.97}},{"type":"Feature","geometry":{"type":"Point","coordinates":[6384,2855]},"properties":{"kind":"mountain","scale":0.99}},{"type":"Feature","geometry":{"type":"Point","coordinates":[6402,2865]},"properties":{"kind":"mountain","scale":0.78}},{"type":"Feature","geometry":{"type":"Point","coordinates":[5975,2966]},"properties":{"kind":"mountain","scale":1.14}},{"type":"Feature","geometry":{"type":"Point","coordinates":[7700,3017]},"properties":{"kind":"mountain","scale":0.99}},{"type":"Feature","geometry":{"type":"Point","coordinates":[7725,3045]},"properties":{"kind":"mountain","scale":1.21}},{"type":"Feature","geometry":{"type":"Point","coordinates":[7381,3055]},"properties":{"kind":"mountain","scale":0.88}},{"type":"Feature","geometry":{"type":"Point","coordinates":[7383,3095]},"properties":{"kind":"mountain","scale":0.84}},{"type":"Feature","geometry":{"type":"Point","coordinates":[7350,3119]},"properties":{"kind":"mountain","scale":1.07}},{"type":"Feature","geometry":{"type":"Point","coordinates":[5493,3281]},"properties":{"kind":"mountain","scale":0.76}},{"type":"Feature","geometry":{"type":"Point","coordinates":[1608,3321]},"properties":{"kind":"mountain","scale":1.23}},{"type":"Feature","geometry":{"type":"Point","coordinates":[2489,3357]},"properties":{"kind":"mountain","scale":1.19}},{"type":"Feature","geometry":{"type":"Point","coordinates":[4538,3356]},"properties":{"kind":"mountain","scale":1.07}},{"type":"Feature","geometry":{"type":"Point","coordinates":[7224,3356]},"properties":{"kind":"mountain","scale":1.1}},{"type":"Feature","geometry":{"type":"Point","coordinates":[2535,3372]},"properties":{"kind":"mountain","scale":0.97}},{"type":"Feature","geometry":{"type":"Point","coordinates":[5802,3371]},"properties":{"kind":"mountain","scale":0.84}},{"type":"Feature","geometry":{"type":"Point","coordinates":[2439,3391]},"properties":{"kind":"mountain","scale":1.03}},{"type":"Feature","geometry":{"type":"Point","coordinates":[2195,3406]},"properties":{"kind":"mountain","scale":1.14}},{"type":"Feature","geometry":{"type":"Point","coordinates":[2394,3399]},"properties":{"kind":"mountain","scale":1.07}},{"type":"Feature","geometry":{"type":"Point","coordinates":[4541,3405]},"properties":{"kind":"mountain","scale":1.09}},{"type":"Feature","geometry":{"type":"Point","coordinates":[1525,3425]},"properties":{"kind":"mountain","scale":1.25}},{"type":"Feature","geometry":{"type":"Point","coordinates":[2084,3416]},"properties":{"kind":"mountain","scale":1.18}},{"type":"Feature","geometry":{"type":"Point","coordinates":[2111,3424]},"properties":{"kind":"mountain","scale":0.89}},{"type":"Feature","geometry":{"type":"Point","coordinates":[2240,3414]},"properties":{"kind":"mountain","scale":1.23}},{"type":"Feature","geometry":{"type":"Point","coordinates":[2375,3425]},"properties":{"kind":"mountain","scale":1.12}},{"type":"Feature","geometry":{"type":"Point","coordinates":[2122,3441]},"properties":{"kind":"mountain","scale":0.92}},{"type":"Feature","geometry":{"type":"Point","coordinates":[2175,3435]},"properties":{"kind":"mountain","scale":0.78}},{"type":"Feature","geometry":{"type":"Point","coordinates":[2212,3428]},"properties":{"kind":"mountain","scale":0.84}},{"type":"Feature","geometry":{"type":"Point","coordinates":[2250,3439]},"properties":{"kind":"mountain","scale":1.01}},{"type":"Feature","geometry":{"type":"Point","coordinates":[2303,3434]},"properties":{"kind":"mountain","scale":1.09}},{"type":"Feature","geometry":{"type":"Point","coordinates":[2326,3436]},"properties":{"kind":"mountain","scale":0.97}},{"type":"Feature","geometry":{"type":"Point","coordinates":[2149,3459]},"properties":{"kind":"mountain","scale":1.03}},{"type":"Feature","geometry":{"type":"Point","coordinates":[2169,3453]},"properties":{"kind":"mountain","scale":0.89}},{"type":"Feature","geometry":{"type":"Point","coordinates":[2302,3459]},"properties":{"kind":"mountain","scale":0.97}},{"type":"Feature","geometry":{"type":"Point","coordinates":[2879,3458]},"properties":{"kind":"mountain","scale":0.98}},{"type":"Feature","geometry":{"type":"Point","coordinates":[2126,3470]},"properties":{"kind":"mountain","scale":0.94}},{"type":"Feature","geometry":{"type":"Point","coordinates":[2903,3467]},"properties":{"kind":"mountain","scale":1.07}},{"type":"Feature","geometry":{"type":"Point","coordinates":[2145,3490]},"properties":{"kind":"mountain","scale":1.09}},{"type":"Feature","geometry":{"type":"Point","coordinates":[2176,3491]},"properties":{"kind":"mountain","scale":1.23}},{"type":"Feature","geometry":{"type":"Point","coordinates":[2208,3491]},"properties":{"kind":"mountain","scale":1.21}},{"type":"Feature","geometry":{"type":"Point","coordinates":[2918,3493]},"properties":{"kind":"mountain","scale":1.17}},{"type":"Feature","geometry":{"type":"Point","coordinates":[2946,3487]},"properties":{"kind":"mountain","scale":0.82}},{"type":"Feature","geometry":{"type":"Point","coordinates":[2967,3510]},"properties":{"kind":"mountain","scale":1.04}},{"type":"Feature","geometry":{"type":"Point","coordinates":[6269,3525]},"properties":{"kind":"mountain","scale":0.76}},{"type":"Feature","geometry":{"type":"Point","coordinates":[6291,3522]},"properties":{"kind":"mountain","scale":1.03}},{"type":"Feature","geometry":{"type":"Point","coordinates":[1504,3535]},"properties":{"kind":"mountain","scale":0.91}},{"type":"Feature","geometry":{"type":"Point","coordinates":[1529,3530]},"properties":{"kind":"mountain","scale":1.2}},{"type":"Feature","geometry":{"type":"Point","coordinates":[2995,3529]},"properties":{"kind":"mountain","scale":1.14}},{"type":"Feature","geometry":{"type":"Point","coordinates":[6315,3537]},"properties":{"kind":"mountain","scale":0.79}},{"type":"Feature","geometry":{"type":"Point","coordinates":[6194,3549]},"properties":{"kind":"mountain","scale":0.81}},{"type":"Feature","geometry":{"type":"Point","coordinates":[6237,3549]},"properties":{"kind":"mountain","scale":1.18}},{"type":"Feature","geometry":{"type":"Point","coordinates":[6271,3546]},"properties":{"kind":"mountain","scale":1.04}},{"type":"Feature","geometry":{"type":"Point","coordinates":[6327,3554]},"properties":{"kind":"mountain","scale":0.99}},{"type":"Feature","geometry":{"type":"Point","coordinates":[6349,3557]},"properties":{"kind":"mountain","scale":0.78}},{"type":"Feature","geometry":{"type":"Point","coordinates":[1501,3567]},"properties":{"kind":"mountain","scale":0.96}},{"type":"Feature","geometry":{"type":"Point","coordinates":[1528,3563]},"properties":{"kind":"mountain","scale":0.8}},{"type":"Feature","geometry":{"type":"Point","coordinates":[6158,3570]},"properties":{"kind":"mountain","scale":1.06}},{"type":"Feature","geometry":{"type":"Point","coordinates":[1516,3587]},"properties":{"kind":"mountain","scale":1.25}},{"type":"Feature","geometry":{"type":"Point","coordinates":[3012,3593]},"properties":{"kind":"mountain","scale":1.16}},{"type":"Feature","geometry":{"type":"Point","coordinates":[2274,3611]},"properties":{"kind":"mountain","scale":1.01}},{"type":"Feature","geometry":{"type":"Point","coordinates":[5511,3611]},"properties":{"kind":"mountain","scale":1.19}},{"type":"Feature","geometry":{"type":"Point","coordinates":[1514,3620]},"properties":{"kind":"mountain","scale":0.8}},{"type":"Feature","geometry":{"type":"Point","coordinates":[2309,3625]},"properties":{"kind":"mountain","scale":1.23}},{"type":"Feature","geometry":{"type":"Point","coordinates":[2340,3634]},"properties":{"kind":"mountain","scale":1.1}},{"type":"Feature","geometry":{"type":"Point","coordinates":[2858,3646]},"properties":{"kind":"mountain","scale":1.17}},{"type":"Feature","geometry":{"type":"Point","coordinates":[3274,3645]},"properties":{"kind":"mountain","scale":1.07}},{"type":"Feature","geometry":{"type":"Point","coordinates":[2374,3653]},"properties":{"kind":"mountain","scale":0.92}},{"type":"Feature","geometry":{"type":"Point","coordinates":[2390,3663]},"properties":{"kind":"mountain","scale":0.85}},{"type":"Feature","geometry":{"type":"Point","coordinates":[2809,3663]},"properties":{"kind":"mountain","scale":1.16}},{"type":"Feature","geometry":{"type":"Point","coordinates":[1683,3676]},"properties":{"kind":"mountain","scale":0.96}},{"type":"Feature","geometry":{"type":"Point","coordinates":[2839,3672]},"properties":{"kind":"mountain","scale":1.02}},{"type":"Feature","geometry":{"type":"Point","coordinates":[5871,3667]},"properties":{"kind":"mountain","scale":0.96}},{"type":"Feature","geometry":{"type":"Point","coordinates":[5894,3672]},"properties":{"kind":"mountain","scale":0.94}},{"type":"Feature","geometry":{"type":"Point","coordinates":[5917,3680]},"properties":{"kind":"mountain","scale":0.9}},{"type":"Feature","geometry":{"type":"Point","coordinates":[1664,3681]},"properties":{"kind":"mountain","scale":0.79}},{"type":"Feature","geometry":{"type":"Point","coordinates":[2386,3685]},"properties":{"kind":"mountain","scale":1.1}},{"type":"Feature","geometry":{"type":"Point","coordinates":[2808,3687]},"properties":{"kind":"mountain","scale":0.87}},{"type":"Feature","geometry":{"type":"Point","coordinates":[2864,3685]},"properties":{"kind":"mountain","scale":1.19}},{"type":"Feature","geometry":{"type":"Point","coordinates":[2887,3691]},"properties":{"kind":"mountain","scale":0.9}},{"type":"Feature","geometry":{"type":"Point","coordinates":[4569,3687]},"properties":{"kind":"mountain","scale":0.87}},{"type":"Feature","geometry":{"type":"Point","coordinates":[1399,3711]},"properties":{"kind":"mountain","scale":1.05}},{"type":"Feature","geometry":{"type":"Point","coordinates":[5635,3699]},"properties":{"kind":"mountain","scale":1.06}},{"type":"Feature","geometry":{"type":"Point","coordinates":[5661,3705]},"properties":{"kind":"mountain","scale":0.92}},{"type":"Feature","geometry":{"type":"Point","coordinates":[2999,3722]},"properties":{"kind":"mountain","scale":1.14}},{"type":"Feature","geometry":{"type":"Point","coordinates":[3029,3724]},"properties":{"kind":"mountain","scale":0.89}},{"type":"Feature","geometry":{"type":"Point","coordinates":[3072,3729]},"properties":{"kind":"mountain","scale":1.08}},{"type":"Feature","geometry":{"type":"Point","coordinates":[5501,3727]},"properties":{"kind":"mountain","scale":0.99}},{"type":"Feature","geometry":{"type":"Point","coordinates":[6497,3730]},"properties":{"kind":"mountain","scale":0.98}},{"type":"Feature","geometry":{"type":"Point","coordinates":[3034,3747]},"properties":{"kind":"mountain","scale":0.89}},{"type":"Feature","geometry":{"type":"Point","coordinates":[3109,3738]},"properties":{"kind":"mountain","scale":1.17}},{"type":"Feature","geometry":{"type":"Point","coordinates":[3138,3733]},"properties":{"kind":"mountain","scale":0.88}},{"type":"Feature","geometry":{"type":"Point","coordinates":[3166,3743]},"properties":{"kind":"mountain","scale":1.02}},{"type":"Feature","geometry":{"type":"Point","coordinates":[5475,3741]},"properties":{"kind":"mountain","scale":1.23}},{"type":"Feature","geometry":{"type":"Point","coordinates":[6051,3747]},"properties":{"kind":"mountain","scale":0.83}},{"type":"Feature","geometry":{"type":"Point","coordinates":[6424,3747]},"properties":{"kind":"mountain","scale":1.18}},{"type":"Feature","geometry":{"type":"Point","coordinates":[6465,3743]},"properties":{"kind":"mountain","scale":1.17}},{"type":"Feature","geometry":{"type":"Point","coordinates":[3077,3750]},"properties":{"kind":"mountain","scale":0.85}},{"type":"Feature","geometry":{"type":"Point","coordinates":[5514,3751]},"properties":{"kind":"mountain","scale":1.02}},{"type":"Feature","geometry":{"type":"Point","coordinates":[6074,3755]},"properties":{"kind":"mountain","scale":0.94}},{"type":"Feature","geometry":{"type":"Point","coordinates":[6400,3760]},"properties":{"kind":"mountain","scale":0.89}},{"type":"Feature","geometry":{"type":"Point","coordinates":[6538,3764]},"properties":{"kind":"mountain","scale":1.01}},{"type":"Feature","geometry":{"type":"Point","coordinates":[5533,3777]},"properties":{"kind":"mountain","scale":1.04}},{"type":"Feature","geometry":{"type":"Point","coordinates":[5561,3770]},"properties":{"kind":"mountain","scale":0.96}},{"type":"Feature","geometry":{"type":"Point","coordinates":[5783,3777]},"properties":{"kind":"mountain","scale":0.84}},{"type":"Feature","geometry":{"type":"Point","coordinates":[6037,3773]},"properties":{"kind":"mountain","scale":0.91}},{"type":"Feature","geometry":{"type":"Point","coordinates":[6063,3772]},"properties":{"kind":"mountain","scale":0.94}},{"type":"Feature","geometry":{"type":"Point","coordinates":[6097,3772]},"properties":{"kind":"mountain","scale":1.17}},{"type":"Feature","geometry":{"type":"Point","coordinates":[6136,3779]},"properties":{"kind":"mountain","scale":1.07}},{"type":"Feature","geometry":{"type":"Point","coordinates":[6179,3780]},"properties":{"kind":"mountain","scale":1.03}},{"type":"Feature","geometry":{"type":"Point","coordinates":[6361,3776]},"properties":{"kind":"mountain","scale":1.03}},{"type":"Feature","geometry":{"type":"Point","coordinates":[6558,3778]},"properties":{"kind":"mountain","scale":0.92}},{"type":"Feature","geometry":{"type":"Point","coordinates":[4578,3787]},"properties":{"kind":"mountain","scale":1.06}},{"type":"Feature","geometry":{"type":"Point","coordinates":[5574,3793]},"properties":{"kind":"mountain","scale":1.12}},{"type":"Feature","geometry":{"type":"Point","coordinates":[5598,3791]},"properties":{"kind":"mountain","scale":1.04}},{"type":"Feature","geometry":{"type":"Point","coordinates":[5715,3791]},"properties":{"kind":"mountain","scale":0.93}},{"type":"Feature","geometry":{"type":"Point","coordinates":[6210,3794]},"properties":{"kind":"mountain","scale":0.94}},{"type":"Feature","geometry":{"type":"Point","coordinates":[6242,3793]},"properties":{"kind":"mountain","scale":0.9}},{"type":"Feature","geometry":{"type":"Point","coordinates":[6276,3783]},"properties":{"kind":"mountain","scale":1}},{"type":"Feature","geometry":{"type":"Point","coordinates":[6300,3798]},"properties":{"kind":"mountain","scale":1.19}},{"type":"Feature","geometry":{"type":"Point","coordinates":[6324,3794]},"properties":{"kind":"mountain","scale":0.98}},{"type":"Feature","geometry":{"type":"Point","coordinates":[6348,3795]},"properties":{"kind":"mountain","scale":0.86}},{"type":"Feature","geometry":{"type":"Point","coordinates":[6379,3793]},"properties":{"kind":"mountain","scale":1.01}},{"type":"Feature","geometry":{"type":"Point","coordinates":[4579,3813]},"properties":{"kind":"mountain","scale":1.23}},{"type":"Feature","geometry":{"type":"Point","coordinates":[5617,3806]},"properties":{"kind":"mountain","scale":0.93}},{"type":"Feature","geometry":{"type":"Point","coordinates":[5693,3812]},"properties":{"kind":"mountain","scale":0.75}},{"type":"Feature","geometry":{"type":"Point","coordinates":[5716,3816]},"properties":{"kind":"mountain","scale":1.04}},{"type":"Feature","geometry":{"type":"Point","coordinates":[6177,3806]},"properties":{"kind":"mountain","scale":0.97}},{"type":"Feature","geometry":{"type":"Point","coordinates":[5696,3833]},"properties":{"kind":"mountain","scale":0.91}},{"type":"Feature","geometry":{"type":"Point","coordinates":[4555,3841]},"properties":{"kind":"mountain","scale":1.01}},{"type":"Feature","geometry":{"type":"Point","coordinates":[5658,3841]},"properties":{"kind":"mountain","scale":0.96}},{"type":"Feature","geometry":{"type":"Point","coordinates":[3186,3862]},"properties":{"kind":"mountain","scale":0.84}},{"type":"Feature","geometry":{"type":"Point","coordinates":[3259,3861]},"properties":{"kind":"mountain","scale":0.91}},{"type":"Feature","geometry":{"type":"Point","coordinates":[5634,3853]},"properties":{"kind":"mountain","scale":0.85}},{"type":"Feature","geometry":{"type":"Point","coordinates":[5679,3857]},"properties":{"kind":"mountain","scale":0.76}},{"type":"Feature","geometry":{"type":"Point","coordinates":[3271,3880]},"properties":{"kind":"mountain","scale":1.12}},{"type":"Feature","geometry":{"type":"Point","coordinates":[4525,3883]},"properties":{"kind":"mountain","scale":0.79}},{"type":"Feature","geometry":{"type":"Point","coordinates":[5611,3884]},"properties":{"kind":"mountain","scale":0.96}},{"type":"Feature","geometry":{"type":"Point","coordinates":[5638,3878]},"properties":{"kind":"mountain","scale":0.97}},{"type":"Feature","geometry":{"type":"Point","coordinates":[2351,3899]},"properties":{"kind":"mountain","scale":0.92}},{"type":"Feature","geometry":{"type":"Point","coordinates":[2380,3893]},"properties":{"kind":"mountain","scale":0.95}},{"type":"Feature","geometry":{"type":"Point","coordinates":[3115,3893]},"properties":{"kind":"mountain","scale":1.14}},{"type":"Feature","geometry":{"type":"Point","coordinates":[4496,3892]},"properties":{"kind":"mountain","scale":0.8}},{"type":"Feature","geometry":{"type":"Point","coordinates":[5624,3899]},"properties":{"kind":"mountain","scale":0.8}},{"type":"Feature","geometry":{"type":"Point","coordinates":[5662,3891]},"properties":{"kind":"mountain","scale":1.22}},{"type":"Feature","geometry":{"type":"Point","coordinates":[6396,3896]},"properties":{"kind":"mountain","scale":1.19}},{"type":"Feature","geometry":{"type":"Point","coordinates":[6424,3898]},"properties":{"kind":"mountain","scale":1.2}},{"type":"Feature","geometry":{"type":"Point","coordinates":[2679,3909]},"properties":{"kind":"mountain","scale":1.05}},{"type":"Feature","geometry":{"type":"Point","coordinates":[3167,3903]},"properties":{"kind":"mountain","scale":1.03}},{"type":"Feature","geometry":{"type":"Point","coordinates":[3201,3916]},"properties":{"kind":"mountain","scale":1.24}},{"type":"Feature","geometry":{"type":"Point","coordinates":[5593,3906]},"properties":{"kind":"mountain","scale":0.9}},{"type":"Feature","geometry":{"type":"Point","coordinates":[2675,3933]},"properties":{"kind":"mountain","scale":1.07}},{"type":"Feature","geometry":{"type":"Point","coordinates":[5606,3919]},"properties":{"kind":"mountain","scale":0.78}},{"type":"Feature","geometry":{"type":"Point","coordinates":[5623,3932]},"properties":{"kind":"mountain","scale":0.82}},{"type":"Feature","geometry":{"type":"Point","coordinates":[6353,3927]},"properties":{"kind":"mountain","scale":1.07}},{"type":"Feature","geometry":{"type":"Point","coordinates":[3217,3944]},"properties":{"kind":"mountain","scale":1.04}},{"type":"Feature","geometry":{"type":"Point","coordinates":[3237,3948]},"properties":{"kind":"mountain","scale":0.77}},{"type":"Feature","geometry":{"type":"Point","coordinates":[5604,3936]},"properties":{"kind":"mountain","scale":0.76}},{"type":"Feature","geometry":{"type":"Point","coordinates":[1908,3964]},"properties":{"kind":"mountain","scale":0.76}},{"type":"Feature","geometry":{"type":"Point","coordinates":[2145,3969]},"properties":{"kind":"mountain","scale":0.78}},{"type":"Feature","geometry":{"type":"Point","coordinates":[2663,3957]},"properties":{"kind":"mountain","scale":0.76}},{"type":"Feature","geometry":{"type":"Point","coordinates":[3222,3967]},"properties":{"kind":"mountain","scale":0.99}},{"type":"Feature","geometry":{"type":"Point","coordinates":[2661,3982]},"properties":{"kind":"mountain","scale":0.82}},{"type":"Feature","geometry":{"type":"Point","coordinates":[3196,3973]},"properties":{"kind":"mountain","scale":0.77}},{"type":"Feature","geometry":{"type":"Point","coordinates":[3233,3985]},"properties":{"kind":"mountain","scale":0.98}},{"type":"Feature","geometry":{"type":"Point","coordinates":[2669,4000]},"properties":{"kind":"mountain","scale":0.85}},{"type":"Feature","geometry":{"type":"Point","coordinates":[3258,4002]},"properties":{"kind":"mountain","scale":0.76}},{"type":"Feature","geometry":{"type":"Point","coordinates":[1801,4008]},"properties":{"kind":"mountain","scale":1.09}},{"type":"Feature","geometry":{"type":"Point","coordinates":[1841,4019]},"properties":{"kind":"mountain","scale":1.18}},{"type":"Feature","geometry":{"type":"Point","coordinates":[2641,4016]},"properties":{"kind":"mountain","scale":0.85}},{"type":"Feature","geometry":{"type":"Point","coordinates":[3225,4005]},"properties":{"kind":"mountain","scale":0.9}},{"type":"Feature","geometry":{"type":"Point","coordinates":[5630,4012]},"properties":{"kind":"mountain","scale":1.1}},{"type":"Feature","geometry":{"type":"Point","coordinates":[5667,4020]},"properties":{"kind":"mountain","scale":1.01}},{"type":"Feature","geometry":{"type":"Point","coordinates":[3213,4032]},"properties":{"kind":"mountain","scale":1.1}},{"type":"Feature","geometry":{"type":"Point","coordinates":[3243,4033]},"properties":{"kind":"mountain","scale":0.8}},{"type":"Feature","geometry":{"type":"Point","coordinates":[3261,4022]},"properties":{"kind":"mountain","scale":0.8}},{"type":"Feature","geometry":{"type":"Point","coordinates":[5696,4024]},"properties":{"kind":"mountain","scale":1.24}},{"type":"Feature","geometry":{"type":"Point","coordinates":[1177,4043]},"properties":{"kind":"mountain","scale":1.04}},{"type":"Feature","geometry":{"type":"Point","coordinates":[1203,4041]},"properties":{"kind":"mountain","scale":0.76}},{"type":"Feature","geometry":{"type":"Point","coordinates":[1268,4048]},"properties":{"kind":"mountain","scale":0.75}},{"type":"Feature","geometry":{"type":"Point","coordinates":[1878,4050]},"properties":{"kind":"mountain","scale":1.18}},{"type":"Feature","geometry":{"type":"Point","coordinates":[2619,4042]},"properties":{"kind":"mountain","scale":0.99}},{"type":"Feature","geometry":{"type":"Point","coordinates":[3274,4044]},"properties":{"kind":"mountain","scale":1.22}},{"type":"Feature","geometry":{"type":"Point","coordinates":[5640,4046]},"properties":{"kind":"mountain","scale":1.04}},{"type":"Feature","geometry":{"type":"Point","coordinates":[5677,4040]},"properties":{"kind":"mountain","scale":0.86}},{"type":"Feature","geometry":{"type":"Point","coordinates":[2617,4067]},"properties":{"kind":"mountain","scale":0.98}},{"type":"Feature","geometry":{"type":"Point","coordinates":[5668,4068]},"properties":{"kind":"mountain","scale":0.82}},{"type":"Feature","geometry":{"type":"Point","coordinates":[5693,4056]},"properties":{"kind":"mountain","scale":0.87}},{"type":"Feature","geometry":{"type":"Point","coordinates":[1896,4079]},"properties":{"kind":"mountain","scale":1.19}},{"type":"Feature","geometry":{"type":"Point","coordinates":[2528,4087]},"properties":{"kind":"mountain","scale":0.85}},{"type":"Feature","geometry":{"type":"Point","coordinates":[5639,4088]},"properties":{"kind":"mountain","scale":0.86}},{"type":"Feature","geometry":{"type":"Point","coordinates":[5685,4088]},"properties":{"kind":"mountain","scale":0.76}},{"type":"Feature","geometry":{"type":"Point","coordinates":[5719,4081]},"properties":{"kind":"mountain","scale":1.07}},{"type":"Feature","geometry":{"type":"Point","coordinates":[1934,4094]},"properties":{"kind":"mountain","scale":1.03}},{"type":"Feature","geometry":{"type":"Point","coordinates":[2501,4103]},"properties":{"kind":"mountain","scale":0.77}},{"type":"Feature","geometry":{"type":"Point","coordinates":[2540,4105]},"properties":{"kind":"mountain","scale":0.92}},{"type":"Feature","geometry":{"type":"Point","coordinates":[5649,4104]},"properties":{"kind":"mountain","scale":0.77}},{"type":"Feature","geometry":{"type":"Point","coordinates":[2496,4122]},"properties":{"kind":"mountain","scale":0.83}},{"type":"Feature","geometry":{"type":"Point","coordinates":[2516,4121]},"properties":{"kind":"mountain","scale":0.81}},{"type":"Feature","geometry":{"type":"Point","coordinates":[3017,4113]},"properties":{"kind":"mountain","scale":0.92}},{"type":"Feature","geometry":{"type":"Point","coordinates":[5682,4115]},"properties":{"kind":"mountain","scale":0.8}},{"type":"Feature","geometry":{"type":"Point","coordinates":[5714,4112]},"properties":{"kind":"mountain","scale":0.86}},{"type":"Feature","geometry":{"type":"Point","coordinates":[1942,4127]},"properties":{"kind":"mountain","scale":1}},{"type":"Feature","geometry":{"type":"Point","coordinates":[1973,4130]},"properties":{"kind":"mountain","scale":1.02}},{"type":"Feature","geometry":{"type":"Point","coordinates":[2418,4137]},"properties":{"kind":"mountain","scale":1.14}},{"type":"Feature","geometry":{"type":"Point","coordinates":[2444,4137]},"properties":{"kind":"mountain","scale":1.1}},{"type":"Feature","geometry":{"type":"Point","coordinates":[2519,4139]},"properties":{"kind":"mountain","scale":0.87}},{"type":"Feature","geometry":{"type":"Point","coordinates":[2545,4126]},"properties":{"kind":"mountain","scale":0.97}},{"type":"Feature","geometry":{"type":"Point","coordinates":[5666,4136]},"properties":{"kind":"mountain","scale":1.16}},{"type":"Feature","geometry":{"type":"Point","coordinates":[5700,4131]},"properties":{"kind":"mountain","scale":0.88}},{"type":"Feature","geometry":{"type":"Point","coordinates":[2470,4146]},"properties":{"kind":"mountain","scale":1.07}},{"type":"Feature","geometry":{"type":"Point","coordinates":[2494,4148]},"properties":{"kind":"mountain","scale":0.81}},{"type":"Feature","geometry":{"type":"Point","coordinates":[2552,4149]},"properties":{"kind":"mountain","scale":0.98}},{"type":"Feature","geometry":{"type":"Point","coordinates":[2004,4170]},"properties":{"kind":"mountain","scale":0.75}},{"type":"Feature","geometry":{"type":"Point","coordinates":[2517,4158]},"properties":{"kind":"mountain","scale":0.92}},{"type":"Feature","geometry":{"type":"Point","coordinates":[5669,4164]},"properties":{"kind":"mountain","scale":1.22}},{"type":"Feature","geometry":{"type":"Point","coordinates":[2567,4179]},"properties":{"kind":"mountain","scale":0.84}},{"type":"Feature","geometry":{"type":"Point","coordinates":[5651,4182]},"properties":{"kind":"mountain","scale":0.93}},{"type":"Feature","geometry":{"type":"Point","coordinates":[1996,4203]},"properties":{"kind":"mountain","scale":1.13}},{"type":"Feature","geometry":{"type":"Point","coordinates":[3308,4206]},"properties":{"kind":"mountain","scale":0.85}},{"type":"Feature","geometry":{"type":"Point","coordinates":[5628,4200]},"properties":{"kind":"mountain","scale":0.85}},{"type":"Feature","geometry":{"type":"Point","coordinates":[5658,4206]},"properties":{"kind":"mountain","scale":0.95}},{"type":"Feature","geometry":{"type":"Point","coordinates":[5612,4219]},"properties":{"kind":"mountain","scale":1.16}},{"type":"Feature","geometry":{"type":"Point","coordinates":[5648,4224]},"properties":{"kind":"mountain","scale":0.8}},{"type":"Feature","geometry":{"type":"Point","coordinates":[1951,4236]},"properties":{"kind":"mountain","scale":1.21}},{"type":"Feature","geometry":{"type":"Point","coordinates":[1910,4249]},"properties":{"kind":"mountain","scale":0.92}},{"type":"Feature","geometry":{"type":"Point","coordinates":[1929,4252]},"properties":{"kind":"mountain","scale":0.92}},{"type":"Feature","geometry":{"type":"Point","coordinates":[5630,4244]},"properties":{"kind":"mountain","scale":0.93}},{"type":"Feature","geometry":{"type":"Point","coordinates":[1935,4273]},"properties":{"kind":"mountain","scale":0.87}},{"type":"Feature","geometry":{"type":"Point","coordinates":[1907,4277]},"properties":{"kind":"mountain","scale":1}},{"type":"Feature","geometry":{"type":"Point","coordinates":[1876,4301]},"properties":{"kind":"mountain","scale":0.89}},{"type":"Feature","geometry":{"type":"Point","coordinates":[1900,4303]},"properties":{"kind":"mountain","scale":1.19}},{"type":"Feature","geometry":{"type":"Point","coordinates":[1923,4296]},"properties":{"kind":"mountain","scale":0.97}},{"type":"Feature","geometry":{"type":"Point","coordinates":[4706,938]},"properties":{"kind":"mountain","scale":0.88}},{"type":"Feature","geometry":{"type":"Point","coordinates":[6707,975]},"properties":{"kind":"mountain","scale":1.07}},{"type":"Feature","geometry":{"type":"Point","coordinates":[4872,1148]},"properties":{"kind":"mountain","scale":1.16}},{"type":"Feature","geometry":{"type":"Point","coordinates":[6916,1217]},"properties":{"kind":"mountain","scale":0.92}},{"type":"Feature","geometry":{"type":"Point","coordinates":[7125,1316]},"properties":{"kind":"mountain","scale":1.02}},{"type":"Feature","geometry":{"type":"Point","coordinates":[6983,1639]},"properties":{"kind":"mountain","scale":0.92}},{"type":"Feature","geometry":{"type":"Point","coordinates":[3910,1723]},"properties":{"kind":"mountain","scale":0.8}},{"type":"Feature","geometry":{"type":"Point","coordinates":[4106,1795]},"properties":{"kind":"mountain","scale":1.23}},{"type":"Feature","geometry":{"type":"Point","coordinates":[5398,1800]},"properties":{"kind":"mountain","scale":0.92}},{"type":"Feature","geometry":{"type":"Point","coordinates":[7345,2132]},"properties":{"kind":"mountain","scale":0.82}},{"type":"Feature","geometry":{"type":"Point","coordinates":[7170,2162]},"properties":{"kind":"mountain","scale":1.18}},{"type":"Feature","geometry":{"type":"Point","coordinates":[5382,2250]},"properties":{"kind":"mountain","scale":0.81}},{"type":"Feature","geometry":{"type":"Point","coordinates":[5186,2408]},"properties":{"kind":"mountain","scale":0.76}},{"type":"Feature","geometry":{"type":"Point","coordinates":[5244,2408]},"properties":{"kind":"mountain","scale":0.92}},{"type":"Feature","geometry":{"type":"Point","coordinates":[5488,2411]},"properties":{"kind":"mountain","scale":1.07}},{"type":"Feature","geometry":{"type":"Point","coordinates":[7534,2652]},"properties":{"kind":"mountain","scale":0.99}},{"type":"Feature","geometry":{"type":"Point","coordinates":[6515,2897]},"properties":{"kind":"mountain","scale":1.13}},{"type":"Feature","geometry":{"type":"Point","coordinates":[7825,3069]},"properties":{"kind":"mountain","scale":0.93}},{"type":"Feature","geometry":{"type":"Point","coordinates":[7501,3350]},"properties":{"kind":"mountain","scale":0.81}},{"type":"Feature","geometry":{"type":"Point","coordinates":[5467,3409]},"properties":{"kind":"mountain","scale":0.77}},{"type":"Feature","geometry":{"type":"Point","coordinates":[7624,3451]},"properties":{"kind":"mountain","scale":0.79}},{"type":"Feature","geometry":{"type":"Point","coordinates":[1868,3513]},"properties":{"kind":"mountain","scale":0.87}},{"type":"Feature","geometry":{"type":"Point","coordinates":[5696,3546]},"properties":{"kind":"mountain","scale":1.03}},{"type":"Feature","geometry":{"type":"Point","coordinates":[2962,4131]},"properties":{"kind":"mountain","scale":0.99}},{"type":"Feature","geometry":{"type":"Point","coordinates":[3249,4122]},"properties":{"kind":"mountain","scale":0.96}},{"type":"Feature","geometry":{"type":"Point","coordinates":[5738,763]},"properties":{"kind":"mountain","scale":0.51}},{"type":"Feature","geometry":{"type":"Point","coordinates":[7102,778]},"properties":{"kind":"mountain","scale":0.44}},{"type":"Feature","geometry":{"type":"Point","coordinates":[5694,795]},"properties":{"kind":"mountain","scale":0.47}},{"type":"Feature","geometry":{"type":"Point","coordinates":[6864,845]},"properties":{"kind":"mountain","scale":0.5}},{"type":"Feature","geometry":{"type":"Point","coordinates":[5679,859]},"properties":{"kind":"mountain","scale":0.41}},{"type":"Feature","geometry":{"type":"Point","coordinates":[6742,890]},"properties":{"kind":"mountain","scale":0.38}},{"type":"Feature","geometry":{"type":"Point","coordinates":[6744,909]},"properties":{"kind":"mountain","scale":0.56}},{"type":"Feature","geometry":{"type":"Point","coordinates":[4476,973]},"properties":{"kind":"mountain","scale":0.41}},{"type":"Feature","geometry":{"type":"Point","coordinates":[4482,964]},"properties":{"kind":"mountain","scale":0.47}},{"type":"Feature","geometry":{"type":"Point","coordinates":[6974,967]},"properties":{"kind":"mountain","scale":0.42}},{"type":"Feature","geometry":{"type":"Point","coordinates":[6735,981]},"properties":{"kind":"mountain","scale":0.5}},{"type":"Feature","geometry":{"type":"Point","coordinates":[4759,1033]},"properties":{"kind":"mountain","scale":0.4}},{"type":"Feature","geometry":{"type":"Point","coordinates":[4780,1041]},"properties":{"kind":"mountain","scale":0.55}},{"type":"Feature","geometry":{"type":"Point","coordinates":[4801,1042]},"properties":{"kind":"mountain","scale":0.54}},{"type":"Feature","geometry":{"type":"Point","coordinates":[5881,1040]},"properties":{"kind":"mountain","scale":0.41}},{"type":"Feature","geometry":{"type":"Point","coordinates":[4744,1055]},"properties":{"kind":"mountain","scale":0.43}},{"type":"Feature","geometry":{"type":"Point","coordinates":[4829,1046]},"properties":{"kind":"mountain","scale":0.34}},{"type":"Feature","geometry":{"type":"Point","coordinates":[6787,1062]},"properties":{"kind":"mountain","scale":0.56}},{"type":"Feature","geometry":{"type":"Point","coordinates":[5363,1073]},"properties":{"kind":"mountain","scale":0.54}},{"type":"Feature","geometry":{"type":"Point","coordinates":[6893,1074]},"properties":{"kind":"mountain","scale":0.36}},{"type":"Feature","geometry":{"type":"Point","coordinates":[6905,1076]},"properties":{"kind":"mountain","scale":0.45}},{"type":"Feature","geometry":{"type":"Point","coordinates":[6921,1076]},"properties":{"kind":"mountain","scale":0.55}},{"type":"Feature","geometry":{"type":"Point","coordinates":[4727,1090]},"properties":{"kind":"mountain","scale":0.44}},{"type":"Feature","geometry":{"type":"Point","coordinates":[4739,1091]},"properties":{"kind":"mountain","scale":0.43}},{"type":"Feature","geometry":{"type":"Point","coordinates":[5185,1098]},"properties":{"kind":"mountain","scale":0.43}},{"type":"Feature","geometry":{"type":"Point","coordinates":[5268,1115]},"properties":{"kind":"mountain","scale":0.46}},{"type":"Feature","geometry":{"type":"Point","coordinates":[4987,1137]},"properties":{"kind":"mountain","scale":0.52}},{"type":"Feature","geometry":{"type":"Point","coordinates":[4714,1150]},"properties":{"kind":"mountain","scale":0.4}},{"type":"Feature","geometry":{"type":"Point","coordinates":[6686,1164]},"properties":{"kind":"mountain","scale":0.44}},{"type":"Feature","geometry":{"type":"Point","coordinates":[6656,1175]},"properties":{"kind":"mountain","scale":0.36}},{"type":"Feature","geometry":{"type":"Point","coordinates":[5362,1187]},"properties":{"kind":"mountain","scale":0.48}},{"type":"Feature","geometry":{"type":"Point","coordinates":[9437,1213]},"properties":{"kind":"mountain","scale":0.54}},{"type":"Feature","geometry":{"type":"Point","coordinates":[6676,1222]},"properties":{"kind":"mountain","scale":0.38}},{"type":"Feature","geometry":{"type":"Point","coordinates":[6693,1229]},"properties":{"kind":"mountain","scale":0.56}},{"type":"Feature","geometry":{"type":"Point","coordinates":[9523,1221]},"properties":{"kind":"mountain","scale":0.34}},{"type":"Feature","geometry":{"type":"Point","coordinates":[6558,1244]},"properties":{"kind":"mountain","scale":0.4}},{"type":"Feature","geometry":{"type":"Point","coordinates":[6641,1248]},"properties":{"kind":"mountain","scale":0.56}},{"type":"Feature","geometry":{"type":"Point","coordinates":[9361,1248]},"properties":{"kind":"mountain","scale":0.56}},{"type":"Feature","geometry":{"type":"Point","coordinates":[6614,1276]},"properties":{"kind":"mountain","scale":0.53}},{"type":"Feature","geometry":{"type":"Point","coordinates":[9498,1267]},"properties":{"kind":"mountain","scale":0.45}},{"type":"Feature","geometry":{"type":"Point","coordinates":[5060,1295]},"properties":{"kind":"mountain","scale":0.51}},{"type":"Feature","geometry":{"type":"Point","coordinates":[9505,1291]},"properties":{"kind":"mountain","scale":0.53}},{"type":"Feature","geometry":{"type":"Point","coordinates":[5043,1316]},"properties":{"kind":"mountain","scale":0.43}},{"type":"Feature","geometry":{"type":"Point","coordinates":[5057,1318]},"properties":{"kind":"mountain","scale":0.36}},{"type":"Feature","geometry":{"type":"Point","coordinates":[9466,1333]},"properties":{"kind":"mountain","scale":0.39}},{"type":"Feature","geometry":{"type":"Point","coordinates":[9482,1326]},"properties":{"kind":"mountain","scale":0.51}},{"type":"Feature","geometry":{"type":"Point","coordinates":[4945,1342]},"properties":{"kind":"mountain","scale":0.43}},{"type":"Feature","geometry":{"type":"Point","coordinates":[2929,1365]},"properties":{"kind":"mountain","scale":0.52}},{"type":"Feature","geometry":{"type":"Point","coordinates":[9495,1355]},"properties":{"kind":"mountain","scale":0.44}},{"type":"Feature","geometry":{"type":"Point","coordinates":[6681,1379]},"properties":{"kind":"mountain","scale":0.45}},{"type":"Feature","geometry":{"type":"Point","coordinates":[9424,1381]},"properties":{"kind":"mountain","scale":0.46}},{"type":"Feature","geometry":{"type":"Point","coordinates":[6576,1390]},"properties":{"kind":"mountain","scale":0.37}},{"type":"Feature","geometry":{"type":"Point","coordinates":[6676,1399]},"properties":{"kind":"mountain","scale":0.45}},{"type":"Feature","geometry":{"type":"Point","coordinates":[9453,1388]},"properties":{"kind":"mountain","scale":0.35}},{"type":"Feature","geometry":{"type":"Point","coordinates":[2985,1435]},"properties":{"kind":"mountain","scale":0.54}},{"type":"Feature","geometry":{"type":"Point","coordinates":[6970,1436]},"properties":{"kind":"mountain","scale":0.43}},{"type":"Feature","geometry":{"type":"Point","coordinates":[7033,1433]},"properties":{"kind":"mountain","scale":0.35}},{"type":"Feature","geometry":{"type":"Point","coordinates":[6515,1466]},"properties":{"kind":"mountain","scale":0.36}},{"type":"Feature","geometry":{"type":"Point","coordinates":[3017,1483]},"properties":{"kind":"mountain","scale":0.44}},{"type":"Feature","geometry":{"type":"Point","coordinates":[5652,1479]},"properties":{"kind":"mountain","scale":0.37}},{"type":"Feature","geometry":{"type":"Point","coordinates":[6853,1473]},"properties":{"kind":"mountain","scale":0.34}},{"type":"Feature","geometry":{"type":"Point","coordinates":[6862,1483]},"properties":{"kind":"mountain","scale":0.49}},{"type":"Feature","geometry":{"type":"Point","coordinates":[6574,1490]},"properties":{"kind":"mountain","scale":0.35}},{"type":"Feature","geometry":{"type":"Point","coordinates":[8943,1527]},"properties":{"kind":"mountain","scale":0.54}},{"type":"Feature","geometry":{"type":"Point","coordinates":[2959,1542]},"properties":{"kind":"mountain","scale":0.47}},{"type":"Feature","geometry":{"type":"Point","coordinates":[2977,1546]},"properties":{"kind":"mountain","scale":0.53}},{"type":"Feature","geometry":{"type":"Point","coordinates":[3056,1560]},"properties":{"kind":"mountain","scale":0.38}},{"type":"Feature","geometry":{"type":"Point","coordinates":[3102,1605]},"properties":{"kind":"mountain","scale":0.53}},{"type":"Feature","geometry":{"type":"Point","coordinates":[5167,1593]},"properties":{"kind":"mountain","scale":0.47}},{"type":"Feature","geometry":{"type":"Point","coordinates":[3119,1617]},"properties":{"kind":"mountain","scale":0.46}},{"type":"Feature","geometry":{"type":"Point","coordinates":[3031,1638]},"properties":{"kind":"mountain","scale":0.37}},{"type":"Feature","geometry":{"type":"Point","coordinates":[3128,1625]},"properties":{"kind":"mountain","scale":0.41}},{"type":"Feature","geometry":{"type":"Point","coordinates":[3040,1652]},"properties":{"kind":"mountain","scale":0.42}},{"type":"Feature","geometry":{"type":"Point","coordinates":[3133,1652]},"properties":{"kind":"mountain","scale":0.49}},{"type":"Feature","geometry":{"type":"Point","coordinates":[6975,1661]},"properties":{"kind":"mountain","scale":0.45}},{"type":"Feature","geometry":{"type":"Point","coordinates":[3148,1675]},"properties":{"kind":"mountain","scale":0.39}},{"type":"Feature","geometry":{"type":"Point","coordinates":[3871,1742]},"properties":{"kind":"mountain","scale":0.42}},{"type":"Feature","geometry":{"type":"Point","coordinates":[3906,1739]},"properties":{"kind":"mountain","scale":0.36}},{"type":"Feature","geometry":{"type":"Point","coordinates":[3939,1735]},"properties":{"kind":"mountain","scale":0.42}},{"type":"Feature","geometry":{"type":"Point","coordinates":[3964,1729]},"properties":{"kind":"mountain","scale":0.37}},{"type":"Feature","geometry":{"type":"Point","coordinates":[4018,1726]},"properties":{"kind":"mountain","scale":0.52}},{"type":"Feature","geometry":{"type":"Point","coordinates":[4047,1732]},"properties":{"kind":"mountain","scale":0.37}},{"type":"Feature","geometry":{"type":"Point","coordinates":[4065,1728]},"properties":{"kind":"mountain","scale":0.42}},{"type":"Feature","geometry":{"type":"Point","coordinates":[4084,1730]},"properties":{"kind":"mountain","scale":0.44}},{"type":"Feature","geometry":{"type":"Point","coordinates":[3878,1748]},"properties":{"kind":"mountain","scale":0.41}},{"type":"Feature","geometry":{"type":"Point","coordinates":[5377,1775]},"properties":{"kind":"mountain","scale":0.36}},{"type":"Feature","geometry":{"type":"Point","coordinates":[3953,1785]},"properties":{"kind":"mountain","scale":0.48}},{"type":"Feature","geometry":{"type":"Point","coordinates":[3987,1785]},"properties":{"kind":"mountain","scale":0.51}},{"type":"Feature","geometry":{"type":"Point","coordinates":[4014,1788]},"properties":{"kind":"mountain","scale":0.53}},{"type":"Feature","geometry":{"type":"Point","coordinates":[4188,1777]},"properties":{"kind":"mountain","scale":0.56}},{"type":"Feature","geometry":{"type":"Point","coordinates":[4194,1788]},"properties":{"kind":"mountain","scale":0.37}},{"type":"Feature","geometry":{"type":"Point","coordinates":[5410,1815]},"properties":{"kind":"mountain","scale":0.41}},{"type":"Feature","geometry":{"type":"Point","coordinates":[3363,2076]},"properties":{"kind":"mountain","scale":0.39}},{"type":"Feature","geometry":{"type":"Point","coordinates":[3364,2099]},"properties":{"kind":"mountain","scale":0.43}},{"type":"Feature","geometry":{"type":"Point","coordinates":[3470,2099]},"properties":{"kind":"mountain","scale":0.38}},{"type":"Feature","geometry":{"type":"Point","coordinates":[6670,2096]},"properties":{"kind":"mountain","scale":0.38}},{"type":"Feature","geometry":{"type":"Point","coordinates":[3380,2101]},"properties":{"kind":"mountain","scale":0.43}},{"type":"Feature","geometry":{"type":"Point","coordinates":[5035,2111]},"properties":{"kind":"mountain","scale":0.47}},{"type":"Feature","geometry":{"type":"Point","coordinates":[6657,2101]},"properties":{"kind":"mountain","scale":0.51}},{"type":"Feature","geometry":{"type":"Point","coordinates":[6682,2104]},"properties":{"kind":"mountain","scale":0.35}},{"type":"Feature","geometry":{"type":"Point","coordinates":[3376,2117]},"properties":{"kind":"mountain","scale":0.42}},{"type":"Feature","geometry":{"type":"Point","coordinates":[3407,2131]},"properties":{"kind":"mountain","scale":0.52}},{"type":"Feature","geometry":{"type":"Point","coordinates":[5038,2121]},"properties":{"kind":"mountain","scale":0.37}},{"type":"Feature","geometry":{"type":"Point","coordinates":[6689,2123]},"properties":{"kind":"mountain","scale":0.46}},{"type":"Feature","geometry":{"type":"Point","coordinates":[5169,2138]},"properties":{"kind":"mountain","scale":0.4}},{"type":"Feature","geometry":{"type":"Point","coordinates":[6726,2142]},"properties":{"kind":"mountain","scale":0.42}},{"type":"Feature","geometry":{"type":"Point","coordinates":[6766,2150]},"properties":{"kind":"mountain","scale":0.42}},{"type":"Feature","geometry":{"type":"Point","coordinates":[7258,2144]},"properties":{"kind":"mountain","scale":0.51}},{"type":"Feature","geometry":{"type":"Point","coordinates":[7281,2150]},"properties":{"kind":"mountain","scale":0.38}},{"type":"Feature","geometry":{"type":"Point","coordinates":[7303,2139]},"properties":{"kind":"mountain","scale":0.34}},{"type":"Feature","geometry":{"type":"Point","coordinates":[7333,2146]},"properties":{"kind":"mountain","scale":0.43}},{"type":"Feature","geometry":{"type":"Point","coordinates":[7350,2147]},"properties":{"kind":"mountain","scale":0.47}},{"type":"Feature","geometry":{"type":"Point","coordinates":[3513,2165]},"properties":{"kind":"mountain","scale":0.45}},{"type":"Feature","geometry":{"type":"Point","coordinates":[5170,2162]},"properties":{"kind":"mountain","scale":0.49}},{"type":"Feature","geometry":{"type":"Point","coordinates":[3603,2174]},"properties":{"kind":"mountain","scale":0.47}},{"type":"Feature","geometry":{"type":"Point","coordinates":[5180,2174]},"properties":{"kind":"mountain","scale":0.41}},{"type":"Feature","geometry":{"type":"Point","coordinates":[5400,2248]},"properties":{"kind":"mountain","scale":0.52}},{"type":"Feature","geometry":{"type":"Point","coordinates":[5431,2242]},"properties":{"kind":"mountain","scale":0.39}},{"type":"Feature","geometry":{"type":"Point","coordinates":[5462,2248]},"properties":{"kind":"mountain","scale":0.37}},{"type":"Feature","geometry":{"type":"Point","coordinates":[5512,2264]},"properties":{"kind":"mountain","scale":0.46}},{"type":"Feature","geometry":{"type":"Point","coordinates":[3762,2283]},"properties":{"kind":"mountain","scale":0.42}},{"type":"Feature","geometry":{"type":"Point","coordinates":[3772,2293]},"properties":{"kind":"mountain","scale":0.4}},{"type":"Feature","geometry":{"type":"Point","coordinates":[5059,2316]},"properties":{"kind":"mountain","scale":0.39}},{"type":"Feature","geometry":{"type":"Point","coordinates":[3762,2323]},"properties":{"kind":"mountain","scale":0.5}},{"type":"Feature","geometry":{"type":"Point","coordinates":[3762,2343]},"properties":{"kind":"mountain","scale":0.37}},{"type":"Feature","geometry":{"type":"Point","coordinates":[5320,2354]},"properties":{"kind":"mountain","scale":0.47}},{"type":"Feature","geometry":{"type":"Point","coordinates":[5352,2348]},"properties":{"kind":"mountain","scale":0.41}},{"type":"Feature","geometry":{"type":"Point","coordinates":[5550,2382]},"properties":{"kind":"mountain","scale":0.52}},{"type":"Feature","geometry":{"type":"Point","coordinates":[5081,2399]},"properties":{"kind":"mountain","scale":0.4}},{"type":"Feature","geometry":{"type":"Point","coordinates":[5161,2402]},"properties":{"kind":"mountain","scale":0.56}},{"type":"Feature","geometry":{"type":"Point","coordinates":[5199,2399]},"properties":{"kind":"mountain","scale":0.43}},{"type":"Feature","geometry":{"type":"Point","coordinates":[5225,2397]},"properties":{"kind":"mountain","scale":0.53}},{"type":"Feature","geometry":{"type":"Point","coordinates":[5271,2399]},"properties":{"kind":"mountain","scale":0.51}},{"type":"Feature","geometry":{"type":"Point","coordinates":[5465,2416]},"properties":{"kind":"mountain","scale":0.54}},{"type":"Feature","geometry":{"type":"Point","coordinates":[5624,2468]},"properties":{"kind":"mountain","scale":0.5}},{"type":"Feature","geometry":{"type":"Point","coordinates":[5602,2474]},"properties":{"kind":"mountain","scale":0.45}},{"type":"Feature","geometry":{"type":"Point","coordinates":[3356,2500]},"properties":{"kind":"mountain","scale":0.53}},{"type":"Feature","geometry":{"type":"Point","coordinates":[3371,2506]},"properties":{"kind":"mountain","scale":0.5}},{"type":"Feature","geometry":{"type":"Point","coordinates":[3425,2506]},"properties":{"kind":"mountain","scale":0.42}},{"type":"Feature","geometry":{"type":"Point","coordinates":[3408,2560]},"properties":{"kind":"mountain","scale":0.46}},{"type":"Feature","geometry":{"type":"Point","coordinates":[3428,2568]},"properties":{"kind":"mountain","scale":0.36}},{"type":"Feature","geometry":{"type":"Point","coordinates":[5322,2575]},"properties":{"kind":"mountain","scale":0.45}},{"type":"Feature","geometry":{"type":"Point","coordinates":[7746,2573]},"properties":{"kind":"mountain","scale":0.43}},{"type":"Feature","geometry":{"type":"Point","coordinates":[3441,2580]},"properties":{"kind":"mountain","scale":0.44}},{"type":"Feature","geometry":{"type":"Point","coordinates":[5297,2581]},"properties":{"kind":"mountain","scale":0.45}},{"type":"Feature","geometry":{"type":"Point","coordinates":[5377,2588]},"properties":{"kind":"mountain","scale":0.43}},{"type":"Feature","geometry":{"type":"Point","coordinates":[7737,2580]},"properties":{"kind":"mountain","scale":0.42}},{"type":"Feature","geometry":{"type":"Point","coordinates":[4907,2616]},"properties":{"kind":"mountain","scale":0.46}},{"type":"Feature","geometry":{"type":"Point","coordinates":[4910,2628]},"properties":{"kind":"mountain","scale":0.51}},{"type":"Feature","geometry":{"type":"Point","coordinates":[7578,2659]},"properties":{"kind":"mountain","scale":0.45}},{"type":"Feature","geometry":{"type":"Point","coordinates":[7609,2653]},"properties":{"kind":"mountain","scale":0.53}},{"type":"Feature","geometry":{"type":"Point","coordinates":[7660,2654]},"properties":{"kind":"mountain","scale":0.46}},{"type":"Feature","geometry":{"type":"Point","coordinates":[7869,2649]},"properties":{"kind":"mountain","scale":0.54}},{"type":"Feature","geometry":{"type":"Point","coordinates":[7494,2676]},"properties":{"kind":"mountain","scale":0.38}},{"type":"Feature","geometry":{"type":"Point","coordinates":[7597,2668]},"properties":{"kind":"mountain","scale":0.34}},{"type":"Feature","geometry":{"type":"Point","coordinates":[7609,2673]},"properties":{"kind":"mountain","scale":0.37}},{"type":"Feature","geometry":{"type":"Point","coordinates":[7798,2672]},"properties":{"kind":"mountain","scale":0.54}},{"type":"Feature","geometry":{"type":"Point","coordinates":[7502,2684]},"properties":{"kind":"mountain","scale":0.52}},{"type":"Feature","geometry":{"type":"Point","coordinates":[7602,2690]},"properties":{"kind":"mountain","scale":0.54}},{"type":"Feature","geometry":{"type":"Point","coordinates":[7789,2686]},"properties":{"kind":"mountain","scale":0.41}},{"type":"Feature","geometry":{"type":"Point","coordinates":[7623,2698]},"properties":{"kind":"mountain","scale":0.56}},{"type":"Feature","geometry":{"type":"Point","coordinates":[7810,2708]},"properties":{"kind":"mountain","scale":0.43}},{"type":"Feature","geometry":{"type":"Point","coordinates":[7505,2713]},"properties":{"kind":"mountain","scale":0.34}},{"type":"Feature","geometry":{"type":"Point","coordinates":[7599,2712]},"properties":{"kind":"mountain","scale":0.49}},{"type":"Feature","geometry":{"type":"Point","coordinates":[7814,2727]},"properties":{"kind":"mountain","scale":0.47}},{"type":"Feature","geometry":{"type":"Point","coordinates":[7735,2731]},"properties":{"kind":"mountain","scale":0.49}},{"type":"Feature","geometry":{"type":"Point","coordinates":[7759,2730]},"properties":{"kind":"mountain","scale":0.49}},{"type":"Feature","geometry":{"type":"Point","coordinates":[7800,2733]},"properties":{"kind":"mountain","scale":0.44}},{"type":"Feature","geometry":{"type":"Point","coordinates":[7544,2758]},"properties":{"kind":"mountain","scale":0.5}},{"type":"Feature","geometry":{"type":"Point","coordinates":[6351,2837]},"properties":{"kind":"mountain","scale":0.37}},{"type":"Feature","geometry":{"type":"Point","coordinates":[6423,2860]},"properties":{"kind":"mountain","scale":0.44}},{"type":"Feature","geometry":{"type":"Point","coordinates":[7333,2859]},"properties":{"kind":"mountain","scale":0.54}},{"type":"Feature","geometry":{"type":"Point","coordinates":[7347,2863]},"properties":{"kind":"mountain","scale":0.5}},{"type":"Feature","geometry":{"type":"Point","coordinates":[7371,2862]},"properties":{"kind":"mountain","scale":0.43}},{"type":"Feature","geometry":{"type":"Point","coordinates":[6355,2866]},"properties":{"kind":"mountain","scale":0.48}},{"type":"Feature","geometry":{"type":"Point","coordinates":[6284,2888]},"properties":{"kind":"mountain","scale":0.52}},{"type":"Feature","geometry":{"type":"Point","coordinates":[6301,2888]},"properties":{"kind":"mountain","scale":0.42}},{"type":"Feature","geometry":{"type":"Point","coordinates":[6470,2898]},"properties":{"kind":"mountain","scale":0.4}},{"type":"Feature","geometry":{"type":"Point","coordinates":[6483,2905]},"properties":{"kind":"mountain","scale":0.49}},{"type":"Feature","geometry":{"type":"Point","coordinates":[6498,2909]},"properties":{"kind":"mountain","scale":0.47}},{"type":"Feature","geometry":{"type":"Point","coordinates":[7327,2904]},"properties":{"kind":"mountain","scale":0.45}},{"type":"Feature","geometry":{"type":"Point","coordinates":[7330,2924]},"properties":{"kind":"mountain","scale":0.37}},{"type":"Feature","geometry":{"type":"Point","coordinates":[5990,2945]},"properties":{"kind":"mountain","scale":0.48}},{"type":"Feature","geometry":{"type":"Point","coordinates":[7328,2943]},"properties":{"kind":"mountain","scale":0.36}},{"type":"Feature","geometry":{"type":"Point","coordinates":[5999,2964]},"properties":{"kind":"mountain","scale":0.35}},{"type":"Feature","geometry":{"type":"Point","coordinates":[7319,2960]},"properties":{"kind":"mountain","scale":0.51}},{"type":"Feature","geometry":{"type":"Point","coordinates":[6002,2975]},"properties":{"kind":"mountain","scale":0.4}},{"type":"Feature","geometry":{"type":"Point","coordinates":[6495,2983]},"properties":{"kind":"mountain","scale":0.48}},{"type":"Feature","geometry":{"type":"Point","coordinates":[7326,2987]},"properties":{"kind":"mountain","scale":0.37}},{"type":"Feature","geometry":{"type":"Point","coordinates":[7685,2992]},"properties":{"kind":"mountain","scale":0.38}},{"type":"Feature","geometry":{"type":"Point","coordinates":[7380,3004]},"properties":{"kind":"mountain","scale":0.39}},{"type":"Feature","geometry":{"type":"Point","coordinates":[7942,3028]},"properties":{"kind":"mountain","scale":0.48}},{"type":"Feature","geometry":{"type":"Point","coordinates":[7743,3063]},"properties":{"kind":"mountain","scale":0.36}},{"type":"Feature","geometry":{"type":"Point","coordinates":[7842,3074]},"properties":{"kind":"mountain","scale":0.4}},{"type":"Feature","geometry":{"type":"Point","coordinates":[7858,3081]},"properties":{"kind":"mountain","scale":0.43}},{"type":"Feature","geometry":{"type":"Point","coordinates":[7871,3076]},"properties":{"kind":"mountain","scale":0.35}},{"type":"Feature","geometry":{"type":"Point","coordinates":[7349,3086]},"properties":{"kind":"mountain","scale":0.49}},{"type":"Feature","geometry":{"type":"Point","coordinates":[5912,3118]},"properties":{"kind":"mountain","scale":0.51}},{"type":"Feature","geometry":{"type":"Point","coordinates":[5919,3152]},"properties":{"kind":"mountain","scale":0.44}},{"type":"Feature","geometry":{"type":"Point","coordinates":[5883,3183]},"properties":{"kind":"mountain","scale":0.56}},{"type":"Feature","geometry":{"type":"Point","coordinates":[7773,3174]},"properties":{"kind":"mountain","scale":0.51}},{"type":"Feature","geometry":{"type":"Point","coordinates":[1069,3260]},"properties":{"kind":"mountain","scale":0.39}},{"type":"Feature","geometry":{"type":"Point","coordinates":[1082,3272]},"properties":{"kind":"mountain","scale":0.49}},{"type":"Feature","geometry":{"type":"Point","coordinates":[1054,3277]},"properties":{"kind":"mountain","scale":0.4}},{"type":"Feature","geometry":{"type":"Point","coordinates":[1660,3289]},"properties":{"kind":"mountain","scale":0.48}},{"type":"Feature","geometry":{"type":"Point","coordinates":[1651,3299]},"properties":{"kind":"mountain","scale":0.44}},{"type":"Feature","geometry":{"type":"Point","coordinates":[1633,3318]},"properties":{"kind":"mountain","scale":0.39}},{"type":"Feature","geometry":{"type":"Point","coordinates":[1719,3316]},"properties":{"kind":"mountain","scale":0.55}},{"type":"Feature","geometry":{"type":"Point","coordinates":[1737,3308]},"properties":{"kind":"mountain","scale":0.35}},{"type":"Feature","geometry":{"type":"Point","coordinates":[1280,3335]},"properties":{"kind":"mountain","scale":0.52}},{"type":"Feature","geometry":{"type":"Point","coordinates":[4544,3329]},"properties":{"kind":"mountain","scale":0.46}},{"type":"Feature","geometry":{"type":"Point","coordinates":[7256,3340]},"properties":{"kind":"mountain","scale":0.38}},{"type":"Feature","geometry":{"type":"Point","coordinates":[1588,3347]},"properties":{"kind":"mountain","scale":0.38}},{"type":"Feature","geometry":{"type":"Point","coordinates":[7335,3344]},"properties":{"kind":"mountain","scale":0.48}},{"type":"Feature","geometry":{"type":"Point","coordinates":[7423,3345]},"properties":{"kind":"mountain","scale":0.54}},{"type":"Feature","geometry":{"type":"Point","coordinates":[1573,3360]},"properties":{"kind":"mountain","scale":0.5}},{"type":"Feature","geometry":{"type":"Point","coordinates":[4529,3373]},"properties":{"kind":"mountain","scale":0.41}},{"type":"Feature","geometry":{"type":"Point","coordinates":[5789,3361]},"properties":{"kind":"mountain","scale":0.52}},{"type":"Feature","geometry":{"type":"Point","coordinates":[5820,3371]},"properties":{"kind":"mountain","scale":0.36}},{"type":"Feature","geometry":{"type":"Point","coordinates":[1570,3380]},"properties":{"kind":"mountain","scale":0.48}},{"type":"Feature","geometry":{"type":"Point","coordinates":[5520,3387]},"properties":{"kind":"mountain","scale":0.39}},{"type":"Feature","geometry":{"type":"Point","coordinates":[5799,3389]},"properties":{"kind":"mountain","scale":0.53}},{"type":"Feature","geometry":{"type":"Point","coordinates":[7401,3390]},"properties":{"kind":"mountain","scale":0.47}},{"type":"Feature","geometry":{"type":"Point","coordinates":[1529,3393]},"properties":{"kind":"mountain","scale":0.47}},{"type":"Feature","geometry":{"type":"Point","coordinates":[5486,3397]},"properties":{"kind":"mountain","scale":0.56}},{"type":"Feature","geometry":{"type":"Point","coordinates":[5509,3403]},"properties":{"kind":"mountain","scale":0.39}},{"type":"Feature","geometry":{"type":"Point","coordinates":[7298,3392]},"properties":{"kind":"mountain","scale":0.41}},{"type":"Feature","geometry":{"type":"Point","coordinates":[7354,3398]},"properties":{"kind":"mountain","scale":0.54}},{"type":"Feature","geometry":{"type":"Point","coordinates":[7373,3395]},"properties":{"kind":"mountain","scale":0.5}},{"type":"Feature","geometry":{"type":"Point","coordinates":[7418,3395]},"properties":{"kind":"mountain","scale":0.43}},{"type":"Feature","geometry":{"type":"Point","coordinates":[7439,3392]},"properties":{"kind":"mountain","scale":0.36}},{"type":"Feature","geometry":{"type":"Point","coordinates":[4543,3425]},"properties":{"kind":"mountain","scale":0.37}},{"type":"Feature","geometry":{"type":"Point","coordinates":[5498,3415]},"properties":{"kind":"mountain","scale":0.41}},{"type":"Feature","geometry":{"type":"Point","coordinates":[4532,3439]},"properties":{"kind":"mountain","scale":0.55}},{"type":"Feature","geometry":{"type":"Point","coordinates":[1505,3453]},"properties":{"kind":"mountain","scale":0.43}},{"type":"Feature","geometry":{"type":"Point","coordinates":[1524,3448]},"properties":{"kind":"mountain","scale":0.45}},{"type":"Feature","geometry":{"type":"Point","coordinates":[1541,3454]},"properties":{"kind":"mountain","scale":0.49}},{"type":"Feature","geometry":{"type":"Point","coordinates":[1576,3451]},"properties":{"kind":"mountain","scale":0.51}},{"type":"Feature","geometry":{"type":"Point","coordinates":[2017,3450]},"properties":{"kind":"mountain","scale":0.49}},{"type":"Feature","geometry":{"type":"Point","coordinates":[2096,3448]},"properties":{"kind":"mountain","scale":0.42}},{"type":"Feature","geometry":{"type":"Point","coordinates":[4537,3456]},"properties":{"kind":"mountain","scale":0.41}},{"type":"Feature","geometry":{"type":"Point","coordinates":[2098,3461]},"properties":{"kind":"mountain","scale":0.36}},{"type":"Feature","geometry":{"type":"Point","coordinates":[7638,3476]},"properties":{"kind":"mountain","scale":0.52}},{"type":"Feature","geometry":{"type":"Point","coordinates":[1466,3481]},"properties":{"kind":"mountain","scale":0.46}},{"type":"Feature","geometry":{"type":"Point","coordinates":[4467,3478]},"properties":{"kind":"mountain","scale":0.37}},{"type":"Feature","geometry":{"type":"Point","coordinates":[1865,3495]},"properties":{"kind":"mountain","scale":0.42}},{"type":"Feature","geometry":{"type":"Point","coordinates":[1879,3499]},"properties":{"kind":"mountain","scale":0.45}},{"type":"Feature","geometry":{"type":"Point","coordinates":[4461,3494]},"properties":{"kind":"mountain","scale":0.4}},{"type":"Feature","geometry":{"type":"Point","coordinates":[1477,3522]},"properties":{"kind":"mountain","scale":0.45}},{"type":"Feature","geometry":{"type":"Point","coordinates":[1560,3526]},"properties":{"kind":"mountain","scale":0.36}},{"type":"Feature","geometry":{"type":"Point","coordinates":[1884,3527]},"properties":{"kind":"mountain","scale":0.47}},{"type":"Feature","geometry":{"type":"Point","coordinates":[3044,3533]},"properties":{"kind":"mountain","scale":0.34}},{"type":"Feature","geometry":{"type":"Point","coordinates":[5716,3536]},"properties":{"kind":"mountain","scale":0.34}},{"type":"Feature","geometry":{"type":"Point","coordinates":[5731,3544]},"properties":{"kind":"mountain","scale":0.56}},{"type":"Feature","geometry":{"type":"Point","coordinates":[1857,3554]},"properties":{"kind":"mountain","scale":0.34}},{"type":"Feature","geometry":{"type":"Point","coordinates":[2945,3545]},"properties":{"kind":"mountain","scale":0.49}},{"type":"Feature","geometry":{"type":"Point","coordinates":[1839,3571]},"properties":{"kind":"mountain","scale":0.4}},{"type":"Feature","geometry":{"type":"Point","coordinates":[1849,3566]},"properties":{"kind":"mountain","scale":0.38}},{"type":"Feature","geometry":{"type":"Point","coordinates":[6137,3564]},"properties":{"kind":"mountain","scale":0.47}},{"type":"Feature","geometry":{"type":"Point","coordinates":[1548,3593]},"properties":{"kind":"mountain","scale":0.4}},{"type":"Feature","geometry":{"type":"Point","coordinates":[2930,3594]},"properties":{"kind":"mountain","scale":0.56}},{"type":"Feature","geometry":{"type":"Point","coordinates":[2971,3584]},"properties":{"kind":"mountain","scale":0.43}},{"type":"Feature","geometry":{"type":"Point","coordinates":[1887,3606]},"properties":{"kind":"mountain","scale":0.51}},{"type":"Feature","geometry":{"type":"Point","coordinates":[3033,3601]},"properties":{"kind":"mountain","scale":0.52}},{"type":"Feature","geometry":{"type":"Point","coordinates":[3175,3607]},"properties":{"kind":"mountain","scale":0.41}},{"type":"Feature","geometry":{"type":"Point","coordinates":[6002,3609]},"properties":{"kind":"mountain","scale":0.51}},{"type":"Feature","geometry":{"type":"Point","coordinates":[6013,3602]},"properties":{"kind":"mountain","scale":0.54}},{"type":"Feature","geometry":{"type":"Point","coordinates":[6037,3596]},"properties":{"kind":"mountain","scale":0.49}},{"type":"Feature","geometry":{"type":"Point","coordinates":[6142,3607]},"properties":{"kind":"mountain","scale":0.35}},{"type":"Feature","geometry":{"type":"Point","coordinates":[1879,3618]},"properties":{"kind":"mountain","scale":0.38}},{"type":"Feature","geometry":{"type":"Point","coordinates":[2877,3629]},"properties":{"kind":"mountain","scale":0.47}},{"type":"Feature","geometry":{"type":"Point","coordinates":[2898,3622]},"properties":{"kind":"mountain","scale":0.41}},{"type":"Feature","geometry":{"type":"Point","coordinates":[2920,3627]},"properties":{"kind":"mountain","scale":0.43}},{"type":"Feature","geometry":{"type":"Point","coordinates":[3159,3615]},"properties":{"kind":"mountain","scale":0.56}},{"type":"Feature","geometry":{"type":"Point","coordinates":[3219,3614]},"properties":{"kind":"mountain","scale":0.4}},{"type":"Feature","geometry":{"type":"Point","coordinates":[3237,3617]},"properties":{"kind":"mountain","scale":0.51}},{"type":"Feature","geometry":{"type":"Point","coordinates":[3250,3623]},"properties":{"kind":"mountain","scale":0.46}},{"type":"Feature","geometry":{"type":"Point","coordinates":[3225,3642]},"properties":{"kind":"mountain","scale":0.47}},{"type":"Feature","geometry":{"type":"Point","coordinates":[5521,3639]},"properties":{"kind":"mountain","scale":0.51}},{"type":"Feature","geometry":{"type":"Point","coordinates":[1651,3663]},"properties":{"kind":"mountain","scale":0.38}},{"type":"Feature","geometry":{"type":"Point","coordinates":[3240,3652]},"properties":{"kind":"mountain","scale":0.47}},{"type":"Feature","geometry":{"type":"Point","coordinates":[4570,3657]},"properties":{"kind":"mountain","scale":0.47}},{"type":"Feature","geometry":{"type":"Point","coordinates":[5528,3647]},"properties":{"kind":"mountain","scale":0.45}},{"type":"Feature","geometry":{"type":"Point","coordinates":[1547,3665]},"properties":{"kind":"mountain","scale":0.5}},{"type":"Feature","geometry":{"type":"Point","coordinates":[1571,3677]},"properties":{"kind":"mountain","scale":0.42}},{"type":"Feature","geometry":{"type":"Point","coordinates":[1583,3679]},"properties":{"kind":"mountain","scale":0.5}},{"type":"Feature","geometry":{"type":"Point","coordinates":[1709,3671]},"properties":{"kind":"mountain","scale":0.55}},{"type":"Feature","geometry":{"type":"Point","coordinates":[1812,3665]},"properties":{"kind":"mountain","scale":0.48}},{"type":"Feature","geometry":{"type":"Point","coordinates":[3283,3665]},"properties":{"kind":"mountain","scale":0.44}},{"type":"Feature","geometry":{"type":"Point","coordinates":[3296,3671]},"properties":{"kind":"mountain","scale":0.47}},{"type":"Feature","geometry":{"type":"Point","coordinates":[1637,3696]},"properties":{"kind":"mountain","scale":0.48}},{"type":"Feature","geometry":{"type":"Point","coordinates":[1692,3692]},"properties":{"kind":"mountain","scale":0.51}},{"type":"Feature","geometry":{"type":"Point","coordinates":[2118,3713]},"properties":{"kind":"mountain","scale":0.55}},{"type":"Feature","geometry":{"type":"Point","coordinates":[2908,3713]},"properties":{"kind":"mountain","scale":0.43}},{"type":"Feature","geometry":{"type":"Point","coordinates":[1384,3724]},"properties":{"kind":"mountain","scale":0.45}},{"type":"Feature","geometry":{"type":"Point","coordinates":[1420,3726]},"properties":{"kind":"mountain","scale":0.49}},{"type":"Feature","geometry":{"type":"Point","coordinates":[2125,3729]},"properties":{"kind":"mountain","scale":0.56}},{"type":"Feature","geometry":{"type":"Point","coordinates":[3315,3722]},"properties":{"kind":"mountain","scale":0.4}},{"type":"Feature","geometry":{"type":"Point","coordinates":[4577,3729]},"properties":{"kind":"mountain","scale":0.41}},{"type":"Feature","geometry":{"type":"Point","coordinates":[5791,3731]},"properties":{"kind":"mountain","scale":0.51}},{"type":"Feature","geometry":{"type":"Point","coordinates":[2126,3740]},"properties":{"kind":"mountain","scale":0.38}},{"type":"Feature","geometry":{"type":"Point","coordinates":[4579,3740]},"properties":{"kind":"mountain","scale":0.37}},{"type":"Feature","geometry":{"type":"Point","coordinates":[5791,3747]},"properties":{"kind":"mountain","scale":0.52}},{"type":"Feature","geometry":{"type":"Point","coordinates":[6020,3747]},"properties":{"kind":"mountain","scale":0.45}},{"type":"Feature","geometry":{"type":"Point","coordinates":[1913,3758]},"properties":{"kind":"mountain","scale":0.52}},{"type":"Feature","geometry":{"type":"Point","coordinates":[3122,3755]},"properties":{"kind":"mountain","scale":0.45}},{"type":"Feature","geometry":{"type":"Point","coordinates":[3185,3764]},"properties":{"kind":"mountain","scale":0.55}},{"type":"Feature","geometry":{"type":"Point","coordinates":[3217,3754]},"properties":{"kind":"mountain","scale":0.53}},{"type":"Feature","geometry":{"type":"Point","coordinates":[4598,3758]},"properties":{"kind":"mountain","scale":0.38}},{"type":"Feature","geometry":{"type":"Point","coordinates":[5770,3762]},"properties":{"kind":"mountain","scale":0.52}},{"type":"Feature","geometry":{"type":"Point","coordinates":[5780,3756]},"properties":{"kind":"mountain","scale":0.5}},{"type":"Feature","geometry":{"type":"Point","coordinates":[5800,3759]},"properties":{"kind":"mountain","scale":0.38}},{"type":"Feature","geometry":{"type":"Point","coordinates":[5924,3752]},"properties":{"kind":"mountain","scale":0.45}},{"type":"Feature","geometry":{"type":"Point","coordinates":[1951,3780]},"properties":{"kind":"mountain","scale":0.49}},{"type":"Feature","geometry":{"type":"Point","coordinates":[5800,3784]},"properties":{"kind":"mountain","scale":0.42}},{"type":"Feature","geometry":{"type":"Point","coordinates":[6030,3794]},"properties":{"kind":"mountain","scale":0.52}},{"type":"Feature","geometry":{"type":"Point","coordinates":[5794,3806]},"properties":{"kind":"mountain","scale":0.56}},{"type":"Feature","geometry":{"type":"Point","coordinates":[5819,3803]},"properties":{"kind":"mountain","scale":0.56}},{"type":"Feature","geometry":{"type":"Point","coordinates":[5853,3808]},"properties":{"kind":"mountain","scale":0.41}},{"type":"Feature","geometry":{"type":"Point","coordinates":[5870,3802]},"properties":{"kind":"mountain","scale":0.47}},{"type":"Feature","geometry":{"type":"Point","coordinates":[5999,3810]},"properties":{"kind":"mountain","scale":0.34}},{"type":"Feature","geometry":{"type":"Point","coordinates":[6024,3806]},"properties":{"kind":"mountain","scale":0.47}},{"type":"Feature","geometry":{"type":"Point","coordinates":[1915,3817]},"properties":{"kind":"mountain","scale":0.37}},{"type":"Feature","geometry":{"type":"Point","coordinates":[1894,3836]},"properties":{"kind":"mountain","scale":0.4}},{"type":"Feature","geometry":{"type":"Point","coordinates":[3099,3849]},"properties":{"kind":"mountain","scale":0.39}},{"type":"Feature","geometry":{"type":"Point","coordinates":[3134,3844]},"properties":{"kind":"mountain","scale":0.51}},{"type":"Feature","geometry":{"type":"Point","coordinates":[2990,3851]},"properties":{"kind":"mountain","scale":0.54}},{"type":"Feature","geometry":{"type":"Point","coordinates":[3143,3851]},"properties":{"kind":"mountain","scale":0.42}},{"type":"Feature","geometry":{"type":"Point","coordinates":[3214,3851]},"properties":{"kind":"mountain","scale":0.34}},{"type":"Feature","geometry":{"type":"Point","coordinates":[2672,3874]},"properties":{"kind":"mountain","scale":0.5}},{"type":"Feature","geometry":{"type":"Point","coordinates":[2670,3888]},"properties":{"kind":"mountain","scale":0.44}},{"type":"Feature","geometry":{"type":"Point","coordinates":[3333,3889]},"properties":{"kind":"mountain","scale":0.41}},{"type":"Feature","geometry":{"type":"Point","coordinates":[1962,3916]},"properties":{"kind":"mountain","scale":0.38}},{"type":"Feature","geometry":{"type":"Point","coordinates":[3325,3906]},"properties":{"kind":"mountain","scale":0.48}},{"type":"Feature","geometry":{"type":"Point","coordinates":[3316,3932]},"properties":{"kind":"mountain","scale":0.47}},{"type":"Feature","geometry":{"type":"Point","coordinates":[5640,3935]},"properties":{"kind":"mountain","scale":0.47}},{"type":"Feature","geometry":{"type":"Point","coordinates":[5666,3933]},"properties":{"kind":"mountain","scale":0.36}},{"type":"Feature","geometry":{"type":"Point","coordinates":[5674,3927]},"properties":{"kind":"mountain","scale":0.47}},{"type":"Feature","geometry":{"type":"Point","coordinates":[2116,3947]},"properties":{"kind":"mountain","scale":0.46}},{"type":"Feature","geometry":{"type":"Point","coordinates":[3303,3948]},"properties":{"kind":"mountain","scale":0.35}},{"type":"Feature","geometry":{"type":"Point","coordinates":[5429,3948]},"properties":{"kind":"mountain","scale":0.4}},{"type":"Feature","geometry":{"type":"Point","coordinates":[5618,3951]},"properties":{"kind":"mountain","scale":0.38}},{"type":"Feature","geometry":{"type":"Point","coordinates":[2112,3968]},"properties":{"kind":"mountain","scale":0.34}},{"type":"Feature","geometry":{"type":"Point","coordinates":[5591,3957]},"properties":{"kind":"mountain","scale":0.54}},{"type":"Feature","geometry":{"type":"Point","coordinates":[2641,3974]},"properties":{"kind":"mountain","scale":0.41}},{"type":"Feature","geometry":{"type":"Point","coordinates":[1912,3987]},"properties":{"kind":"mountain","scale":0.37}},{"type":"Feature","geometry":{"type":"Point","coordinates":[1932,3988]},"properties":{"kind":"mountain","scale":0.5}},{"type":"Feature","geometry":{"type":"Point","coordinates":[2041,3998]},"properties":{"kind":"mountain","scale":0.44}},{"type":"Feature","geometry":{"type":"Point","coordinates":[2052,3993]},"properties":{"kind":"mountain","scale":0.49}},{"type":"Feature","geometry":{"type":"Point","coordinates":[2070,3992]},"properties":{"kind":"mountain","scale":0.46}},{"type":"Feature","geometry":{"type":"Point","coordinates":[2624,4001]},"properties":{"kind":"mountain","scale":0.4}},{"type":"Feature","geometry":{"type":"Point","coordinates":[5609,3995]},"properties":{"kind":"mountain","scale":0.34}},{"type":"Feature","geometry":{"type":"Point","coordinates":[5662,3999]},"properties":{"kind":"mountain","scale":0.41}},{"type":"Feature","geometry":{"type":"Point","coordinates":[5675,3995]},"properties":{"kind":"mountain","scale":0.55}},{"type":"Feature","geometry":{"type":"Point","coordinates":[1942,4007]},"properties":{"kind":"mountain","scale":0.34}},{"type":"Feature","geometry":{"type":"Point","coordinates":[2059,4005]},"properties":{"kind":"mountain","scale":0.54}},{"type":"Feature","geometry":{"type":"Point","coordinates":[3277,4005]},"properties":{"kind":"mountain","scale":0.37}},{"type":"Feature","geometry":{"type":"Point","coordinates":[1201,4025]},"properties":{"kind":"mountain","scale":0.51}},{"type":"Feature","geometry":{"type":"Point","coordinates":[1257,4031]},"properties":{"kind":"mountain","scale":0.42}},{"type":"Feature","geometry":{"type":"Point","coordinates":[1275,4030]},"properties":{"kind":"mountain","scale":0.35}},{"type":"Feature","geometry":{"type":"Point","coordinates":[1865,4022]},"properties":{"kind":"mountain","scale":0.43}},{"type":"Feature","geometry":{"type":"Point","coordinates":[1962,4021]},"properties":{"kind":"mountain","scale":0.42}},{"type":"Feature","geometry":{"type":"Point","coordinates":[1119,4053]},"properties":{"kind":"mountain","scale":0.43}},{"type":"Feature","geometry":{"type":"Point","coordinates":[1217,4048]},"properties":{"kind":"mountain","scale":0.37}},{"type":"Feature","geometry":{"type":"Point","coordinates":[1300,4054]},"properties":{"kind":"mountain","scale":0.43}},{"type":"Feature","geometry":{"type":"Point","coordinates":[2998,4054]},"properties":{"kind":"mountain","scale":0.36}},{"type":"Feature","geometry":{"type":"Point","coordinates":[3027,4048]},"properties":{"kind":"mountain","scale":0.4}},{"type":"Feature","geometry":{"type":"Point","coordinates":[3067,4042]},"properties":{"kind":"mountain","scale":0.41}},{"type":"Feature","geometry":{"type":"Point","coordinates":[3194,4045]},"properties":{"kind":"mountain","scale":0.49}},{"type":"Feature","geometry":{"type":"Point","coordinates":[1005,4066]},"properties":{"kind":"mountain","scale":0.49}},{"type":"Feature","geometry":{"type":"Point","coordinates":[1054,4066]},"properties":{"kind":"mountain","scale":0.46}},{"type":"Feature","geometry":{"type":"Point","coordinates":[1065,4064]},"properties":{"kind":"mountain","scale":0.47}},{"type":"Feature","geometry":{"type":"Point","coordinates":[1255,4058]},"properties":{"kind":"mountain","scale":0.38}},{"type":"Feature","geometry":{"type":"Point","coordinates":[1279,4058]},"properties":{"kind":"mountain","scale":0.45}},{"type":"Feature","geometry":{"type":"Point","coordinates":[1919,4063]},"properties":{"kind":"mountain","scale":0.39}},{"type":"Feature","geometry":{"type":"Point","coordinates":[2603,4056]},"properties":{"kind":"mountain","scale":0.43}},{"type":"Feature","geometry":{"type":"Point","coordinates":[3303,4065]},"properties":{"kind":"mountain","scale":0.36}},{"type":"Feature","geometry":{"type":"Point","coordinates":[2561,4080]},"properties":{"kind":"mountain","scale":0.56}},{"type":"Feature","geometry":{"type":"Point","coordinates":[2609,4088]},"properties":{"kind":"mountain","scale":0.42}},{"type":"Feature","geometry":{"type":"Point","coordinates":[3064,4088]},"properties":{"kind":"mountain","scale":0.53}},{"type":"Feature","geometry":{"type":"Point","coordinates":[3075,4086]},"properties":{"kind":"mountain","scale":0.52}},{"type":"Feature","geometry":{"type":"Point","coordinates":[3094,4080]},"properties":{"kind":"mountain","scale":0.53}},{"type":"Feature","geometry":{"type":"Point","coordinates":[3134,4081]},"properties":{"kind":"mountain","scale":0.43}},{"type":"Feature","geometry":{"type":"Point","coordinates":[3150,4079]},"properties":{"kind":"mountain","scale":0.46}},{"type":"Feature","geometry":{"type":"Point","coordinates":[3007,4099]},"properties":{"kind":"mountain","scale":0.39}},{"type":"Feature","geometry":{"type":"Point","coordinates":[3232,4093]},"properties":{"kind":"mountain","scale":0.38}},{"type":"Feature","geometry":{"type":"Point","coordinates":[2557,4111]},"properties":{"kind":"mountain","scale":0.55}},{"type":"Feature","geometry":{"type":"Point","coordinates":[3320,4112]},"properties":{"kind":"mountain","scale":0.42}},{"type":"Feature","geometry":{"type":"Point","coordinates":[2567,4136]},"properties":{"kind":"mountain","scale":0.38}},{"type":"Feature","geometry":{"type":"Point","coordinates":[2627,4134]},"properties":{"kind":"mountain","scale":0.36}},{"type":"Feature","geometry":{"type":"Point","coordinates":[2923,4136]},"properties":{"kind":"mountain","scale":0.54}},{"type":"Feature","geometry":{"type":"Point","coordinates":[2944,4129]},"properties":{"kind":"mountain","scale":0.44}},{"type":"Feature","geometry":{"type":"Point","coordinates":[3265,4130]},"properties":{"kind":"mountain","scale":0.48}},{"type":"Feature","geometry":{"type":"Point","coordinates":[3292,4155]},"properties":{"kind":"mountain","scale":0.51}},{"type":"Feature","geometry":{"type":"Point","coordinates":[2580,4165]},"properties":{"kind":"mountain","scale":0.48}},{"type":"Feature","geometry":{"type":"Point","coordinates":[2828,4167]},"properties":{"kind":"mountain","scale":0.35}},{"type":"Feature","geometry":{"type":"Point","coordinates":[2592,4183]},"properties":{"kind":"mountain","scale":0.36}},{"type":"Feature","geometry":{"type":"Point","coordinates":[2635,4183]},"properties":{"kind":"mountain","scale":0.36}},{"type":"Feature","geometry":{"type":"Point","coordinates":[2757,4187]},"properties":{"kind":"mountain","scale":0.4}},{"type":"Feature","geometry":{"type":"Point","coordinates":[2769,4184]},"properties":{"kind":"mountain","scale":0.53}},{"type":"Feature","geometry":{"type":"Point","coordinates":[2793,4178]},"properties":{"kind":"mountain","scale":0.53}},{"type":"Feature","geometry":{"type":"Point","coordinates":[2808,4178]},"properties":{"kind":"mountain","scale":0.42}},{"type":"Feature","geometry":{"type":"Point","coordinates":[3323,4224]},"properties":{"kind":"mountain","scale":0.42}},{"type":"Feature","geometry":{"type":"Point","coordinates":[3325,4234]},"properties":{"kind":"mountain","scale":0.36}},{"type":"Feature","geometry":{"type":"Point","coordinates":[3340,4252]},"properties":{"kind":"mountain","scale":0.5}},{"type":"Feature","geometry":{"type":"Point","coordinates":[3387,4250]},"properties":{"kind":"mountain","scale":0.35}},{"type":"Feature","geometry":{"type":"Point","coordinates":[9363,534]},"properties":{"kind":"mountain","scale":1.11}},{"type":"Feature","geometry":{"type":"Point","coordinates":[9372,556]},"properties":{"kind":"mountain","scale":0.93}},{"type":"Feature","geometry":{"type":"Point","coordinates":[9696,542]},"properties":{"kind":"mountain","scale":1.13}},{"type":"Feature","geometry":{"type":"Point","coordinates":[9718,559]},"properties":{"kind":"mountain","scale":0.79}},{"type":"Feature","geometry":{"type":"Point","coordinates":[9384,575]},"properties":{"kind":"mountain","scale":0.82}},{"type":"Feature","geometry":{"type":"Point","coordinates":[9442,575]},"properties":{"kind":"mountain","scale":1.01}},{"type":"Feature","geometry":{"type":"Point","coordinates":[9809,587]},"properties":{"kind":"mountain","scale":1.09}},{"type":"Feature","geometry":{"type":"Point","coordinates":[9787,610]},"properties":{"kind":"mountain","scale":1.21}},{"type":"Feature","geometry":{"type":"Point","coordinates":[9813,624]},"properties":{"kind":"mountain","scale":0.99}},{"type":"Feature","geometry":{"type":"Point","coordinates":[5527,646]},"properties":{"kind":"mountain","scale":0.79}},{"type":"Feature","geometry":{"type":"Point","coordinates":[5703,816]},"properties":{"kind":"mountain","scale":1.11}},{"type":"Feature","geometry":{"type":"Point","coordinates":[4785,844]},"properties":{"kind":"mountain","scale":1.23}},{"type":"Feature","geometry":{"type":"Point","coordinates":[9191,855]},"properties":{"kind":"mountain","scale":0.8}},{"type":"Feature","geometry":{"type":"Point","coordinates":[5751,886]},"properties":{"kind":"mountain","scale":0.78}},{"type":"Feature","geometry":{"type":"Point","coordinates":[5768,900]},"properties":{"kind":"mountain","scale":0.95}},{"type":"Feature","geometry":{"type":"Point","coordinates":[9165,924]},"properties":{"kind":"mountain","scale":1.19}},{"type":"Feature","geometry":{"type":"Point","coordinates":[9147,944]},"properties":{"kind":"mountain","scale":1.19}},{"type":"Feature","geometry":{"type":"Point","coordinates":[9099,972]},"properties":{"kind":"mountain","scale":0.76}},{"type":"Feature","geometry":{"type":"Point","coordinates":[4711,1042]},"properties":{"kind":"mountain","scale":0.85}},{"type":"Feature","geometry":{"type":"Point","coordinates":[9113,1025]},"properties":{"kind":"mountain","scale":0.99}},{"type":"Feature","geometry":{"type":"Point","coordinates":[9033,1088]},"properties":{"kind":"mountain","scale":1}},{"type":"Feature","geometry":{"type":"Point","coordinates":[9063,1078]},"properties":{"kind":"mountain","scale":1.01}},{"type":"Feature","geometry":{"type":"Point","coordinates":[9102,1071]},"properties":{"kind":"mountain","scale":0.86}},{"type":"Feature","geometry":{"type":"Point","coordinates":[9229,1077]},"properties":{"kind":"mountain","scale":0.83}},{"type":"Feature","geometry":{"type":"Point","coordinates":[9197,1120]},"properties":{"kind":"mountain","scale":0.9}},{"type":"Feature","geometry":{"type":"Point","coordinates":[6645,1154]},"properties":{"kind":"mountain","scale":1.14}},{"type":"Feature","geometry":{"type":"Point","coordinates":[6669,1154]},"properties":{"kind":"mountain","scale":0.8}},{"type":"Feature","geometry":{"type":"Point","coordinates":[9383,1163]},"properties":{"kind":"mountain","scale":1.14}},{"type":"Feature","geometry":{"type":"Point","coordinates":[9529,1199]},"properties":{"kind":"mountain","scale":1.11}},{"type":"Feature","geometry":{"type":"Point","coordinates":[9027,1244]},"properties":{"kind":"mountain","scale":0.91}},{"type":"Feature","geometry":{"type":"Point","coordinates":[8919,1268]},"properties":{"kind":"mountain","scale":0.9}},{"type":"Feature","geometry":{"type":"Point","coordinates":[9342,1269]},"properties":{"kind":"mountain","scale":0.95}},{"type":"Feature","geometry":{"type":"Point","coordinates":[8988,1304]},"properties":{"kind":"mountain","scale":1.04}},{"type":"Feature","geometry":{"type":"Point","coordinates":[9317,1299]},"properties":{"kind":"mountain","scale":0.79}},{"type":"Feature","geometry":{"type":"Point","coordinates":[9016,1326]},"properties":{"kind":"mountain","scale":0.84}},{"type":"Feature","geometry":{"type":"Point","coordinates":[9038,1327]},"properties":{"kind":"mountain","scale":0.83}},{"type":"Feature","geometry":{"type":"Point","coordinates":[4866,1350]},"properties":{"kind":"mountain","scale":0.91}},{"type":"Feature","geometry":{"type":"Point","coordinates":[2993,1354]},"properties":{"kind":"mountain","scale":0.95}},{"type":"Feature","geometry":{"type":"Point","coordinates":[4894,1366]},"properties":{"kind":"mountain","scale":1.11}},{"type":"Feature","geometry":{"type":"Point","coordinates":[9525,1361]},"properties":{"kind":"mountain","scale":1.21}},{"type":"Feature","geometry":{"type":"Point","coordinates":[9303,1389]},"properties":{"kind":"mountain","scale":0.79}},{"type":"Feature","geometry":{"type":"Point","coordinates":[6940,1440]},"properties":{"kind":"mountain","scale":1.04}},{"type":"Feature","geometry":{"type":"Point","coordinates":[6562,1477]},"properties":{"kind":"mountain","scale":0.85}},{"type":"Feature","geometry":{"type":"Point","coordinates":[7070,1466]},"properties":{"kind":"mountain","scale":0.8}},{"type":"Feature","geometry":{"type":"Point","coordinates":[3081,1485]},"properties":{"kind":"mountain","scale":0.95}},{"type":"Feature","geometry":{"type":"Point","coordinates":[7078,1493]},"properties":{"kind":"mountain","scale":0.76}},{"type":"Feature","geometry":{"type":"Point","coordinates":[6586,1534]},"properties":{"kind":"mountain","scale":0.76}},{"type":"Feature","geometry":{"type":"Point","coordinates":[3119,1555]},"properties":{"kind":"mountain","scale":0.95}},{"type":"Feature","geometry":{"type":"Point","coordinates":[2994,1612]},"properties":{"kind":"mountain","scale":0.94}},{"type":"Feature","geometry":{"type":"Point","coordinates":[4871,1600]},"properties":{"kind":"mountain","scale":1.03}},{"type":"Feature","geometry":{"type":"Point","coordinates":[2982,1636]},"properties":{"kind":"mountain","scale":1.04}},{"type":"Feature","geometry":{"type":"Point","coordinates":[3199,1629]},"properties":{"kind":"mountain","scale":1.07}},{"type":"Feature","geometry":{"type":"Point","coordinates":[4617,1623]},"properties":{"kind":"mountain","scale":1.16}},{"type":"Feature","geometry":{"type":"Point","coordinates":[4356,1681]},"properties":{"kind":"mountain","scale":1.05}},{"type":"Feature","geometry":{"type":"Point","coordinates":[4393,1680]},"properties":{"kind":"mountain","scale":0.92}},{"type":"Feature","geometry":{"type":"Point","coordinates":[4796,1665]},"properties":{"kind":"mountain","scale":0.88}},{"type":"Feature","geometry":{"type":"Point","coordinates":[4856,1664]},"properties":{"kind":"mountain","scale":1.01}},{"type":"Feature","geometry":{"type":"Point","coordinates":[4920,1675]},"properties":{"kind":"mountain","scale":1.14}},{"type":"Feature","geometry":{"type":"Point","coordinates":[4992,1679]},"properties":{"kind":"mountain","scale":1.23}},{"type":"Feature","geometry":{"type":"Point","coordinates":[3201,1696]},"properties":{"kind":"mountain","scale":0.8}},{"type":"Feature","geometry":{"type":"Point","coordinates":[3887,1693]},"properties":{"kind":"mountain","scale":1.11}},{"type":"Feature","geometry":{"type":"Point","coordinates":[3908,1702]},"properties":{"kind":"mountain","scale":0.9}},{"type":"Feature","geometry":{"type":"Point","coordinates":[6581,1683]},"properties":{"kind":"mountain","scale":1.2}},{"type":"Feature","geometry":{"type":"Point","coordinates":[3934,1714]},"properties":{"kind":"mountain","scale":1.08}},{"type":"Feature","geometry":{"type":"Point","coordinates":[3990,1721]},"properties":{"kind":"mountain","scale":0.75}},{"type":"Feature","geometry":{"type":"Point","coordinates":[4396,1723]},"properties":{"kind":"mountain","scale":1.05}},{"type":"Feature","geometry":{"type":"Point","coordinates":[4374,1730]},"properties":{"kind":"mountain","scale":0.87}},{"type":"Feature","geometry":{"type":"Point","coordinates":[4202,1769]},"properties":{"kind":"mountain","scale":0.8}},{"type":"Feature","geometry":{"type":"Point","coordinates":[6641,1769]},"properties":{"kind":"mountain","scale":1.13}},{"type":"Feature","geometry":{"type":"Point","coordinates":[4134,1803]},"properties":{"kind":"mountain","scale":0.77}},{"type":"Feature","geometry":{"type":"Point","coordinates":[6603,1825]},"properties":{"kind":"mountain","scale":1.15}},{"type":"Feature","geometry":{"type":"Point","coordinates":[6567,1871]},"properties":{"kind":"mountain","scale":0.83}},{"type":"Feature","geometry":{"type":"Point","coordinates":[6627,1885]},"properties":{"kind":"mountain","scale":1.13}},{"type":"Feature","geometry":{"type":"Point","coordinates":[6610,2011]},"properties":{"kind":"mountain","scale":1.08}},{"type":"Feature","geometry":{"type":"Point","coordinates":[3284,2054]},"properties":{"kind":"mountain","scale":1}},{"type":"Feature","geometry":{"type":"Point","coordinates":[3192,2061]},"properties":{"kind":"mountain","scale":1.02}},{"type":"Feature","geometry":{"type":"Point","coordinates":[3321,2072]},"properties":{"kind":"mountain","scale":1.1}},{"type":"Feature","geometry":{"type":"Point","coordinates":[3505,2068]},"properties":{"kind":"mountain","scale":0.82}},{"type":"Feature","geometry":{"type":"Point","coordinates":[3240,2093]},"properties":{"kind":"mountain","scale":1.12}},{"type":"Feature","geometry":{"type":"Point","coordinates":[3258,2112]},"properties":{"kind":"mountain","scale":0.93}},{"type":"Feature","geometry":{"type":"Point","coordinates":[3329,2127]},"properties":{"kind":"mountain","scale":1.06}},{"type":"Feature","geometry":{"type":"Point","coordinates":[3628,2124]},"properties":{"kind":"mountain","scale":1.1}},{"type":"Feature","geometry":{"type":"Point","coordinates":[3324,2189]},"properties":{"kind":"mountain","scale":0.92}},{"type":"Feature","geometry":{"type":"Point","coordinates":[3366,2167]},"properties":{"kind":"mountain","scale":0.8}},{"type":"Feature","geometry":{"type":"Point","coordinates":[3420,2183]},"properties":{"kind":"mountain","scale":0.97}},{"type":"Feature","geometry":{"type":"Point","coordinates":[5124,2179]},"properties":{"kind":"mountain","scale":1.12}},{"type":"Feature","geometry":{"type":"Point","coordinates":[6700,2186]},"properties":{"kind":"mountain","scale":1.21}},{"type":"Feature","geometry":{"type":"Point","coordinates":[7190,2178]},"properties":{"kind":"mountain","scale":1.01}},{"type":"Feature","geometry":{"type":"Point","coordinates":[3270,2230]},"properties":{"kind":"mountain","scale":1.05}},{"type":"Feature","geometry":{"type":"Point","coordinates":[3726,2229]},"properties":{"kind":"mountain","scale":0.76}},{"type":"Feature","geometry":{"type":"Point","coordinates":[3614,2238]},"properties":{"kind":"mountain","scale":1.12}},{"type":"Feature","geometry":{"type":"Point","coordinates":[3658,2274]},"properties":{"kind":"mountain","scale":0.89}},{"type":"Feature","geometry":{"type":"Point","coordinates":[3683,2277]},"properties":{"kind":"mountain","scale":0.86}},{"type":"Feature","geometry":{"type":"Point","coordinates":[5417,2262]},"properties":{"kind":"mountain","scale":0.99}},{"type":"Feature","geometry":{"type":"Point","coordinates":[3698,2335]},"properties":{"kind":"mountain","scale":0.87}},{"type":"Feature","geometry":{"type":"Point","coordinates":[3718,2379]},"properties":{"kind":"mountain","scale":1.15}},{"type":"Feature","geometry":{"type":"Point","coordinates":[3716,2409]},"properties":{"kind":"mountain","scale":0.87}},{"type":"Feature","geometry":{"type":"Point","coordinates":[3338,2490]},"properties":{"kind":"mountain","scale":0.8}},{"type":"Feature","geometry":{"type":"Point","coordinates":[5291,2481]},"properties":{"kind":"mountain","scale":1.07}},{"type":"Feature","geometry":{"type":"Point","coordinates":[3363,2529]},"properties":{"kind":"mountain","scale":1.09}},{"type":"Feature","geometry":{"type":"Point","coordinates":[7873,2690]},"properties":{"kind":"mountain","scale":1.12}},{"type":"Feature","geometry":{"type":"Point","coordinates":[7486,2699]},"properties":{"kind":"mountain","scale":1.09}},{"type":"Feature","geometry":{"type":"Point","coordinates":[7830,2710]},"properties":{"kind":"mountain","scale":1.07}},{"type":"Feature","geometry":{"type":"Point","coordinates":[7355,2842]},"properties":{"kind":"mountain","scale":0.96}},{"type":"Feature","geometry":{"type":"Point","coordinates":[7369,2828]},"properties":{"kind":"mountain","scale":0.87}},{"type":"Feature","geometry":{"type":"Point","coordinates":[7806,3064]},"properties":{"kind":"mountain","scale":0.81}},{"type":"Feature","geometry":{"type":"Point","coordinates":[1551,3367]},"properties":{"kind":"mountain","scale":0.84}},{"type":"Feature","geometry":{"type":"Point","coordinates":[2569,3371]},"properties":{"kind":"mountain","scale":0.91}},{"type":"Feature","geometry":{"type":"Point","coordinates":[2601,3373]},"properties":{"kind":"mountain","scale":0.87}},{"type":"Feature","geometry":{"type":"Point","coordinates":[2107,3399]},"properties":{"kind":"mountain","scale":1.03}},{"type":"Feature","geometry":{"type":"Point","coordinates":[2492,3387]},"properties":{"kind":"mountain","scale":1.16}},{"type":"Feature","geometry":{"type":"Point","coordinates":[2420,3401]},"properties":{"kind":"mountain","scale":0.9}},{"type":"Feature","geometry":{"type":"Point","coordinates":[2349,3442]},"properties":{"kind":"mountain","scale":1.09}},{"type":"Feature","geometry":{"type":"Point","coordinates":[7622,3434]},"properties":{"kind":"mountain","scale":0.76}},{"type":"Feature","geometry":{"type":"Point","coordinates":[2329,3460]},"properties":{"kind":"mountain","scale":1.12}},{"type":"Feature","geometry":{"type":"Point","coordinates":[2193,3466]},"properties":{"kind":"mountain","scale":1.05}},{"type":"Feature","geometry":{"type":"Point","coordinates":[2856,3475]},"properties":{"kind":"mountain","scale":1.21}},{"type":"Feature","geometry":{"type":"Point","coordinates":[3016,3486]},"properties":{"kind":"mountain","scale":0.93}},{"type":"Feature","geometry":{"type":"Point","coordinates":[2990,3500]},"properties":{"kind":"mountain","scale":1.2}},{"type":"Feature","geometry":{"type":"Point","coordinates":[3030,3501]},"properties":{"kind":"mountain","scale":0.85}},{"type":"Feature","geometry":{"type":"Point","coordinates":[2180,3522]},"properties":{"kind":"mountain","scale":0.94}},{"type":"Feature","geometry":{"type":"Point","coordinates":[2224,3515]},"properties":{"kind":"mountain","scale":1.13}},{"type":"Feature","geometry":{"type":"Point","coordinates":[2930,3523]},"properties":{"kind":"mountain","scale":1.03}},{"type":"Feature","geometry":{"type":"Point","coordinates":[1472,3548]},"properties":{"kind":"mountain","scale":1.22}},{"type":"Feature","geometry":{"type":"Point","coordinates":[2887,3534]},"properties":{"kind":"mountain","scale":1.17}},{"type":"Feature","geometry":{"type":"Point","coordinates":[6293,3558]},"properties":{"kind":"mountain","scale":1.24}},{"type":"Feature","geometry":{"type":"Point","coordinates":[1486,3613]},"properties":{"kind":"mountain","scale":0.82}},{"type":"Feature","geometry":{"type":"Point","coordinates":[2991,3609]},"properties":{"kind":"mountain","scale":1.04}},{"type":"Feature","geometry":{"type":"Point","coordinates":[1514,3639]},"properties":{"kind":"mountain","scale":0.8}},{"type":"Feature","geometry":{"type":"Point","coordinates":[1580,3697]},"properties":{"kind":"mountain","scale":0.82}},{"type":"Feature","geometry":{"type":"Point","coordinates":[5847,3685]},"properties":{"kind":"mountain","scale":0.98}},{"type":"Feature","geometry":{"type":"Point","coordinates":[2882,3709]},"properties":{"kind":"mountain","scale":0.87}},{"type":"Feature","geometry":{"type":"Point","coordinates":[5649,3723]},"properties":{"kind":"mountain","scale":0.99}},{"type":"Feature","geometry":{"type":"Point","coordinates":[6051,3720]},"properties":{"kind":"mountain","scale":0.99}},{"type":"Feature","geometry":{"type":"Point","coordinates":[3200,3736]},"properties":{"kind":"mountain","scale":1.06}},{"type":"Feature","geometry":{"type":"Point","coordinates":[5530,3734]},"properties":{"kind":"mountain","scale":0.95}},{"type":"Feature","geometry":{"type":"Point","coordinates":[4574,3760]},"properties":{"kind":"mountain","scale":0.93}},{"type":"Feature","geometry":{"type":"Point","coordinates":[5636,3792]},"properties":{"kind":"mountain","scale":1.16}},{"type":"Feature","geometry":{"type":"Point","coordinates":[5663,3791]},"properties":{"kind":"mountain","scale":1.03}},{"type":"Feature","geometry":{"type":"Point","coordinates":[6052,3793]},"properties":{"kind":"mountain","scale":1.05}},{"type":"Feature","geometry":{"type":"Point","coordinates":[6257,3776]},"properties":{"kind":"mountain","scale":0.86}},{"type":"Feature","geometry":{"type":"Point","coordinates":[6414,3779]},"properties":{"kind":"mountain","scale":0.85}},{"type":"Feature","geometry":{"type":"Point","coordinates":[5744,3802]},"properties":{"kind":"mountain","scale":0.8}},{"type":"Feature","geometry":{"type":"Point","coordinates":[5768,3797]},"properties":{"kind":"mountain","scale":0.97}},{"type":"Feature","geometry":{"type":"Point","coordinates":[6123,3805]},"properties":{"kind":"mountain","scale":0.76}},{"type":"Feature","geometry":{"type":"Point","coordinates":[6255,3813]},"properties":{"kind":"mountain","scale":0.78}},{"type":"Feature","geometry":{"type":"Point","coordinates":[4605,3835]},"properties":{"kind":"mountain","scale":1.2}},{"type":"Feature","geometry":{"type":"Point","coordinates":[5413,3825]},"properties":{"kind":"mountain","scale":1.01}},{"type":"Feature","geometry":{"type":"Point","coordinates":[5616,3836]},"properties":{"kind":"mountain","scale":0.99}},{"type":"Feature","geometry":{"type":"Point","coordinates":[5729,3837]},"properties":{"kind":"mountain","scale":1.17}},{"type":"Feature","geometry":{"type":"Point","coordinates":[3036,3856]},"properties":{"kind":"mountain","scale":0.75}},{"type":"Feature","geometry":{"type":"Point","coordinates":[4578,3852]},"properties":{"kind":"mountain","scale":1.02}},{"type":"Feature","geometry":{"type":"Point","coordinates":[3015,3863]},"properties":{"kind":"mountain","scale":1.05}},{"type":"Feature","geometry":{"type":"Point","coordinates":[3046,3874]},"properties":{"kind":"mountain","scale":0.96}},{"type":"Feature","geometry":{"type":"Point","coordinates":[3072,3876]},"properties":{"kind":"mountain","scale":0.81}},{"type":"Feature","geometry":{"type":"Point","coordinates":[5581,3870]},"properties":{"kind":"mountain","scale":0.89}},{"type":"Feature","geometry":{"type":"Point","coordinates":[5695,3878]},"properties":{"kind":"mountain","scale":1.01}},{"type":"Feature","geometry":{"type":"Point","coordinates":[2332,3883]},"properties":{"kind":"mountain","scale":0.82}},{"type":"Feature","geometry":{"type":"Point","coordinates":[2698,3889]},"properties":{"kind":"mountain","scale":1.22}},{"type":"Feature","geometry":{"type":"Point","coordinates":[3092,3890]},"properties":{"kind":"mountain","scale":0.78}},{"type":"Feature","geometry":{"type":"Point","coordinates":[3185,3891]},"properties":{"kind":"mountain","scale":0.86}},{"type":"Feature","geometry":{"type":"Point","coordinates":[3301,3900]},"properties":{"kind":"mountain","scale":1.01}},{"type":"Feature","geometry":{"type":"Point","coordinates":[4466,3898]},"properties":{"kind":"mountain","scale":0.99}},{"type":"Feature","geometry":{"type":"Point","coordinates":[5567,3924]},"properties":{"kind":"mountain","scale":0.89}},{"type":"Feature","geometry":{"type":"Point","coordinates":[6380,3934]},"properties":{"kind":"mountain","scale":0.89}},{"type":"Feature","geometry":{"type":"Point","coordinates":[5387,3952]},"properties":{"kind":"mountain","scale":1.02}},{"type":"Feature","geometry":{"type":"Point","coordinates":[2690,3987]},"properties":{"kind":"mountain","scale":0.8}},{"type":"Feature","geometry":{"type":"Point","coordinates":[3265,3979]},"properties":{"kind":"mountain","scale":1.24}},{"type":"Feature","geometry":{"type":"Point","coordinates":[5578,4007]},"properties":{"kind":"mountain","scale":1.25}},{"type":"Feature","geometry":{"type":"Point","coordinates":[2667,4028]},"properties":{"kind":"mountain","scale":0.9}},{"type":"Feature","geometry":{"type":"Point","coordinates":[5730,4031]},"properties":{"kind":"mountain","scale":0.84}},{"type":"Feature","geometry":{"type":"Point","coordinates":[1142,4054]},"properties":{"kind":"mountain","scale":1.21}},{"type":"Feature","geometry":{"type":"Point","coordinates":[2532,4057]},"properties":{"kind":"mountain","scale":0.95}},{"type":"Feature","geometry":{"type":"Point","coordinates":[5599,4043]},"properties":{"kind":"mountain","scale":1.16}},{"type":"Feature","geometry":{"type":"Point","coordinates":[5739,4052]},"properties":{"kind":"mountain","scale":1}},{"type":"Feature","geometry":{"type":"Point","coordinates":[1201,4066]},"properties":{"kind":"mountain","scale":0.8}},{"type":"Feature","geometry":{"type":"Point","coordinates":[2512,4075]},"properties":{"kind":"mountain","scale":0.79}},{"type":"Feature","geometry":{"type":"Point","coordinates":[5609,4074]},"properties":{"kind":"mountain","scale":0.99}},{"type":"Feature","geometry":{"type":"Point","coordinates":[5743,4075]},"properties":{"kind":"mountain","scale":0.96}},{"type":"Feature","geometry":{"type":"Point","coordinates":[1904,4117]},"properties":{"kind":"mountain","scale":0.93}},{"type":"Feature","geometry":{"type":"Point","coordinates":[2469,4119]},"properties":{"kind":"mountain","scale":1.24}},{"type":"Feature","geometry":{"type":"Point","coordinates":[5625,4137]},"properties":{"kind":"mountain","scale":1.06}},{"type":"Feature","geometry":{"type":"Point","coordinates":[5738,4139]},"properties":{"kind":"mountain","scale":1.16}},{"type":"Feature","geometry":{"type":"Point","coordinates":[1985,4159]},"properties":{"kind":"mountain","scale":0.88}},{"type":"Feature","geometry":{"type":"Point","coordinates":[2023,4157]},"properties":{"kind":"mountain","scale":0.97}},{"type":"Feature","geometry":{"type":"Point","coordinates":[2431,4160]},"properties":{"kind":"mountain","scale":1.2}},{"type":"Feature","geometry":{"type":"Point","coordinates":[5636,4165]},"properties":{"kind":"mountain","scale":0.78}},{"type":"Feature","geometry":{"type":"Point","coordinates":[5701,4157]},"properties":{"kind":"mountain","scale":0.77}},{"type":"Feature","geometry":{"type":"Point","coordinates":[5686,4185]},"properties":{"kind":"mountain","scale":0.79}},{"type":"Feature","geometry":{"type":"Point","coordinates":[2549,4194]},"properties":{"kind":"mountain","scale":0.9}},{"type":"Feature","geometry":{"type":"Point","coordinates":[2578,4200]},"properties":{"kind":"mountain","scale":1.19}},{"type":"Feature","geometry":{"type":"Point","coordinates":[5586,4213]},"properties":{"kind":"mountain","scale":0.81}},{"type":"Feature","geometry":{"type":"Point","coordinates":[1901,4229]},"properties":{"kind":"mountain","scale":0.75}},{"type":"Feature","geometry":{"type":"Point","coordinates":[5590,4252]},"properties":{"kind":"mountain","scale":1.02}},{"type":"Feature","geometry":{"type":"Point","coordinates":[5664,4255]},"properties":{"kind":"mountain","scale":1.09}},{"type":"Feature","geometry":{"type":"Point","coordinates":[1892,4260]},"properties":{"kind":"mountain","scale":1}},{"type":"Feature","geometry":{"type":"Point","coordinates":[1957,4272]},"properties":{"kind":"mountain","scale":0.85}},{"type":"Feature","geometry":{"type":"Point","coordinates":[5608,4272]},"properties":{"kind":"mountain","scale":1.21}},{"type":"Feature","geometry":{"type":"Point","coordinates":[1845,4326]},"properties":{"kind":"mountain","scale":1.25}},{"type":"Feature","geometry":{"type":"Point","coordinates":[9849,687]},"properties":{"kind":"forest","scale":0.91}},{"type":"Feature","geometry":{"type":"Point","coordinates":[9815,693]},"properties":{"kind":"forest","scale":1.05}},{"type":"Feature","geometry":{"type":"Point","coordinates":[9843,690]},"properties":{"kind":"forest","scale":1.05}},{"type":"Feature","geometry":{"type":"Point","coordinates":[4738,942]},"properties":{"kind":"forest","scale":0.84}},{"type":"Feature","geometry":{"type":"Point","coordinates":[4763,943]},"properties":{"kind":"forest","scale":1.18}},{"type":"Feature","geometry":{"type":"Point","coordinates":[4707,959]},"properties":{"kind":"forest","scale":1.07}},{"type":"Feature","geometry":{"type":"Point","coordinates":[4731,950]},"properties":{"kind":"forest","scale":1.23}},{"type":"Feature","geometry":{"type":"Point","coordinates":[4741,945]},"properties":{"kind":"forest","scale":1.13}},{"type":"Feature","geometry":{"type":"Point","coordinates":[4761,952]},"properties":{"kind":"forest","scale":0.88}},{"type":"Feature","geometry":{"type":"Point","coordinates":[4774,958]},"properties":{"kind":"forest","scale":0.99}},{"type":"Feature","geometry":{"type":"Point","coordinates":[4712,961]},"properties":{"kind":"forest","scale":0.8}},{"type":"Feature","geometry":{"type":"Point","coordinates":[6714,994]},"properties":{"kind":"forest","scale":0.8}},{"type":"Feature","geometry":{"type":"Point","coordinates":[6690,1090]},"properties":{"kind":"forest","scale":1.09}},{"type":"Feature","geometry":{"type":"Point","coordinates":[4713,1163]},"properties":{"kind":"forest","scale":1.21}},{"type":"Feature","geometry":{"type":"Point","coordinates":[4728,1159]},"properties":{"kind":"forest","scale":1.21}},{"type":"Feature","geometry":{"type":"Point","coordinates":[4737,1164]},"properties":{"kind":"forest","scale":1.11}},{"type":"Feature","geometry":{"type":"Point","coordinates":[4764,1159]},"properties":{"kind":"forest","scale":0.96}},{"type":"Feature","geometry":{"type":"Point","coordinates":[4781,1158]},"properties":{"kind":"forest","scale":0.89}},{"type":"Feature","geometry":{"type":"Point","coordinates":[4792,1158]},"properties":{"kind":"forest","scale":1.15}},{"type":"Feature","geometry":{"type":"Point","coordinates":[4812,1154]},"properties":{"kind":"forest","scale":1.21}},{"type":"Feature","geometry":{"type":"Point","coordinates":[4853,1164]},"properties":{"kind":"forest","scale":1.18}},{"type":"Feature","geometry":{"type":"Point","coordinates":[4659,1174]},"properties":{"kind":"forest","scale":1.01}},{"type":"Feature","geometry":{"type":"Point","coordinates":[4688,1169]},"properties":{"kind":"forest","scale":0.91}},{"type":"Feature","geometry":{"type":"Point","coordinates":[4702,1175]},"properties":{"kind":"forest","scale":0.83}},{"type":"Feature","geometry":{"type":"Point","coordinates":[4737,1173]},"properties":{"kind":"forest","scale":1.14}},{"type":"Feature","geometry":{"type":"Point","coordinates":[4755,1174]},"properties":{"kind":"forest","scale":0.86}},{"type":"Feature","geometry":{"type":"Point","coordinates":[4780,1173]},"properties":{"kind":"forest","scale":1.01}},{"type":"Feature","geometry":{"type":"Point","coordinates":[4791,1172]},"properties":{"kind":"forest","scale":0.9}},{"type":"Feature","geometry":{"type":"Point","coordinates":[4818,1177]},"properties":{"kind":"forest","scale":0.79}},{"type":"Feature","geometry":{"type":"Point","coordinates":[4828,1175]},"properties":{"kind":"forest","scale":0.95}},{"type":"Feature","geometry":{"type":"Point","coordinates":[4852,1171]},"properties":{"kind":"forest","scale":0.92}},{"type":"Feature","geometry":{"type":"Point","coordinates":[4858,1168]},"properties":{"kind":"forest","scale":0.95}},{"type":"Feature","geometry":{"type":"Point","coordinates":[4883,1177]},"properties":{"kind":"forest","scale":1.12}},{"type":"Feature","geometry":{"type":"Point","coordinates":[4835,1182]},"properties":{"kind":"forest","scale":1.11}},{"type":"Feature","geometry":{"type":"Point","coordinates":[4852,1198]},"properties":{"kind":"forest","scale":1}},{"type":"Feature","geometry":{"type":"Point","coordinates":[4865,1182]},"properties":{"kind":"forest","scale":1.24}},{"type":"Feature","geometry":{"type":"Point","coordinates":[4814,1211]},"properties":{"kind":"forest","scale":1.18}},{"type":"Feature","geometry":{"type":"Point","coordinates":[4829,1206]},"properties":{"kind":"forest","scale":1.2}},{"type":"Feature","geometry":{"type":"Point","coordinates":[4853,1203]},"properties":{"kind":"forest","scale":0.84}},{"type":"Feature","geometry":{"type":"Point","coordinates":[4818,1226]},"properties":{"kind":"forest","scale":0.95}},{"type":"Feature","geometry":{"type":"Point","coordinates":[4836,1229]},"properties":{"kind":"forest","scale":0.82}},{"type":"Feature","geometry":{"type":"Point","coordinates":[4843,1222]},"properties":{"kind":"forest","scale":1.09}},{"type":"Feature","geometry":{"type":"Point","coordinates":[4814,1238]},"properties":{"kind":"forest","scale":0.98}},{"type":"Feature","geometry":{"type":"Point","coordinates":[4630,1262]},"properties":{"kind":"forest","scale":1.08}},{"type":"Feature","geometry":{"type":"Point","coordinates":[4641,1251]},"properties":{"kind":"forest","scale":1.17}},{"type":"Feature","geometry":{"type":"Point","coordinates":[4652,1262]},"properties":{"kind":"forest","scale":1.02}},{"type":"Feature","geometry":{"type":"Point","coordinates":[4637,1283]},"properties":{"kind":"forest","scale":0.9}},{"type":"Feature","geometry":{"type":"Point","coordinates":[4651,1275]},"properties":{"kind":"forest","scale":0.96}},{"type":"Feature","geometry":{"type":"Point","coordinates":[4688,1278]},"properties":{"kind":"forest","scale":0.77}},{"type":"Feature","geometry":{"type":"Point","coordinates":[4714,1282]},"properties":{"kind":"forest","scale":0.78}},{"type":"Feature","geometry":{"type":"Point","coordinates":[4719,1283]},"properties":{"kind":"forest","scale":0.97}},{"type":"Feature","geometry":{"type":"Point","coordinates":[4745,1273]},"properties":{"kind":"forest","scale":1.24}},{"type":"Feature","geometry":{"type":"Point","coordinates":[4763,1275]},"properties":{"kind":"forest","scale":1.16}},{"type":"Feature","geometry":{"type":"Point","coordinates":[4638,1296]},"properties":{"kind":"forest","scale":1.09}},{"type":"Feature","geometry":{"type":"Point","coordinates":[4658,1286]},"properties":{"kind":"forest","scale":0.75}},{"type":"Feature","geometry":{"type":"Point","coordinates":[4682,1285]},"properties":{"kind":"forest","scale":1.15}},{"type":"Feature","geometry":{"type":"Point","coordinates":[4695,1293]},"properties":{"kind":"forest","scale":1.21}},{"type":"Feature","geometry":{"type":"Point","coordinates":[4709,1293]},"properties":{"kind":"forest","scale":1.15}},{"type":"Feature","geometry":{"type":"Point","coordinates":[4728,1299]},"properties":{"kind":"forest","scale":1.25}},{"type":"Feature","geometry":{"type":"Point","coordinates":[4745,1289]},"properties":{"kind":"forest","scale":0.97}},{"type":"Feature","geometry":{"type":"Point","coordinates":[6581,1295]},"properties":{"kind":"forest","scale":1.16}},{"type":"Feature","geometry":{"type":"Point","coordinates":[6593,1294]},"properties":{"kind":"forest","scale":1.15}},{"type":"Feature","geometry":{"type":"Point","coordinates":[4649,1305]},"properties":{"kind":"forest","scale":1.22}},{"type":"Feature","geometry":{"type":"Point","coordinates":[4664,1307]},"properties":{"kind":"forest","scale":0.84}},{"type":"Feature","geometry":{"type":"Point","coordinates":[4678,1313]},"properties":{"kind":"forest","scale":0.77}},{"type":"Feature","geometry":{"type":"Point","coordinates":[4691,1304]},"properties":{"kind":"forest","scale":1.25}},{"type":"Feature","geometry":{"type":"Point","coordinates":[4709,1311]},"properties":{"kind":"forest","scale":0.81}},{"type":"Feature","geometry":{"type":"Point","coordinates":[4550,1329]},"properties":{"kind":"forest","scale":0.8}},{"type":"Feature","geometry":{"type":"Point","coordinates":[4565,1334]},"properties":{"kind":"forest","scale":0.99}},{"type":"Feature","geometry":{"type":"Point","coordinates":[4648,1324]},"properties":{"kind":"forest","scale":0.89}},{"type":"Feature","geometry":{"type":"Point","coordinates":[4661,1334]},"properties":{"kind":"forest","scale":0.76}},{"type":"Feature","geometry":{"type":"Point","coordinates":[4676,1321]},"properties":{"kind":"forest","scale":1.11}},{"type":"Feature","geometry":{"type":"Point","coordinates":[4695,1327]},"properties":{"kind":"forest","scale":0.83}},{"type":"Feature","geometry":{"type":"Point","coordinates":[4703,1329]},"properties":{"kind":"forest","scale":0.93}},{"type":"Feature","geometry":{"type":"Point","coordinates":[4567,1338]},"properties":{"kind":"forest","scale":1}},{"type":"Feature","geometry":{"type":"Point","coordinates":[4664,1351]},"properties":{"kind":"forest","scale":1.03}},{"type":"Feature","geometry":{"type":"Point","coordinates":[4679,1345]},"properties":{"kind":"forest","scale":0.92}},{"type":"Feature","geometry":{"type":"Point","coordinates":[4685,1341]},"properties":{"kind":"forest","scale":0.9}},{"type":"Feature","geometry":{"type":"Point","coordinates":[7121,1351]},"properties":{"kind":"forest","scale":1.11}},{"type":"Feature","geometry":{"type":"Point","coordinates":[4529,1354]},"properties":{"kind":"forest","scale":1.02}},{"type":"Feature","geometry":{"type":"Point","coordinates":[4562,1362]},"properties":{"kind":"forest","scale":1.17}},{"type":"Feature","geometry":{"type":"Point","coordinates":[4578,1365]},"properties":{"kind":"forest","scale":1.12}},{"type":"Feature","geometry":{"type":"Point","coordinates":[4582,1356]},"properties":{"kind":"forest","scale":1.23}},{"type":"Feature","geometry":{"type":"Point","coordinates":[4648,1364]},"properties":{"kind":"forest","scale":1.07}},{"type":"Feature","geometry":{"type":"Point","coordinates":[4666,1362]},"properties":{"kind":"forest","scale":0.96}},{"type":"Feature","geometry":{"type":"Point","coordinates":[4676,1366]},"properties":{"kind":"forest","scale":1.22}},{"type":"Feature","geometry":{"type":"Point","coordinates":[4692,1366]},"properties":{"kind":"forest","scale":0.77}},{"type":"Feature","geometry":{"type":"Point","coordinates":[4548,1385]},"properties":{"kind":"forest","scale":0.98}},{"type":"Feature","geometry":{"type":"Point","coordinates":[4566,1383]},"properties":{"kind":"forest","scale":0.87}},{"type":"Feature","geometry":{"type":"Point","coordinates":[4630,1375]},"properties":{"kind":"forest","scale":0.83}},{"type":"Feature","geometry":{"type":"Point","coordinates":[4634,1380]},"properties":{"kind":"forest","scale":1.05}},{"type":"Feature","geometry":{"type":"Point","coordinates":[4662,1369]},"properties":{"kind":"forest","scale":0.76}},{"type":"Feature","geometry":{"type":"Point","coordinates":[4679,1383]},"properties":{"kind":"forest","scale":0.89}},{"type":"Feature","geometry":{"type":"Point","coordinates":[9014,1379]},"properties":{"kind":"forest","scale":1.09}},{"type":"Feature","geometry":{"type":"Point","coordinates":[9034,1376]},"properties":{"kind":"forest","scale":0.92}},{"type":"Feature","geometry":{"type":"Point","coordinates":[9038,1385]},"properties":{"kind":"forest","scale":1.06}},{"type":"Feature","geometry":{"type":"Point","coordinates":[4529,1397]},"properties":{"kind":"forest","scale":0.82}},{"type":"Feature","geometry":{"type":"Point","coordinates":[4533,1395]},"properties":{"kind":"forest","scale":1.07}},{"type":"Feature","geometry":{"type":"Point","coordinates":[4553,1394]},"properties":{"kind":"forest","scale":1.21}},{"type":"Feature","geometry":{"type":"Point","coordinates":[4573,1389]},"properties":{"kind":"forest","scale":0.78}},{"type":"Feature","geometry":{"type":"Point","coordinates":[4633,1392]},"properties":{"kind":"forest","scale":1.24}},{"type":"Feature","geometry":{"type":"Point","coordinates":[4652,1395]},"properties":{"kind":"forest","scale":1.18}},{"type":"Feature","geometry":{"type":"Point","coordinates":[4671,1401]},"properties":{"kind":"forest","scale":1.17}},{"type":"Feature","geometry":{"type":"Point","coordinates":[4862,1388]},"properties":{"kind":"forest","scale":1.21}},{"type":"Feature","geometry":{"type":"Point","coordinates":[4871,1386]},"properties":{"kind":"forest","scale":0.93}},{"type":"Feature","geometry":{"type":"Point","coordinates":[8975,1395]},"properties":{"kind":"forest","scale":1.09}},{"type":"Feature","geometry":{"type":"Point","coordinates":[8995,1400]},"properties":{"kind":"forest","scale":1.16}},{"type":"Feature","geometry":{"type":"Point","coordinates":[9006,1400]},"properties":{"kind":"forest","scale":0.83}},{"type":"Feature","geometry":{"type":"Point","coordinates":[9034,1392]},"properties":{"kind":"forest","scale":0.94}},{"type":"Feature","geometry":{"type":"Point","coordinates":[9422,1396]},"properties":{"kind":"forest","scale":1.05}},{"type":"Feature","geometry":{"type":"Point","coordinates":[9468,1399]},"properties":{"kind":"forest","scale":0.79}},{"type":"Feature","geometry":{"type":"Point","coordinates":[4468,1410]},"properties":{"kind":"forest","scale":1.07}},{"type":"Feature","geometry":{"type":"Point","coordinates":[4508,1407]},"properties":{"kind":"forest","scale":0.81}},{"type":"Feature","geometry":{"type":"Point","coordinates":[4525,1419]},"properties":{"kind":"forest","scale":1.02}},{"type":"Feature","geometry":{"type":"Point","coordinates":[4538,1406]},"properties":{"kind":"forest","scale":0.8}},{"type":"Feature","geometry":{"type":"Point","coordinates":[4550,1416]},"properties":{"kind":"forest","scale":1.18}},{"type":"Feature","geometry":{"type":"Point","coordinates":[4570,1406]},"properties":{"kind":"forest","scale":1.03}},{"type":"Feature","geometry":{"type":"Point","coordinates":[4585,1413]},"properties":{"kind":"forest","scale":0.93}},{"type":"Feature","geometry":{"type":"Point","coordinates":[4600,1415]},"properties":{"kind":"forest","scale":0.79}},{"type":"Feature","geometry":{"type":"Point","coordinates":[4629,1408]},"properties":{"kind":"forest","scale":0.85}},{"type":"Feature","geometry":{"type":"Point","coordinates":[4635,1407]},"properties":{"kind":"forest","scale":1}},{"type":"Feature","geometry":{"type":"Point","coordinates":[4865,1403]},"properties":{"kind":"forest","scale":0.88}},{"type":"Feature","geometry":{"type":"Point","coordinates":[4886,1407]},"properties":{"kind":"forest","scale":0.81}},{"type":"Feature","geometry":{"type":"Point","coordinates":[8983,1405]},"properties":{"kind":"forest","scale":0.83}},{"type":"Feature","geometry":{"type":"Point","coordinates":[8997,1412]},"properties":{"kind":"forest","scale":1.02}},{"type":"Feature","geometry":{"type":"Point","coordinates":[9408,1414]},"properties":{"kind":"forest","scale":1.16}},{"type":"Feature","geometry":{"type":"Point","coordinates":[9426,1405]},"properties":{"kind":"forest","scale":1.24}},{"type":"Feature","geometry":{"type":"Point","coordinates":[9440,1411]},"properties":{"kind":"forest","scale":1.01}},{"type":"Feature","geometry":{"type":"Point","coordinates":[9445,1417]},"properties":{"kind":"forest","scale":0.85}},{"type":"Feature","geometry":{"type":"Point","coordinates":[9467,1413]},"properties":{"kind":"forest","scale":1.17}},{"type":"Feature","geometry":{"type":"Point","coordinates":[4462,1421]},"properties":{"kind":"forest","scale":1.11}},{"type":"Feature","geometry":{"type":"Point","coordinates":[4473,1430]},"properties":{"kind":"forest","scale":0.87}},{"type":"Feature","geometry":{"type":"Point","coordinates":[4482,1436]},"properties":{"kind":"forest","scale":0.93}},{"type":"Feature","geometry":{"type":"Point","coordinates":[4505,1426]},"properties":{"kind":"forest","scale":1.01}},{"type":"Feature","geometry":{"type":"Point","coordinates":[4522,1429]},"properties":{"kind":"forest","scale":1.09}},{"type":"Feature","geometry":{"type":"Point","coordinates":[4535,1433]},"properties":{"kind":"forest","scale":0.91}},{"type":"Feature","geometry":{"type":"Point","coordinates":[4550,1421]},"properties":{"kind":"forest","scale":0.76}},{"type":"Feature","geometry":{"type":"Point","coordinates":[4570,1434]},"properties":{"kind":"forest","scale":1.12}},{"type":"Feature","geometry":{"type":"Point","coordinates":[4586,1420]},"properties":{"kind":"forest","scale":1.08}},{"type":"Feature","geometry":{"type":"Point","coordinates":[4600,1424]},"properties":{"kind":"forest","scale":0.94}},{"type":"Feature","geometry":{"type":"Point","coordinates":[4616,1434]},"properties":{"kind":"forest","scale":0.86}},{"type":"Feature","geometry":{"type":"Point","coordinates":[4643,1420]},"properties":{"kind":"forest","scale":1.2}},{"type":"Feature","geometry":{"type":"Point","coordinates":[4860,1433]},"properties":{"kind":"forest","scale":1.09}},{"type":"Feature","geometry":{"type":"Point","coordinates":[4876,1428]},"properties":{"kind":"forest","scale":0.83}},{"type":"Feature","geometry":{"type":"Point","coordinates":[9403,1427]},"properties":{"kind":"forest","scale":1.09}},{"type":"Feature","geometry":{"type":"Point","coordinates":[9412,1433]},"properties":{"kind":"forest","scale":0.96}},{"type":"Feature","geometry":{"type":"Point","coordinates":[9435,1434]},"properties":{"kind":"forest","scale":1.22}},{"type":"Feature","geometry":{"type":"Point","coordinates":[9447,1429]},"properties":{"kind":"forest","scale":1.04}},{"type":"Feature","geometry":{"type":"Point","coordinates":[4398,1452]},"properties":{"kind":"forest","scale":0.79}},{"type":"Feature","geometry":{"type":"Point","coordinates":[4421,1440]},"properties":{"kind":"forest","scale":0.93}},{"type":"Feature","geometry":{"type":"Point","coordinates":[4433,1440]},"properties":{"kind":"forest","scale":0.76}},{"type":"Feature","geometry":{"type":"Point","coordinates":[4450,1444]},"properties":{"kind":"forest","scale":1.17}},{"type":"Feature","geometry":{"type":"Point","coordinates":[4463,1446]},"properties":{"kind":"forest","scale":1.04}},{"type":"Feature","geometry":{"type":"Point","coordinates":[4480,1446]},"properties":{"kind":"forest","scale":1.12}},{"type":"Feature","geometry":{"type":"Point","coordinates":[9413,1439]},"properties":{"kind":"forest","scale":0.94}},{"type":"Feature","geometry":{"type":"Point","coordinates":[9447,1444]},"properties":{"kind":"forest","scale":1.2}},{"type":"Feature","geometry":{"type":"Point","coordinates":[4415,1461]},"properties":{"kind":"forest","scale":1.04}},{"type":"Feature","geometry":{"type":"Point","coordinates":[4444,1462]},"properties":{"kind":"forest","scale":0.93}},{"type":"Feature","geometry":{"type":"Point","coordinates":[4450,1455]},"properties":{"kind":"forest","scale":1.1}},{"type":"Feature","geometry":{"type":"Point","coordinates":[5589,1488]},"properties":{"kind":"forest","scale":0.98}},{"type":"Feature","geometry":{"type":"Point","coordinates":[5606,1503]},"properties":{"kind":"forest","scale":1.1}},{"type":"Feature","geometry":{"type":"Point","coordinates":[5610,1520]},"properties":{"kind":"forest","scale":0.85}},{"type":"Feature","geometry":{"type":"Point","coordinates":[5621,1514]},"properties":{"kind":"forest","scale":0.82}},{"type":"Feature","geometry":{"type":"Point","coordinates":[5641,1518]},"properties":{"kind":"forest","scale":1.15}},{"type":"Feature","geometry":{"type":"Point","coordinates":[5290,1577]},"properties":{"kind":"forest","scale":1.11}},{"type":"Feature","geometry":{"type":"Point","coordinates":[5309,1575]},"properties":{"kind":"forest","scale":0.96}},{"type":"Feature","geometry":{"type":"Point","coordinates":[5295,1591]},"properties":{"kind":"forest","scale":1.11}},{"type":"Feature","geometry":{"type":"Point","coordinates":[6723,2219]},"properties":{"kind":"forest","scale":0.89}},{"type":"Feature","geometry":{"type":"Point","coordinates":[6726,2224]},"properties":{"kind":"forest","scale":1.06}},{"type":"Feature","geometry":{"type":"Point","coordinates":[5460,2399]},"properties":{"kind":"forest","scale":1.24}},{"type":"Feature","geometry":{"type":"Point","coordinates":[5481,2389]},"properties":{"kind":"forest","scale":1}},{"type":"Feature","geometry":{"type":"Point","coordinates":[5490,2397]},"properties":{"kind":"forest","scale":0.83}},{"type":"Feature","geometry":{"type":"Point","coordinates":[4977,2422]},"properties":{"kind":"forest","scale":1.02}},{"type":"Feature","geometry":{"type":"Point","coordinates":[5001,2410]},"properties":{"kind":"forest","scale":1.05}},{"type":"Feature","geometry":{"type":"Point","coordinates":[5013,2409]},"properties":{"kind":"forest","scale":0.85}},{"type":"Feature","geometry":{"type":"Point","coordinates":[5024,2413]},"properties":{"kind":"forest","scale":0.83}},{"type":"Feature","geometry":{"type":"Point","coordinates":[4972,2430]},"properties":{"kind":"forest","scale":1.22}},{"type":"Feature","geometry":{"type":"Point","coordinates":[4984,2431]},"properties":{"kind":"forest","scale":0.86}},{"type":"Feature","geometry":{"type":"Point","coordinates":[5337,2442]},"properties":{"kind":"forest","scale":1.07}},{"type":"Feature","geometry":{"type":"Point","coordinates":[4938,2731]},"properties":{"kind":"forest","scale":1.02}},{"type":"Feature","geometry":{"type":"Point","coordinates":[4940,2744]},"properties":{"kind":"forest","scale":1.01}},{"type":"Feature","geometry":{"type":"Point","coordinates":[4963,2761]},"properties":{"kind":"forest","scale":0.92}},{"type":"Feature","geometry":{"type":"Point","coordinates":[4986,2748]},"properties":{"kind":"forest","scale":0.93}},{"type":"Feature","geometry":{"type":"Point","coordinates":[4990,2754]},"properties":{"kind":"forest","scale":1.11}},{"type":"Feature","geometry":{"type":"Point","coordinates":[5036,2752]},"properties":{"kind":"forest","scale":1.04}},{"type":"Feature","geometry":{"type":"Point","coordinates":[5045,2761]},"properties":{"kind":"forest","scale":1.01}},{"type":"Feature","geometry":{"type":"Point","coordinates":[4969,2776]},"properties":{"kind":"forest","scale":0.9}},{"type":"Feature","geometry":{"type":"Point","coordinates":[4974,2767]},"properties":{"kind":"forest","scale":0.97}},{"type":"Feature","geometry":{"type":"Point","coordinates":[5004,2779]},"properties":{"kind":"forest","scale":1.02}},{"type":"Feature","geometry":{"type":"Point","coordinates":[5013,2773]},"properties":{"kind":"forest","scale":0.91}},{"type":"Feature","geometry":{"type":"Point","coordinates":[5031,2779]},"properties":{"kind":"forest","scale":1.19}},{"type":"Feature","geometry":{"type":"Point","coordinates":[5050,2770]},"properties":{"kind":"forest","scale":1.21}},{"type":"Feature","geometry":{"type":"Point","coordinates":[5060,2766]},"properties":{"kind":"forest","scale":0.77}},{"type":"Feature","geometry":{"type":"Point","coordinates":[5082,2773]},"properties":{"kind":"forest","scale":1.18}},{"type":"Feature","geometry":{"type":"Point","coordinates":[5095,2779]},"properties":{"kind":"forest","scale":0.88}},{"type":"Feature","geometry":{"type":"Point","coordinates":[5141,2777]},"properties":{"kind":"forest","scale":1.02}},{"type":"Feature","geometry":{"type":"Point","coordinates":[5146,2764]},"properties":{"kind":"forest","scale":0.88}},{"type":"Feature","geometry":{"type":"Point","coordinates":[4989,2780]},"properties":{"kind":"forest","scale":1.19}},{"type":"Feature","geometry":{"type":"Point","coordinates":[5007,2782]},"properties":{"kind":"forest","scale":0.84}},{"type":"Feature","geometry":{"type":"Point","coordinates":[5166,2788]},"properties":{"kind":"forest","scale":1.05}},{"type":"Feature","geometry":{"type":"Point","coordinates":[4923,2829]},"properties":{"kind":"forest","scale":1.07}},{"type":"Feature","geometry":{"type":"Point","coordinates":[4931,2839]},"properties":{"kind":"forest","scale":0.94}},{"type":"Feature","geometry":{"type":"Point","coordinates":[4922,2851]},"properties":{"kind":"forest","scale":1.11}},{"type":"Feature","geometry":{"type":"Point","coordinates":[4952,2854]},"properties":{"kind":"forest","scale":0.83}},{"type":"Feature","geometry":{"type":"Point","coordinates":[4968,2859]},"properties":{"kind":"forest","scale":0.82}},{"type":"Feature","geometry":{"type":"Point","coordinates":[5012,2862]},"properties":{"kind":"forest","scale":0.88}},{"type":"Feature","geometry":{"type":"Point","coordinates":[5040,2864]},"properties":{"kind":"forest","scale":0.85}},{"type":"Feature","geometry":{"type":"Point","coordinates":[4924,2867]},"properties":{"kind":"forest","scale":1.02}},{"type":"Feature","geometry":{"type":"Point","coordinates":[4947,2879]},"properties":{"kind":"forest","scale":0.86}},{"type":"Feature","geometry":{"type":"Point","coordinates":[4959,2867]},"properties":{"kind":"forest","scale":1.23}},{"type":"Feature","geometry":{"type":"Point","coordinates":[4978,2874]},"properties":{"kind":"forest","scale":1.16}},{"type":"Feature","geometry":{"type":"Point","coordinates":[5005,2867]},"properties":{"kind":"forest","scale":0.8}},{"type":"Feature","geometry":{"type":"Point","coordinates":[5007,2872]},"properties":{"kind":"forest","scale":1}},{"type":"Feature","geometry":{"type":"Point","coordinates":[5027,2873]},"properties":{"kind":"forest","scale":1.11}},{"type":"Feature","geometry":{"type":"Point","coordinates":[1110,3103]},"properties":{"kind":"forest","scale":1.11}},{"type":"Feature","geometry":{"type":"Point","coordinates":[1129,3117]},"properties":{"kind":"forest","scale":1.07}},{"type":"Feature","geometry":{"type":"Point","coordinates":[1140,3116]},"properties":{"kind":"forest","scale":1.25}},{"type":"Feature","geometry":{"type":"Point","coordinates":[1164,3116]},"properties":{"kind":"forest","scale":1.02}},{"type":"Feature","geometry":{"type":"Point","coordinates":[1175,3115]},"properties":{"kind":"forest","scale":1.19}},{"type":"Feature","geometry":{"type":"Point","coordinates":[1194,3114]},"properties":{"kind":"forest","scale":1.05}},{"type":"Feature","geometry":{"type":"Point","coordinates":[1113,3130]},"properties":{"kind":"forest","scale":1.14}},{"type":"Feature","geometry":{"type":"Point","coordinates":[1125,3124]},"properties":{"kind":"forest","scale":0.87}},{"type":"Feature","geometry":{"type":"Point","coordinates":[1141,3127]},"properties":{"kind":"forest","scale":1.11}},{"type":"Feature","geometry":{"type":"Point","coordinates":[1156,3131]},"properties":{"kind":"forest","scale":1.09}},{"type":"Feature","geometry":{"type":"Point","coordinates":[1172,3124]},"properties":{"kind":"forest","scale":1.1}},{"type":"Feature","geometry":{"type":"Point","coordinates":[1182,3120]},"properties":{"kind":"forest","scale":0.97}},{"type":"Feature","geometry":{"type":"Point","coordinates":[1200,3127]},"properties":{"kind":"forest","scale":0.88}},{"type":"Feature","geometry":{"type":"Point","coordinates":[1218,3125]},"properties":{"kind":"forest","scale":1.01}},{"type":"Feature","geometry":{"type":"Point","coordinates":[1114,3140]},"properties":{"kind":"forest","scale":1.23}},{"type":"Feature","geometry":{"type":"Point","coordinates":[1142,3147]},"properties":{"kind":"forest","scale":1.09}},{"type":"Feature","geometry":{"type":"Point","coordinates":[1150,3142]},"properties":{"kind":"forest","scale":0.75}},{"type":"Feature","geometry":{"type":"Point","coordinates":[1167,3141]},"properties":{"kind":"forest","scale":0.76}},{"type":"Feature","geometry":{"type":"Point","coordinates":[1197,3140]},"properties":{"kind":"forest","scale":1.19}},{"type":"Feature","geometry":{"type":"Point","coordinates":[1205,3149]},"properties":{"kind":"forest","scale":1.16}},{"type":"Feature","geometry":{"type":"Point","coordinates":[1141,3155]},"properties":{"kind":"forest","scale":1.18}},{"type":"Feature","geometry":{"type":"Point","coordinates":[1157,3154]},"properties":{"kind":"forest","scale":1.17}},{"type":"Feature","geometry":{"type":"Point","coordinates":[1180,3160]},"properties":{"kind":"forest","scale":0.94}},{"type":"Feature","geometry":{"type":"Point","coordinates":[7817,3157]},"properties":{"kind":"forest","scale":1.13}},{"type":"Feature","geometry":{"type":"Point","coordinates":[1036,3174]},"properties":{"kind":"forest","scale":1.24}},{"type":"Feature","geometry":{"type":"Point","coordinates":[1047,3184]},"properties":{"kind":"forest","scale":1.2}},{"type":"Feature","geometry":{"type":"Point","coordinates":[1070,3172]},"properties":{"kind":"forest","scale":1.01}},{"type":"Feature","geometry":{"type":"Point","coordinates":[1093,3181]},"properties":{"kind":"forest","scale":0.79}},{"type":"Feature","geometry":{"type":"Point","coordinates":[1147,3174]},"properties":{"kind":"forest","scale":1.04}},{"type":"Feature","geometry":{"type":"Point","coordinates":[1161,3178]},"properties":{"kind":"forest","scale":0.78}},{"type":"Feature","geometry":{"type":"Point","coordinates":[1003,3196]},"properties":{"kind":"forest","scale":0.96}},{"type":"Feature","geometry":{"type":"Point","coordinates":[1026,3203]},"properties":{"kind":"forest","scale":0.98}},{"type":"Feature","geometry":{"type":"Point","coordinates":[1043,3198]},"properties":{"kind":"forest","scale":1.04}},{"type":"Feature","geometry":{"type":"Point","coordinates":[1074,3195]},"properties":{"kind":"forest","scale":1.2}},{"type":"Feature","geometry":{"type":"Point","coordinates":[1103,3189]},"properties":{"kind":"forest","scale":0.82}},{"type":"Feature","geometry":{"type":"Point","coordinates":[1120,3201]},"properties":{"kind":"forest","scale":0.94}},{"type":"Feature","geometry":{"type":"Point","coordinates":[1141,3188]},"properties":{"kind":"forest","scale":0.97}},{"type":"Feature","geometry":{"type":"Point","coordinates":[1156,3192]},"properties":{"kind":"forest","scale":0.9}},{"type":"Feature","geometry":{"type":"Point","coordinates":[991,3219]},"properties":{"kind":"forest","scale":1.23}},{"type":"Feature","geometry":{"type":"Point","coordinates":[1004,3217]},"properties":{"kind":"forest","scale":1.2}},{"type":"Feature","geometry":{"type":"Point","coordinates":[1012,3217]},"properties":{"kind":"forest","scale":0.98}},{"type":"Feature","geometry":{"type":"Point","coordinates":[1111,3205]},"properties":{"kind":"forest","scale":0.79}},{"type":"Feature","geometry":{"type":"Point","coordinates":[1130,3217]},"properties":{"kind":"forest","scale":0.79}},{"type":"Feature","geometry":{"type":"Point","coordinates":[1144,3211]},"properties":{"kind":"forest","scale":1.07}},{"type":"Feature","geometry":{"type":"Point","coordinates":[1156,3212]},"properties":{"kind":"forest","scale":0.83}},{"type":"Feature","geometry":{"type":"Point","coordinates":[1028,3236]},"properties":{"kind":"forest","scale":1.13}},{"type":"Feature","geometry":{"type":"Point","coordinates":[1120,3225]},"properties":{"kind":"forest","scale":1.04}},{"type":"Feature","geometry":{"type":"Point","coordinates":[4564,3355]},"properties":{"kind":"forest","scale":0.94}},{"type":"Feature","geometry":{"type":"Point","coordinates":[4575,3347]},"properties":{"kind":"forest","scale":1.07}},{"type":"Feature","geometry":{"type":"Point","coordinates":[4587,3351]},"properties":{"kind":"forest","scale":1.02}},{"type":"Feature","geometry":{"type":"Point","coordinates":[4607,3355]},"properties":{"kind":"forest","scale":0.95}},{"type":"Feature","geometry":{"type":"Point","coordinates":[4567,3363]},"properties":{"kind":"forest","scale":1.02}},{"type":"Feature","geometry":{"type":"Point","coordinates":[4596,3372]},"properties":{"kind":"forest","scale":1.05}},{"type":"Feature","geometry":{"type":"Point","coordinates":[4613,3365]},"properties":{"kind":"forest","scale":1.04}},{"type":"Feature","geometry":{"type":"Point","coordinates":[4624,3374]},"properties":{"kind":"forest","scale":0.85}},{"type":"Feature","geometry":{"type":"Point","coordinates":[4577,3377]},"properties":{"kind":"forest","scale":1.2}},{"type":"Feature","geometry":{"type":"Point","coordinates":[4596,3384]},"properties":{"kind":"forest","scale":1.03}},{"type":"Feature","geometry":{"type":"Point","coordinates":[4605,3386]},"properties":{"kind":"forest","scale":0.97}},{"type":"Feature","geometry":{"type":"Point","coordinates":[4617,3390]},"properties":{"kind":"forest","scale":0.96}},{"type":"Feature","geometry":{"type":"Point","coordinates":[4640,3381]},"properties":{"kind":"forest","scale":1.22}},{"type":"Feature","geometry":{"type":"Point","coordinates":[4575,3408]},"properties":{"kind":"forest","scale":0.92}},{"type":"Feature","geometry":{"type":"Point","coordinates":[4590,3403]},"properties":{"kind":"forest","scale":0.86}},{"type":"Feature","geometry":{"type":"Point","coordinates":[4605,3395]},"properties":{"kind":"forest","scale":0.89}},{"type":"Feature","geometry":{"type":"Point","coordinates":[4627,3407]},"properties":{"kind":"forest","scale":1.22}},{"type":"Feature","geometry":{"type":"Point","coordinates":[4633,3404]},"properties":{"kind":"forest","scale":0.78}},{"type":"Feature","geometry":{"type":"Point","coordinates":[4650,3403]},"properties":{"kind":"forest","scale":1.04}},{"type":"Feature","geometry":{"type":"Point","coordinates":[4632,3422]},"properties":{"kind":"forest","scale":1.23}},{"type":"Feature","geometry":{"type":"Point","coordinates":[4633,3425]},"properties":{"kind":"forest","scale":1.2}},{"type":"Feature","geometry":{"type":"Point","coordinates":[4616,3437]},"properties":{"kind":"forest","scale":0.89}},{"type":"Feature","geometry":{"type":"Point","coordinates":[4645,3435]},"properties":{"kind":"forest","scale":1.05}},{"type":"Feature","geometry":{"type":"Point","coordinates":[4665,3437]},"properties":{"kind":"forest","scale":1.12}},{"type":"Feature","geometry":{"type":"Point","coordinates":[4622,3448]},"properties":{"kind":"forest","scale":0.92}},{"type":"Feature","geometry":{"type":"Point","coordinates":[4636,3451]},"properties":{"kind":"forest","scale":1.21}},{"type":"Feature","geometry":{"type":"Point","coordinates":[4651,3450]},"properties":{"kind":"forest","scale":1.07}},{"type":"Feature","geometry":{"type":"Point","coordinates":[4682,3443]},"properties":{"kind":"forest","scale":1.08}},{"type":"Feature","geometry":{"type":"Point","coordinates":[4625,3469]},"properties":{"kind":"forest","scale":0.81}},{"type":"Feature","geometry":{"type":"Point","coordinates":[4640,3476]},"properties":{"kind":"forest","scale":0.98}},{"type":"Feature","geometry":{"type":"Point","coordinates":[4657,3474]},"properties":{"kind":"forest","scale":0.81}},{"type":"Feature","geometry":{"type":"Point","coordinates":[4748,3497]},"properties":{"kind":"forest","scale":1.02}},{"type":"Feature","geometry":{"type":"Point","coordinates":[4755,3560]},"properties":{"kind":"forest","scale":1.08}},{"type":"Feature","geometry":{"type":"Point","coordinates":[4770,3560]},"properties":{"kind":"forest","scale":0.78}},{"type":"Feature","geometry":{"type":"Point","coordinates":[4791,3548]},"properties":{"kind":"forest","scale":0.76}},{"type":"Feature","geometry":{"type":"Point","coordinates":[4618,3569]},"properties":{"kind":"forest","scale":0.77}},{"type":"Feature","geometry":{"type":"Point","coordinates":[4636,3564]},"properties":{"kind":"forest","scale":1.01}},{"type":"Feature","geometry":{"type":"Point","coordinates":[4660,3571]},"properties":{"kind":"forest","scale":1.05}},{"type":"Feature","geometry":{"type":"Point","coordinates":[4670,3563]},"properties":{"kind":"forest","scale":0.95}},{"type":"Feature","geometry":{"type":"Point","coordinates":[4696,3569]},"properties":{"kind":"forest","scale":0.99}},{"type":"Feature","geometry":{"type":"Point","coordinates":[4703,3576]},"properties":{"kind":"forest","scale":0.78}},{"type":"Feature","geometry":{"type":"Point","coordinates":[4722,3572]},"properties":{"kind":"forest","scale":1.1}},{"type":"Feature","geometry":{"type":"Point","coordinates":[4745,3562]},"properties":{"kind":"forest","scale":0.97}},{"type":"Feature","geometry":{"type":"Point","coordinates":[4755,3578]},"properties":{"kind":"forest","scale":1.1}},{"type":"Feature","geometry":{"type":"Point","coordinates":[4780,3566]},"properties":{"kind":"forest","scale":0.93}},{"type":"Feature","geometry":{"type":"Point","coordinates":[4796,3573]},"properties":{"kind":"forest","scale":1.21}},{"type":"Feature","geometry":{"type":"Point","coordinates":[4815,3575]},"properties":{"kind":"forest","scale":1.08}},{"type":"Feature","geometry":{"type":"Point","coordinates":[4612,3586]},"properties":{"kind":"forest","scale":0.78}},{"type":"Feature","geometry":{"type":"Point","coordinates":[4661,3579]},"properties":{"kind":"forest","scale":1.11}},{"type":"Feature","geometry":{"type":"Point","coordinates":[4679,3595]},"properties":{"kind":"forest","scale":0.91}},{"type":"Feature","geometry":{"type":"Point","coordinates":[4685,3583]},"properties":{"kind":"forest","scale":0.88}},{"type":"Feature","geometry":{"type":"Point","coordinates":[4705,3592]},"properties":{"kind":"forest","scale":0.99}},{"type":"Feature","geometry":{"type":"Point","coordinates":[4729,3586]},"properties":{"kind":"forest","scale":1.02}},{"type":"Feature","geometry":{"type":"Point","coordinates":[4748,3587]},"properties":{"kind":"forest","scale":0.87}},{"type":"Feature","geometry":{"type":"Point","coordinates":[4752,3583]},"properties":{"kind":"forest","scale":0.85}},{"type":"Feature","geometry":{"type":"Point","coordinates":[4785,3593]},"properties":{"kind":"forest","scale":0.76}},{"type":"Feature","geometry":{"type":"Point","coordinates":[4793,3583]},"properties":{"kind":"forest","scale":0.91}},{"type":"Feature","geometry":{"type":"Point","coordinates":[4816,3589]},"properties":{"kind":"forest","scale":0.82}},{"type":"Feature","geometry":{"type":"Point","coordinates":[4831,3595]},"properties":{"kind":"forest","scale":0.95}},{"type":"Feature","geometry":{"type":"Point","coordinates":[4686,3598]},"properties":{"kind":"forest","scale":0.82}},{"type":"Feature","geometry":{"type":"Point","coordinates":[4716,3605]},"properties":{"kind":"forest","scale":0.89}},{"type":"Feature","geometry":{"type":"Point","coordinates":[4733,3596]},"properties":{"kind":"forest","scale":1.07}},{"type":"Feature","geometry":{"type":"Point","coordinates":[4741,3611]},"properties":{"kind":"forest","scale":1.09}},{"type":"Feature","geometry":{"type":"Point","coordinates":[4762,3599]},"properties":{"kind":"forest","scale":1.11}},{"type":"Feature","geometry":{"type":"Point","coordinates":[4770,3596]},"properties":{"kind":"forest","scale":1.08}},{"type":"Feature","geometry":{"type":"Point","coordinates":[4801,3606]},"properties":{"kind":"forest","scale":0.78}},{"type":"Feature","geometry":{"type":"Point","coordinates":[4807,3608]},"properties":{"kind":"forest","scale":0.94}},{"type":"Feature","geometry":{"type":"Point","coordinates":[4832,3610]},"properties":{"kind":"forest","scale":0.82}},{"type":"Feature","geometry":{"type":"Point","coordinates":[4747,3616]},"properties":{"kind":"forest","scale":0.89}},{"type":"Feature","geometry":{"type":"Point","coordinates":[4754,3617]},"properties":{"kind":"forest","scale":0.85}},{"type":"Feature","geometry":{"type":"Point","coordinates":[4769,3621]},"properties":{"kind":"forest","scale":1.15}},{"type":"Feature","geometry":{"type":"Point","coordinates":[4787,3627]},"properties":{"kind":"forest","scale":1.07}},{"type":"Feature","geometry":{"type":"Point","coordinates":[4805,3621]},"properties":{"kind":"forest","scale":1.08}},{"type":"Feature","geometry":{"type":"Point","coordinates":[4785,3633]},"properties":{"kind":"forest","scale":0.84}},{"type":"Feature","geometry":{"type":"Point","coordinates":[4791,3639]},"properties":{"kind":"forest","scale":1.06}},{"type":"Feature","geometry":{"type":"Point","coordinates":[4815,3635]},"properties":{"kind":"forest","scale":1.22}},{"type":"Feature","geometry":{"type":"Point","coordinates":[4827,3637]},"properties":{"kind":"forest","scale":0.95}},{"type":"Feature","geometry":{"type":"Point","coordinates":[4827,3648]},"properties":{"kind":"forest","scale":0.99}},{"type":"Feature","geometry":{"type":"Point","coordinates":[4837,3652]},"properties":{"kind":"forest","scale":0.9}},{"type":"Feature","geometry":{"type":"Point","coordinates":[4841,3708]},"properties":{"kind":"forest","scale":1.02}},{"type":"Feature","geometry":{"type":"Point","coordinates":[4817,3716]},"properties":{"kind":"forest","scale":1.13}},{"type":"Feature","geometry":{"type":"Point","coordinates":[4830,3727]},"properties":{"kind":"forest","scale":0.82}},{"type":"Feature","geometry":{"type":"Point","coordinates":[4829,3739]},"properties":{"kind":"forest","scale":1.02}},{"type":"Feature","geometry":{"type":"Point","coordinates":[4832,3755]},"properties":{"kind":"forest","scale":1.01}},{"type":"Feature","geometry":{"type":"Point","coordinates":[4630,3781]},"properties":{"kind":"forest","scale":1.24}},{"type":"Feature","geometry":{"type":"Point","coordinates":[4641,3775]},"properties":{"kind":"forest","scale":1.21}},{"type":"Feature","geometry":{"type":"Point","coordinates":[4616,3798]},"properties":{"kind":"forest","scale":1.19}},{"type":"Feature","geometry":{"type":"Point","coordinates":[4639,3790]},"properties":{"kind":"forest","scale":0.79}},{"type":"Feature","geometry":{"type":"Point","coordinates":[4817,3795]},"properties":{"kind":"forest","scale":0.82}},{"type":"Feature","geometry":{"type":"Point","coordinates":[4833,3797]},"properties":{"kind":"forest","scale":1.04}},{"type":"Feature","geometry":{"type":"Point","coordinates":[4629,3807]},"properties":{"kind":"forest","scale":0.86}},{"type":"Feature","geometry":{"type":"Point","coordinates":[4635,3814]},"properties":{"kind":"forest","scale":1.21}},{"type":"Feature","geometry":{"type":"Point","coordinates":[4658,3801]},"properties":{"kind":"forest","scale":0.97}},{"type":"Feature","geometry":{"type":"Point","coordinates":[4672,3816]},"properties":{"kind":"forest","scale":0.9}},{"type":"Feature","geometry":{"type":"Point","coordinates":[4810,3816]},"properties":{"kind":"forest","scale":0.94}},{"type":"Feature","geometry":{"type":"Point","coordinates":[5457,3814]},"properties":{"kind":"forest","scale":1.11}},{"type":"Feature","geometry":{"type":"Point","coordinates":[4647,3821]},"properties":{"kind":"forest","scale":0.92}},{"type":"Feature","geometry":{"type":"Point","coordinates":[4666,3827]},"properties":{"kind":"forest","scale":0.93}},{"type":"Feature","geometry":{"type":"Point","coordinates":[4680,3824]},"properties":{"kind":"forest","scale":1.05}},{"type":"Feature","geometry":{"type":"Point","coordinates":[4698,3832]},"properties":{"kind":"forest","scale":0.77}},{"type":"Feature","geometry":{"type":"Point","coordinates":[4713,3826]},"properties":{"kind":"forest","scale":1.17}},{"type":"Feature","geometry":{"type":"Point","coordinates":[4729,3829]},"properties":{"kind":"forest","scale":0.97}},{"type":"Feature","geometry":{"type":"Point","coordinates":[4746,3827]},"properties":{"kind":"forest","scale":0.85}},{"type":"Feature","geometry":{"type":"Point","coordinates":[4753,3831]},"properties":{"kind":"forest","scale":1.23}},{"type":"Feature","geometry":{"type":"Point","coordinates":[4770,3821]},"properties":{"kind":"forest","scale":0.95}},{"type":"Feature","geometry":{"type":"Point","coordinates":[4786,3831]},"properties":{"kind":"forest","scale":0.76}},{"type":"Feature","geometry":{"type":"Point","coordinates":[5435,3829]},"properties":{"kind":"forest","scale":1.21}},{"type":"Feature","geometry":{"type":"Point","coordinates":[5462,3828]},"properties":{"kind":"forest","scale":1.05}},{"type":"Feature","geometry":{"type":"Point","coordinates":[5467,3817]},"properties":{"kind":"forest","scale":1.02}},{"type":"Feature","geometry":{"type":"Point","coordinates":[4621,3836]},"properties":{"kind":"forest","scale":0.96}},{"type":"Feature","geometry":{"type":"Point","coordinates":[4640,3842]},"properties":{"kind":"forest","scale":0.86}},{"type":"Feature","geometry":{"type":"Point","coordinates":[4664,3838]},"properties":{"kind":"forest","scale":0.76}},{"type":"Feature","geometry":{"type":"Point","coordinates":[4681,3838]},"properties":{"kind":"forest","scale":0.86}},{"type":"Feature","geometry":{"type":"Point","coordinates":[4694,3847]},"properties":{"kind":"forest","scale":1.1}},{"type":"Feature","geometry":{"type":"Point","coordinates":[4717,3847]},"properties":{"kind":"forest","scale":0.98}},{"type":"Feature","geometry":{"type":"Point","coordinates":[4734,3843]},"properties":{"kind":"forest","scale":1.08}},{"type":"Feature","geometry":{"type":"Point","coordinates":[4737,3840]},"properties":{"kind":"forest","scale":0.94}},{"type":"Feature","geometry":{"type":"Point","coordinates":[4760,3846]},"properties":{"kind":"forest","scale":0.8}},{"type":"Feature","geometry":{"type":"Point","coordinates":[4774,3850]},"properties":{"kind":"forest","scale":0.84}},{"type":"Feature","geometry":{"type":"Point","coordinates":[4786,3841]},"properties":{"kind":"forest","scale":1.02}},{"type":"Feature","geometry":{"type":"Point","coordinates":[5410,3839]},"properties":{"kind":"forest","scale":0.9}},{"type":"Feature","geometry":{"type":"Point","coordinates":[5418,3840]},"properties":{"kind":"forest","scale":1.19}},{"type":"Feature","geometry":{"type":"Point","coordinates":[5432,3835]},"properties":{"kind":"forest","scale":1.14}},{"type":"Feature","geometry":{"type":"Point","coordinates":[5479,3841]},"properties":{"kind":"forest","scale":0.97}},{"type":"Feature","geometry":{"type":"Point","coordinates":[4629,3864]},"properties":{"kind":"forest","scale":1.21}},{"type":"Feature","geometry":{"type":"Point","coordinates":[4641,3854]},"properties":{"kind":"forest","scale":1.12}},{"type":"Feature","geometry":{"type":"Point","coordinates":[4662,3851]},"properties":{"kind":"forest","scale":1.02}},{"type":"Feature","geometry":{"type":"Point","coordinates":[4677,3856]},"properties":{"kind":"forest","scale":1.08}},{"type":"Feature","geometry":{"type":"Point","coordinates":[4686,3855]},"properties":{"kind":"forest","scale":0.92}},{"type":"Feature","geometry":{"type":"Point","coordinates":[4709,3863]},"properties":{"kind":"forest","scale":1.23}},{"type":"Feature","geometry":{"type":"Point","coordinates":[4722,3863]},"properties":{"kind":"forest","scale":0.96}},{"type":"Feature","geometry":{"type":"Point","coordinates":[4750,3852]},"properties":{"kind":"forest","scale":0.84}},{"type":"Feature","geometry":{"type":"Point","coordinates":[4760,3863]},"properties":{"kind":"forest","scale":0.95}},{"type":"Feature","geometry":{"type":"Point","coordinates":[4780,3860]},"properties":{"kind":"forest","scale":0.96}},{"type":"Feature","geometry":{"type":"Point","coordinates":[4791,3860]},"properties":{"kind":"forest","scale":0.84}},{"type":"Feature","geometry":{"type":"Point","coordinates":[5403,3862]},"properties":{"kind":"forest","scale":0.9}},{"type":"Feature","geometry":{"type":"Point","coordinates":[5477,3860]},"properties":{"kind":"forest","scale":1.04}},{"type":"Feature","geometry":{"type":"Point","coordinates":[4614,3883]},"properties":{"kind":"forest","scale":0.96}},{"type":"Feature","geometry":{"type":"Point","coordinates":[4618,3875]},"properties":{"kind":"forest","scale":1.13}},{"type":"Feature","geometry":{"type":"Point","coordinates":[4645,3872]},"properties":{"kind":"forest","scale":0.97}},{"type":"Feature","geometry":{"type":"Point","coordinates":[4659,3878]},"properties":{"kind":"forest","scale":1.08}},{"type":"Feature","geometry":{"type":"Point","coordinates":[4669,3870]},"properties":{"kind":"forest","scale":0.96}},{"type":"Feature","geometry":{"type":"Point","coordinates":[4687,3880]},"properties":{"kind":"forest","scale":1.06}},{"type":"Feature","geometry":{"type":"Point","coordinates":[4716,3877]},"properties":{"kind":"forest","scale":0.95}},{"type":"Feature","geometry":{"type":"Point","coordinates":[4721,3881]},"properties":{"kind":"forest","scale":1.23}},{"type":"Feature","geometry":{"type":"Point","coordinates":[4739,3877]},"properties":{"kind":"forest","scale":1.14}},{"type":"Feature","geometry":{"type":"Point","coordinates":[4766,3876]},"properties":{"kind":"forest","scale":0.9}},{"type":"Feature","geometry":{"type":"Point","coordinates":[4772,3873]},"properties":{"kind":"forest","scale":1}},{"type":"Feature","geometry":{"type":"Point","coordinates":[4632,3891]},"properties":{"kind":"forest","scale":1.04}},{"type":"Feature","geometry":{"type":"Point","coordinates":[4644,3889]},"properties":{"kind":"forest","scale":0.96}},{"type":"Feature","geometry":{"type":"Point","coordinates":[4652,3888]},"properties":{"kind":"forest","scale":1.15}},{"type":"Feature","geometry":{"type":"Point","coordinates":[4682,3893]},"properties":{"kind":"forest","scale":1.05}},{"type":"Feature","geometry":{"type":"Point","coordinates":[4690,3899]},"properties":{"kind":"forest","scale":1.19}},{"type":"Feature","geometry":{"type":"Point","coordinates":[4715,3891]},"properties":{"kind":"forest","scale":0.98}},{"type":"Feature","geometry":{"type":"Point","coordinates":[4721,3885]},"properties":{"kind":"forest","scale":1.08}},{"type":"Feature","geometry":{"type":"Point","coordinates":[4740,3886]},"properties":{"kind":"forest","scale":1.11}},{"type":"Feature","geometry":{"type":"Point","coordinates":[4757,3899]},"properties":{"kind":"forest","scale":0.93}},{"type":"Feature","geometry":{"type":"Point","coordinates":[4779,3900]},"properties":{"kind":"forest","scale":0.84}},{"type":"Feature","geometry":{"type":"Point","coordinates":[4629,3904]},"properties":{"kind":"forest","scale":0.88}},{"type":"Feature","geometry":{"type":"Point","coordinates":[4637,3916]},"properties":{"kind":"forest","scale":1.1}},{"type":"Feature","geometry":{"type":"Point","coordinates":[4655,3915]},"properties":{"kind":"forest","scale":1.16}},{"type":"Feature","geometry":{"type":"Point","coordinates":[4674,3913]},"properties":{"kind":"forest","scale":0.83}},{"type":"Feature","geometry":{"type":"Point","coordinates":[4692,3918]},"properties":{"kind":"forest","scale":0.88}},{"type":"Feature","geometry":{"type":"Point","coordinates":[4709,3907]},"properties":{"kind":"forest","scale":0.9}},{"type":"Feature","geometry":{"type":"Point","coordinates":[4722,3915]},"properties":{"kind":"forest","scale":0.94}},{"type":"Feature","geometry":{"type":"Point","coordinates":[4736,3908]},"properties":{"kind":"forest","scale":1.18}},{"type":"Feature","geometry":{"type":"Point","coordinates":[4757,3908]},"properties":{"kind":"forest","scale":0.89}},{"type":"Feature","geometry":{"type":"Point","coordinates":[4770,3915]},"properties":{"kind":"forest","scale":1.2}},{"type":"Feature","geometry":{"type":"Point","coordinates":[4622,3929]},"properties":{"kind":"forest","scale":0.82}},{"type":"Feature","geometry":{"type":"Point","coordinates":[4646,3924]},"properties":{"kind":"forest","scale":0.83}},{"type":"Feature","geometry":{"type":"Point","coordinates":[4650,3930]},"properties":{"kind":"forest","scale":1.06}},{"type":"Feature","geometry":{"type":"Point","coordinates":[4674,3927]},"properties":{"kind":"forest","scale":1.2}},{"type":"Feature","geometry":{"type":"Point","coordinates":[4700,3932]},"properties":{"kind":"forest","scale":1.09}},{"type":"Feature","geometry":{"type":"Point","coordinates":[4717,3930]},"properties":{"kind":"forest","scale":0.94}},{"type":"Feature","geometry":{"type":"Point","coordinates":[4734,3934]},"properties":{"kind":"forest","scale":0.97}},{"type":"Feature","geometry":{"type":"Point","coordinates":[4748,3919]},"properties":{"kind":"forest","scale":0.95}},{"type":"Feature","geometry":{"type":"Point","coordinates":[4763,3923]},"properties":{"kind":"forest","scale":1.24}},{"type":"Feature","geometry":{"type":"Point","coordinates":[4773,3919]},"properties":{"kind":"forest","scale":0.78}},{"type":"Feature","geometry":{"type":"Point","coordinates":[4633,3949]},"properties":{"kind":"forest","scale":0.9}},{"type":"Feature","geometry":{"type":"Point","coordinates":[4650,3938]},"properties":{"kind":"forest","scale":1.12}},{"type":"Feature","geometry":{"type":"Point","coordinates":[4675,3946]},"properties":{"kind":"forest","scale":0.76}},{"type":"Feature","geometry":{"type":"Point","coordinates":[4684,3942]},"properties":{"kind":"forest","scale":1.13}},{"type":"Feature","geometry":{"type":"Point","coordinates":[4701,3949]},"properties":{"kind":"forest","scale":0.92}},{"type":"Feature","geometry":{"type":"Point","coordinates":[4730,3936]},"properties":{"kind":"forest","scale":1.25}},{"type":"Feature","geometry":{"type":"Point","coordinates":[4744,3942]},"properties":{"kind":"forest","scale":1.05}},{"type":"Feature","geometry":{"type":"Point","coordinates":[4765,3946]},"properties":{"kind":"forest","scale":0.97}},{"type":"Feature","geometry":{"type":"Point","coordinates":[6333,3951]},"properties":{"kind":"forest","scale":1.16}},{"type":"Feature","geometry":{"type":"Point","coordinates":[6353,3944]},"properties":{"kind":"forest","scale":1.21}},{"type":"Feature","geometry":{"type":"Point","coordinates":[4647,3964]},"properties":{"kind":"forest","scale":0.92}},{"type":"Feature","geometry":{"type":"Point","coordinates":[4654,3968]},"properties":{"kind":"forest","scale":0.94}},{"type":"Feature","geometry":{"type":"Point","coordinates":[4683,3966]},"properties":{"kind":"forest","scale":0.85}},{"type":"Feature","geometry":{"type":"Point","coordinates":[4700,3965]},"properties":{"kind":"forest","scale":1.09}},{"type":"Feature","geometry":{"type":"Point","coordinates":[4720,3960]},"properties":{"kind":"forest","scale":1.11}},{"type":"Feature","geometry":{"type":"Point","coordinates":[4739,3953]},"properties":{"kind":"forest","scale":1.04}},{"type":"Feature","geometry":{"type":"Point","coordinates":[4754,3956]},"properties":{"kind":"forest","scale":0.93}},{"type":"Feature","geometry":{"type":"Point","coordinates":[6326,3968]},"properties":{"kind":"forest","scale":1.23}},{"type":"Feature","geometry":{"type":"Point","coordinates":[6341,3968]},"properties":{"kind":"forest","scale":0.96}},{"type":"Feature","geometry":{"type":"Point","coordinates":[6351,3964]},"properties":{"kind":"forest","scale":1.17}},{"type":"Feature","geometry":{"type":"Point","coordinates":[6368,3954]},"properties":{"kind":"forest","scale":0.88}},{"type":"Feature","geometry":{"type":"Point","coordinates":[4645,3986]},"properties":{"kind":"forest","scale":0.93}},{"type":"Feature","geometry":{"type":"Point","coordinates":[4650,3985]},"properties":{"kind":"forest","scale":0.98}},{"type":"Feature","geometry":{"type":"Point","coordinates":[4684,3974]},"properties":{"kind":"forest","scale":1.14}},{"type":"Feature","geometry":{"type":"Point","coordinates":[6058,3984]},"properties":{"kind":"forest","scale":0.88}},{"type":"Feature","geometry":{"type":"Point","coordinates":[6336,3977]},"properties":{"kind":"forest","scale":1.16}},{"type":"Feature","geometry":{"type":"Point","coordinates":[6359,3972]},"properties":{"kind":"forest","scale":1.12}},{"type":"Feature","geometry":{"type":"Point","coordinates":[6372,3982]},"properties":{"kind":"forest","scale":0.84}},{"type":"Feature","geometry":{"type":"Point","coordinates":[4646,3988]},"properties":{"kind":"forest","scale":0.97}},{"type":"Feature","geometry":{"type":"Point","coordinates":[4657,3994]},"properties":{"kind":"forest","scale":1.08}},{"type":"Feature","geometry":{"type":"Point","coordinates":[4670,3993]},"properties":{"kind":"forest","scale":0.84}},{"type":"Feature","geometry":{"type":"Point","coordinates":[6061,3990]},"properties":{"kind":"forest","scale":1.18}},{"type":"Feature","geometry":{"type":"Point","coordinates":[6338,4000]},"properties":{"kind":"forest","scale":1.08}},{"type":"Feature","geometry":{"type":"Point","coordinates":[6352,3989]},"properties":{"kind":"forest","scale":0.85}},{"type":"Feature","geometry":{"type":"Point","coordinates":[5940,4012]},"properties":{"kind":"forest","scale":0.78}},{"type":"Feature","geometry":{"type":"Point","coordinates":[5943,4015]},"properties":{"kind":"forest","scale":1.06}},{"type":"Feature","geometry":{"type":"Point","coordinates":[5969,4019]},"properties":{"kind":"forest","scale":0.95}},{"type":"Feature","geometry":{"type":"Point","coordinates":[5990,4013]},"properties":{"kind":"forest","scale":1.03}},{"type":"Feature","geometry":{"type":"Point","coordinates":[5952,4023]},"properties":{"kind":"forest","scale":1.22}},{"type":"Feature","geometry":{"type":"Point","coordinates":[5980,4026]},"properties":{"kind":"forest","scale":1.17}},{"type":"Feature","geometry":{"type":"Point","coordinates":[5406,4049]},"properties":{"kind":"forest","scale":0.98}},{"type":"Feature","geometry":{"type":"Point","coordinates":[5395,4071]},"properties":{"kind":"forest","scale":1.18}},{"type":"Feature","geometry":{"type":"Point","coordinates":[5405,4063]},"properties":{"kind":"forest","scale":0.76}},{"type":"Feature","geometry":{"type":"Point","coordinates":[5424,4067]},"properties":{"kind":"forest","scale":1.08}},{"type":"Feature","geometry":{"type":"Point","coordinates":[5384,4074]},"properties":{"kind":"forest","scale":1.03}},{"type":"Feature","geometry":{"type":"Point","coordinates":[5414,4072]},"properties":{"kind":"forest","scale":0.94}},{"type":"Feature","geometry":{"type":"Point","coordinates":[5425,4076]},"properties":{"kind":"forest","scale":0.77}},{"type":"Feature","geometry":{"type":"Point","coordinates":[5449,4085]},"properties":{"kind":"forest","scale":1.2}},{"type":"Feature","geometry":{"type":"Point","coordinates":[5909,4086]},"properties":{"kind":"forest","scale":0.9}},{"type":"Feature","geometry":{"type":"Point","coordinates":[5359,4103]},"properties":{"kind":"forest","scale":0.96}},{"type":"Feature","geometry":{"type":"Point","coordinates":[5376,4103]},"properties":{"kind":"forest","scale":0.86}},{"type":"Feature","geometry":{"type":"Point","coordinates":[5383,4090]},"properties":{"kind":"forest","scale":1.06}},{"type":"Feature","geometry":{"type":"Point","coordinates":[5405,4093]},"properties":{"kind":"forest","scale":1.05}},{"type":"Feature","geometry":{"type":"Point","coordinates":[5429,4102]},"properties":{"kind":"forest","scale":0.96}},{"type":"Feature","geometry":{"type":"Point","coordinates":[5438,4096]},"properties":{"kind":"forest","scale":0.77}},{"type":"Feature","geometry":{"type":"Point","coordinates":[5462,4098]},"properties":{"kind":"forest","scale":1.01}},{"type":"Feature","geometry":{"type":"Point","coordinates":[5479,4099]},"properties":{"kind":"forest","scale":0.89}},{"type":"Feature","geometry":{"type":"Point","coordinates":[5351,4117]},"properties":{"kind":"forest","scale":0.95}},{"type":"Feature","geometry":{"type":"Point","coordinates":[5372,4116]},"properties":{"kind":"forest","scale":0.87}},{"type":"Feature","geometry":{"type":"Point","coordinates":[5387,4120]},"properties":{"kind":"forest","scale":1.19}},{"type":"Feature","geometry":{"type":"Point","coordinates":[5400,4119]},"properties":{"kind":"forest","scale":0.79}},{"type":"Feature","geometry":{"type":"Point","coordinates":[5431,4118]},"properties":{"kind":"forest","scale":0.75}},{"type":"Feature","geometry":{"type":"Point","coordinates":[5432,4118]},"properties":{"kind":"forest","scale":0.95}},{"type":"Feature","geometry":{"type":"Point","coordinates":[5452,4112]},"properties":{"kind":"forest","scale":0.92}},{"type":"Feature","geometry":{"type":"Point","coordinates":[5466,4114]},"properties":{"kind":"forest","scale":1.07}},{"type":"Feature","geometry":{"type":"Point","coordinates":[5498,4122]},"properties":{"kind":"forest","scale":1.13}},{"type":"Feature","geometry":{"type":"Point","coordinates":[5515,4118]},"properties":{"kind":"forest","scale":0.76}},{"type":"Feature","geometry":{"type":"Point","coordinates":[5545,4122]},"properties":{"kind":"forest","scale":1.01}},{"type":"Feature","geometry":{"type":"Point","coordinates":[5553,4119]},"properties":{"kind":"forest","scale":0.79}},{"type":"Feature","geometry":{"type":"Point","coordinates":[5568,4118]},"properties":{"kind":"forest","scale":1.12}},{"type":"Feature","geometry":{"type":"Point","coordinates":[5333,4139]},"properties":{"kind":"forest","scale":0.85}},{"type":"Feature","geometry":{"type":"Point","coordinates":[5352,4130]},"properties":{"kind":"forest","scale":1.17}},{"type":"Feature","geometry":{"type":"Point","coordinates":[5369,4138]},"properties":{"kind":"forest","scale":1.09}},{"type":"Feature","geometry":{"type":"Point","coordinates":[5389,4136]},"properties":{"kind":"forest","scale":0.81}},{"type":"Feature","geometry":{"type":"Point","coordinates":[5405,4129]},"properties":{"kind":"forest","scale":1.2}},{"type":"Feature","geometry":{"type":"Point","coordinates":[5425,4126]},"properties":{"kind":"forest","scale":0.88}},{"type":"Feature","geometry":{"type":"Point","coordinates":[5432,4125]},"properties":{"kind":"forest","scale":0.89}},{"type":"Feature","geometry":{"type":"Point","coordinates":[5455,4137]},"properties":{"kind":"forest","scale":0.95}},{"type":"Feature","geometry":{"type":"Point","coordinates":[5470,4124]},"properties":{"kind":"forest","scale":0.9}},{"type":"Feature","geometry":{"type":"Point","coordinates":[5489,4131]},"properties":{"kind":"forest","scale":0.9}},{"type":"Feature","geometry":{"type":"Point","coordinates":[5504,4128]},"properties":{"kind":"forest","scale":0.95}},{"type":"Feature","geometry":{"type":"Point","coordinates":[5527,4135]},"properties":{"kind":"forest","scale":0.98}},{"type":"Feature","geometry":{"type":"Point","coordinates":[5544,4131]},"properties":{"kind":"forest","scale":0.98}},{"type":"Feature","geometry":{"type":"Point","coordinates":[5562,4131]},"properties":{"kind":"forest","scale":0.86}},{"type":"Feature","geometry":{"type":"Point","coordinates":[5580,4123]},"properties":{"kind":"forest","scale":0.95}},{"type":"Feature","geometry":{"type":"Point","coordinates":[5586,4129]},"properties":{"kind":"forest","scale":1}},{"type":"Feature","geometry":{"type":"Point","coordinates":[5340,4154]},"properties":{"kind":"forest","scale":1.07}},{"type":"Feature","geometry":{"type":"Point","coordinates":[5347,4144]},"properties":{"kind":"forest","scale":1.09}},{"type":"Feature","geometry":{"type":"Point","coordinates":[5364,4141]},"properties":{"kind":"forest","scale":0.81}},{"type":"Feature","geometry":{"type":"Point","coordinates":[5384,4152]},"properties":{"kind":"forest","scale":0.81}},{"type":"Feature","geometry":{"type":"Point","coordinates":[5408,4145]},"properties":{"kind":"forest","scale":0.94}},{"type":"Feature","geometry":{"type":"Point","coordinates":[5417,4144]},"properties":{"kind":"forest","scale":0.91}},{"type":"Feature","geometry":{"type":"Point","coordinates":[5438,4146]},"properties":{"kind":"forest","scale":1.04}},{"type":"Feature","geometry":{"type":"Point","coordinates":[5461,4149]},"properties":{"kind":"forest","scale":0.76}},{"type":"Feature","geometry":{"type":"Point","coordinates":[5480,4144]},"properties":{"kind":"forest","scale":0.99}},{"type":"Feature","geometry":{"type":"Point","coordinates":[5483,4156]},"properties":{"kind":"forest","scale":0.85}},{"type":"Feature","geometry":{"type":"Point","coordinates":[5512,4144]},"properties":{"kind":"forest","scale":0.79}},{"type":"Feature","geometry":{"type":"Point","coordinates":[5526,4140]},"properties":{"kind":"forest","scale":0.96}},{"type":"Feature","geometry":{"type":"Point","coordinates":[5539,4145]},"properties":{"kind":"forest","scale":1.1}},{"type":"Feature","geometry":{"type":"Point","coordinates":[5557,4153]},"properties":{"kind":"forest","scale":1.17}},{"type":"Feature","geometry":{"type":"Point","coordinates":[5581,4143]},"properties":{"kind":"forest","scale":0.9}},{"type":"Feature","geometry":{"type":"Point","coordinates":[5600,4144]},"properties":{"kind":"forest","scale":1.23}},{"type":"Feature","geometry":{"type":"Point","coordinates":[5319,4158]},"properties":{"kind":"forest","scale":1.13}},{"type":"Feature","geometry":{"type":"Point","coordinates":[5346,4167]},"properties":{"kind":"forest","scale":0.92}},{"type":"Feature","geometry":{"type":"Point","coordinates":[5363,4160]},"properties":{"kind":"forest","scale":0.76}},{"type":"Feature","geometry":{"type":"Point","coordinates":[5375,4164]},"properties":{"kind":"forest","scale":0.86}},{"type":"Feature","geometry":{"type":"Point","coordinates":[5388,4172]},"properties":{"kind":"forest","scale":1.17}},{"type":"Feature","geometry":{"type":"Point","coordinates":[5406,4162]},"properties":{"kind":"forest","scale":0.99}},{"type":"Feature","geometry":{"type":"Point","coordinates":[5424,4159]},"properties":{"kind":"forest","scale":1.18}},{"type":"Feature","geometry":{"type":"Point","coordinates":[5444,4171]},"properties":{"kind":"forest","scale":1.06}},{"type":"Feature","geometry":{"type":"Point","coordinates":[5450,4166]},"properties":{"kind":"forest","scale":0.96}},{"type":"Feature","geometry":{"type":"Point","coordinates":[5467,4159]},"properties":{"kind":"forest","scale":1.16}},{"type":"Feature","geometry":{"type":"Point","coordinates":[5493,4162]},"properties":{"kind":"forest","scale":0.79}},{"type":"Feature","geometry":{"type":"Point","coordinates":[5507,4171]},"properties":{"kind":"forest","scale":0.91}},{"type":"Feature","geometry":{"type":"Point","coordinates":[5520,4157]},"properties":{"kind":"forest","scale":1.16}},{"type":"Feature","geometry":{"type":"Point","coordinates":[5534,4161]},"properties":{"kind":"forest","scale":1.17}},{"type":"Feature","geometry":{"type":"Point","coordinates":[5565,4159]},"properties":{"kind":"forest","scale":0.76}},{"type":"Feature","geometry":{"type":"Point","coordinates":[5569,4161]},"properties":{"kind":"forest","scale":1.22}},{"type":"Feature","geometry":{"type":"Point","coordinates":[5595,4171]},"properties":{"kind":"forest","scale":1.1}},{"type":"Feature","geometry":{"type":"Point","coordinates":[5614,4171]},"properties":{"kind":"forest","scale":0.78}},{"type":"Feature","geometry":{"type":"Point","coordinates":[5326,4178]},"properties":{"kind":"forest","scale":1}},{"type":"Feature","geometry":{"type":"Point","coordinates":[5338,4186]},"properties":{"kind":"forest","scale":0.78}},{"type":"Feature","geometry":{"type":"Point","coordinates":[5363,4190]},"properties":{"kind":"forest","scale":0.88}},{"type":"Feature","geometry":{"type":"Point","coordinates":[5367,4188]},"properties":{"kind":"forest","scale":0.97}},{"type":"Feature","geometry":{"type":"Point","coordinates":[5392,4186]},"properties":{"kind":"forest","scale":1.06}},{"type":"Feature","geometry":{"type":"Point","coordinates":[5404,4190]},"properties":{"kind":"forest","scale":0.78}},{"type":"Feature","geometry":{"type":"Point","coordinates":[5422,4189]},"properties":{"kind":"forest","scale":0.77}},{"type":"Feature","geometry":{"type":"Point","coordinates":[5435,4174]},"properties":{"kind":"forest","scale":1.14}},{"type":"Feature","geometry":{"type":"Point","coordinates":[5463,4174]},"properties":{"kind":"forest","scale":1.06}},{"type":"Feature","geometry":{"type":"Point","coordinates":[5470,4188]},"properties":{"kind":"forest","scale":0.97}},{"type":"Feature","geometry":{"type":"Point","coordinates":[5483,4188]},"properties":{"kind":"forest","scale":0.89}},{"type":"Feature","geometry":{"type":"Point","coordinates":[5512,4185]},"properties":{"kind":"forest","scale":0.83}},{"type":"Feature","geometry":{"type":"Point","coordinates":[5520,4186]},"properties":{"kind":"forest","scale":1.22}},{"type":"Feature","geometry":{"type":"Point","coordinates":[5544,4187]},"properties":{"kind":"forest","scale":0.76}},{"type":"Feature","geometry":{"type":"Point","coordinates":[5563,4178]},"properties":{"kind":"forest","scale":1.22}},{"type":"Feature","geometry":{"type":"Point","coordinates":[5575,4182]},"properties":{"kind":"forest","scale":1.24}},{"type":"Feature","geometry":{"type":"Point","coordinates":[5595,4183]},"properties":{"kind":"forest","scale":0.76}},{"type":"Feature","geometry":{"type":"Point","coordinates":[5614,4190]},"properties":{"kind":"forest","scale":0.93}},{"type":"Feature","geometry":{"type":"Point","coordinates":[5332,4196]},"properties":{"kind":"forest","scale":1.12}},{"type":"Feature","geometry":{"type":"Point","coordinates":[5348,4193]},"properties":{"kind":"forest","scale":1.09}},{"type":"Feature","geometry":{"type":"Point","coordinates":[5365,4207]},"properties":{"kind":"forest","scale":0.92}},{"type":"Feature","geometry":{"type":"Point","coordinates":[5396,4198]},"properties":{"kind":"forest","scale":0.93}},{"type":"Feature","geometry":{"type":"Point","coordinates":[5403,4203]},"properties":{"kind":"forest","scale":0.96}},{"type":"Feature","geometry":{"type":"Point","coordinates":[5427,4195]},"properties":{"kind":"forest","scale":0.99}},{"type":"Feature","geometry":{"type":"Point","coordinates":[5446,4200]},"properties":{"kind":"forest","scale":1.04}},{"type":"Feature","geometry":{"type":"Point","coordinates":[5461,4204]},"properties":{"kind":"forest","scale":1.23}},{"type":"Feature","geometry":{"type":"Point","coordinates":[5470,4201]},"properties":{"kind":"forest","scale":0.94}},{"type":"Feature","geometry":{"type":"Point","coordinates":[5495,4195]},"properties":{"kind":"forest","scale":0.91}},{"type":"Feature","geometry":{"type":"Point","coordinates":[5513,4199]},"properties":{"kind":"forest","scale":0.94}},{"type":"Feature","geometry":{"type":"Point","coordinates":[5524,4197]},"properties":{"kind":"forest","scale":1.18}},{"type":"Feature","geometry":{"type":"Point","coordinates":[5544,4202]},"properties":{"kind":"forest","scale":1.12}},{"type":"Feature","geometry":{"type":"Point","coordinates":[5561,4197]},"properties":{"kind":"forest","scale":1.17}},{"type":"Feature","geometry":{"type":"Point","coordinates":[5573,4205]},"properties":{"kind":"forest","scale":1.04}},{"type":"Feature","geometry":{"type":"Point","coordinates":[5406,4209]},"properties":{"kind":"forest","scale":0.83}},{"type":"Feature","geometry":{"type":"Point","coordinates":[5461,4214]},"properties":{"kind":"forest","scale":1.1}},{"type":"Feature","geometry":{"type":"Point","coordinates":[5476,4211]},"properties":{"kind":"forest","scale":0.89}},{"type":"Feature","geometry":{"type":"Point","coordinates":[5497,4217]},"properties":{"kind":"forest","scale":0.88}},{"type":"Feature","geometry":{"type":"Point","coordinates":[5513,4215]},"properties":{"kind":"forest","scale":1}},{"type":"Feature","geometry":{"type":"Point","coordinates":[5525,4210]},"properties":{"kind":"forest","scale":0.75}},{"type":"Feature","geometry":{"type":"Point","coordinates":[5545,4215]},"properties":{"kind":"forest","scale":1.1}},{"type":"Feature","geometry":{"type":"Point","coordinates":[5552,4223]},"properties":{"kind":"forest","scale":0.87}},{"type":"Feature","geometry":{"type":"Point","coordinates":[5573,4209]},"properties":{"kind":"forest","scale":1.25}},{"type":"Feature","geometry":{"type":"Point","coordinates":[5516,4230]},"properties":{"kind":"forest","scale":0.76}},{"type":"Feature","geometry":{"type":"Point","coordinates":[5525,4240]},"properties":{"kind":"forest","scale":0.84}},{"type":"Feature","geometry":{"type":"Point","coordinates":[5545,4236]},"properties":{"kind":"forest","scale":0.92}},{"type":"Feature","geometry":{"type":"Point","coordinates":[5562,4239]},"properties":{"kind":"forest","scale":0.96}},{"type":"Feature","geometry":{"type":"Point","coordinates":[5575,4231]},"properties":{"kind":"forest","scale":0.93}},{"type":"Feature","geometry":{"type":"Point","coordinates":[5519,4256]},"properties":{"kind":"forest","scale":1.02}},{"type":"Feature","geometry":{"type":"Point","coordinates":[5543,4254]},"properties":{"kind":"forest","scale":0.82}},{"type":"Feature","geometry":{"type":"Point","coordinates":[5564,4244]},"properties":{"kind":"forest","scale":0.81}},{"type":"Feature","geometry":{"type":"Point","coordinates":[5576,4250]},"properties":{"kind":"forest","scale":0.95}},{"type":"Feature","geometry":{"type":"Point","coordinates":[5544,4259]},"properties":{"kind":"forest","scale":0.93}},{"type":"Feature","geometry":{"type":"Point","coordinates":[148,3]},"properties":{"kind":"wave","scale":0.98}},{"type":"Feature","geometry":{"type":"Point","coordinates":[400,4]},"properties":{"kind":"wave","scale":0.91}},{"type":"Feature","geometry":{"type":"Point","coordinates":[606,13]},"properties":{"kind":"wave","scale":1.19}},{"type":"Feature","geometry":{"type":"Point","coordinates":[1419,21]},"properties":{"kind":"wave","scale":0.82}},{"type":"Feature","geometry":{"type":"Point","coordinates":[1541,102]},"properties":{"kind":"wave","scale":0.76}},{"type":"Feature","geometry":{"type":"Point","coordinates":[1416,143]},"properties":{"kind":"wave","scale":0.89}},{"type":"Feature","geometry":{"type":"Point","coordinates":[1513,154]},"properties":{"kind":"wave","scale":0.99}},{"type":"Feature","geometry":{"type":"Point","coordinates":[1600,152]},"properties":{"kind":"wave","scale":1.03}},{"type":"Feature","geometry":{"type":"Point","coordinates":[9556,224]},"properties":{"kind":"wave","scale":1.2}},{"type":"Feature","geometry":{"type":"Point","coordinates":[1438,254]},"properties":{"kind":"wave","scale":0.98}},{"type":"Feature","geometry":{"type":"Point","coordinates":[1528,242]},"properties":{"kind":"wave","scale":0.88}},{"type":"Feature","geometry":{"type":"Point","coordinates":[7129,302]},"properties":{"kind":"wave","scale":0.99}},{"type":"Feature","geometry":{"type":"Point","coordinates":[7245,314]},"properties":{"kind":"wave","scale":0.82}},{"type":"Feature","geometry":{"type":"Point","coordinates":[7471,301]},"properties":{"kind":"wave","scale":0.88}},{"type":"Feature","geometry":{"type":"Point","coordinates":[9205,292]},"properties":{"kind":"wave","scale":1.19}},{"type":"Feature","geometry":{"type":"Point","coordinates":[9244,312]},"properties":{"kind":"wave","scale":1.15}},{"type":"Feature","geometry":{"type":"Point","coordinates":[9334,242]},"properties":{"kind":"wave","scale":0.87}},{"type":"Feature","geometry":{"type":"Point","coordinates":[9450,246]},"properties":{"kind":"wave","scale":1.07}},{"type":"Feature","geometry":{"type":"Point","coordinates":[9505,311]},"properties":{"kind":"wave","scale":1.08}},{"type":"Feature","geometry":{"type":"Point","coordinates":[9624,304]},"properties":{"kind":"wave","scale":0.99}},{"type":"Feature","geometry":{"type":"Point","coordinates":[1451,364]},"properties":{"kind":"wave","scale":0.92}},{"type":"Feature","geometry":{"type":"Point","coordinates":[1526,347]},"properties":{"kind":"wave","scale":1.13}},{"type":"Feature","geometry":{"type":"Point","coordinates":[4339,392]},"properties":{"kind":"wave","scale":1.23}},{"type":"Feature","geometry":{"type":"Point","coordinates":[4412,351]},"properties":{"kind":"wave","scale":0.96}},{"type":"Feature","geometry":{"type":"Point","coordinates":[4581,396]},"properties":{"kind":"wave","scale":1.08}},{"type":"Feature","geometry":{"type":"Point","coordinates":[4681,360]},"properties":{"kind":"wave","scale":1.23}},{"type":"Feature","geometry":{"type":"Point","coordinates":[4791,403]},"properties":{"kind":"wave","scale":1.05}},{"type":"Feature","geometry":{"type":"Point","coordinates":[5473,401]},"properties":{"kind":"wave","scale":1.07}},{"type":"Feature","geometry":{"type":"Point","coordinates":[5543,344]},"properties":{"kind":"wave","scale":1.09}},{"type":"Feature","geometry":{"type":"Point","coordinates":[5692,373]},"properties":{"kind":"wave","scale":1.12}},{"type":"Feature","geometry":{"type":"Point","coordinates":[5735,405]},"properties":{"kind":"wave","scale":0.99}},{"type":"Feature","geometry":{"type":"Point","coordinates":[5806,389]},"properties":{"kind":"wave","scale":1.22}},{"type":"Feature","geometry":{"type":"Point","coordinates":[5956,393]},"properties":{"kind":"wave","scale":0.95}},{"type":"Feature","geometry":{"type":"Point","coordinates":[7094,363]},"properties":{"kind":"wave","scale":1.16}},{"type":"Feature","geometry":{"type":"Point","coordinates":[7220,377]},"properties":{"kind":"wave","scale":0.77}},{"type":"Feature","geometry":{"type":"Point","coordinates":[7297,316]},"properties":{"kind":"wave","scale":0.83}},{"type":"Feature","geometry":{"type":"Point","coordinates":[7365,316]},"properties":{"kind":"wave","scale":1.15}},{"type":"Feature","geometry":{"type":"Point","coordinates":[7495,323]},"properties":{"kind":"wave","scale":1.08}},{"type":"Feature","geometry":{"type":"Point","coordinates":[7531,344]},"properties":{"kind":"wave","scale":0.8}},{"type":"Feature","geometry":{"type":"Point","coordinates":[9158,322]},"properties":{"kind":"wave","scale":1.15}},{"type":"Feature","geometry":{"type":"Point","coordinates":[9274,364]},"properties":{"kind":"wave","scale":0.93}},{"type":"Feature","geometry":{"type":"Point","coordinates":[9391,351]},"properties":{"kind":"wave","scale":1.12}},{"type":"Feature","geometry":{"type":"Point","coordinates":[9443,323]},"properties":{"kind":"wave","scale":1.12}},{"type":"Feature","geometry":{"type":"Point","coordinates":[9523,391]},"properties":{"kind":"wave","scale":0.77}},{"type":"Feature","geometry":{"type":"Point","coordinates":[9660,383]},"properties":{"kind":"wave","scale":0.88}},{"type":"Feature","geometry":{"type":"Point","coordinates":[9733,328]},"properties":{"kind":"wave","scale":1.24}},{"type":"Feature","geometry":{"type":"Point","coordinates":[9774,347]},"properties":{"kind":"wave","scale":0.98}},{"type":"Feature","geometry":{"type":"Point","coordinates":[9934,387]},"properties":{"kind":"wave","scale":1.12}},{"type":"Feature","geometry":{"type":"Point","coordinates":[18,431]},"properties":{"kind":"wave","scale":0.9}},{"type":"Feature","geometry":{"type":"Point","coordinates":[1419,463]},"properties":{"kind":"wave","scale":1.13}},{"type":"Feature","geometry":{"type":"Point","coordinates":[1534,443]},"properties":{"kind":"wave","scale":0.94}},{"type":"Feature","geometry":{"type":"Point","coordinates":[1591,491]},"properties":{"kind":"wave","scale":1.12}},{"type":"Feature","geometry":{"type":"Point","coordinates":[4339,480]},"properties":{"kind":"wave","scale":0.87}},{"type":"Feature","geometry":{"type":"Point","coordinates":[4419,416]},"properties":{"kind":"wave","scale":1.16}},{"type":"Feature","geometry":{"type":"Point","coordinates":[4472,475]},"properties":{"kind":"wave","scale":1.09}},{"type":"Feature","geometry":{"type":"Point","coordinates":[4618,491]},"properties":{"kind":"wave","scale":1.14}},{"type":"Feature","geometry":{"type":"Point","coordinates":[4665,439]},"properties":{"kind":"wave","scale":0.8}},{"type":"Feature","geometry":{"type":"Point","coordinates":[4751,483]},"properties":{"kind":"wave","scale":0.82}},{"type":"Feature","geometry":{"type":"Point","coordinates":[4889,424]},"properties":{"kind":"wave","scale":0.79}},{"type":"Feature","geometry":{"type":"Point","coordinates":[4951,447]},"properties":{"kind":"wave","scale":0.88}},{"type":"Feature","geometry":{"type":"Point","coordinates":[4998,457]},"properties":{"kind":"wave","scale":0.97}},{"type":"Feature","geometry":{"type":"Point","coordinates":[5102,493]},"properties":{"kind":"wave","scale":0.96}},{"type":"Feature","geometry":{"type":"Point","coordinates":[5176,447]},"properties":{"kind":"wave","scale":0.85}},{"type":"Feature","geometry":{"type":"Point","coordinates":[5301,489]},"properties":{"kind":"wave","scale":1.2}},{"type":"Feature","geometry":{"type":"Point","coordinates":[5429,421]},"properties":{"kind":"wave","scale":1.06}},{"type":"Feature","geometry":{"type":"Point","coordinates":[5504,468]},"properties":{"kind":"wave","scale":0.95}},{"type":"Feature","geometry":{"type":"Point","coordinates":[5606,492]},"properties":{"kind":"wave","scale":1.16}},{"type":"Feature","geometry":{"type":"Point","coordinates":[5684,432]},"properties":{"kind":"wave","scale":1.18}},{"type":"Feature","geometry":{"type":"Point","coordinates":[5793,427]},"properties":{"kind":"wave","scale":0.99}},{"type":"Feature","geometry":{"type":"Point","coordinates":[5809,424]},"properties":{"kind":"wave","scale":0.96}},{"type":"Feature","geometry":{"type":"Point","coordinates":[5943,471]},"properties":{"kind":"wave","scale":0.76}},{"type":"Feature","geometry":{"type":"Point","coordinates":[6060,466]},"properties":{"kind":"wave","scale":0.98}},{"type":"Feature","geometry":{"type":"Point","coordinates":[6099,422]},"properties":{"kind":"wave","scale":0.82}},{"type":"Feature","geometry":{"type":"Point","coordinates":[6169,477]},"properties":{"kind":"wave","scale":1}},{"type":"Feature","geometry":{"type":"Point","coordinates":[6609,474]},"properties":{"kind":"wave","scale":0.96}},{"type":"Feature","geometry":{"type":"Point","coordinates":[6652,476]},"properties":{"kind":"wave","scale":1.06}},{"type":"Feature","geometry":{"type":"Point","coordinates":[6797,450]},"properties":{"kind":"wave","scale":0.86}},{"type":"Feature","geometry":{"type":"Point","coordinates":[6898,418]},"properties":{"kind":"wave","scale":0.97}},{"type":"Feature","geometry":{"type":"Point","coordinates":[7002,451]},"properties":{"kind":"wave","scale":0.87}},{"type":"Feature","geometry":{"type":"Point","coordinates":[7112,478]},"properties":{"kind":"wave","scale":0.78}},{"type":"Feature","geometry":{"type":"Point","coordinates":[7164,449]},"properties":{"kind":"wave","scale":0.87}},{"type":"Feature","geometry":{"type":"Point","coordinates":[7333,458]},"properties":{"kind":"wave","scale":1.06}},{"type":"Feature","geometry":{"type":"Point","coordinates":[7392,427]},"properties":{"kind":"wave","scale":1.04}},{"type":"Feature","geometry":{"type":"Point","coordinates":[7505,408]},"properties":{"kind":"wave","scale":0.85}},{"type":"Feature","geometry":{"type":"Point","coordinates":[7559,464]},"properties":{"kind":"wave","scale":1.24}},{"type":"Feature","geometry":{"type":"Point","coordinates":[8915,449]},"properties":{"kind":"wave","scale":1.07}},{"type":"Feature","geometry":{"type":"Point","coordinates":[9005,425]},"properties":{"kind":"wave","scale":1.16}},{"type":"Feature","geometry":{"type":"Point","coordinates":[9107,437]},"properties":{"kind":"wave","scale":0.76}},{"type":"Feature","geometry":{"type":"Point","coordinates":[9148,438]},"properties":{"kind":"wave","scale":1.16}},{"type":"Feature","geometry":{"type":"Point","coordinates":[9307,417]},"properties":{"kind":"wave","scale":1}},{"type":"Feature","geometry":{"type":"Point","coordinates":[9524,481]},"properties":{"kind":"wave","scale":0.77}},{"type":"Feature","geometry":{"type":"Point","coordinates":[9658,427]},"properties":{"kind":"wave","scale":0.98}},{"type":"Feature","geometry":{"type":"Point","coordinates":[9713,476]},"properties":{"kind":"wave","scale":0.75}},{"type":"Feature","geometry":{"type":"Point","coordinates":[9819,413]},"properties":{"kind":"wave","scale":1.16}},{"type":"Feature","geometry":{"type":"Point","coordinates":[9877,456]},"properties":{"kind":"wave","scale":1.07}},{"type":"Feature","geometry":{"type":"Point","coordinates":[1557,557]},"properties":{"kind":"wave","scale":1.19}},{"type":"Feature","geometry":{"type":"Point","coordinates":[1608,557]},"properties":{"kind":"wave","scale":0.86}},{"type":"Feature","geometry":{"type":"Point","coordinates":[4253,509]},"properties":{"kind":"wave","scale":0.97}},{"type":"Feature","geometry":{"type":"Point","coordinates":[4293,535]},"properties":{"kind":"wave","scale":1.04}},{"type":"Feature","geometry":{"type":"Point","coordinates":[4398,575]},"properties":{"kind":"wave","scale":1.04}},{"type":"Feature","geometry":{"type":"Point","coordinates":[4460,532]},"properties":{"kind":"wave","scale":1.09}},{"type":"Feature","geometry":{"type":"Point","coordinates":[4573,563]},"properties":{"kind":"wave","scale":0.93}},{"type":"Feature","geometry":{"type":"Point","coordinates":[4711,511]},"properties":{"kind":"wave","scale":0.75}},{"type":"Feature","geometry":{"type":"Point","coordinates":[4804,549]},"properties":{"kind":"wave","scale":0.96}},{"type":"Feature","geometry":{"type":"Point","coordinates":[4854,522]},"properties":{"kind":"wave","scale":1.05}},{"type":"Feature","geometry":{"type":"Point","coordinates":[4974,554]},"properties":{"kind":"wave","scale":1.03}},{"type":"Feature","geometry":{"type":"Point","coordinates":[5072,557]},"properties":{"kind":"wave","scale":1.11}},{"type":"Feature","geometry":{"type":"Point","coordinates":[5107,570]},"properties":{"kind":"wave","scale":1.18}},{"type":"Feature","geometry":{"type":"Point","coordinates":[5211,534]},"properties":{"kind":"wave","scale":0.96}},{"type":"Feature","geometry":{"type":"Point","coordinates":[5341,508]},"properties":{"kind":"wave","scale":0.89}},{"type":"Feature","geometry":{"type":"Point","coordinates":[5396,522]},"properties":{"kind":"wave","scale":1.18}},{"type":"Feature","geometry":{"type":"Point","coordinates":[5506,505]},"properties":{"kind":"wave","scale":1.23}},{"type":"Feature","geometry":{"type":"Point","coordinates":[5619,503]},"properties":{"kind":"wave","scale":0.87}},{"type":"Feature","geometry":{"type":"Point","coordinates":[5835,549]},"properties":{"kind":"wave","scale":1.15}},{"type":"Feature","geometry":{"type":"Point","coordinates":[5907,526]},"properties":{"kind":"wave","scale":1.24}},{"type":"Feature","geometry":{"type":"Point","coordinates":[6059,543]},"properties":{"kind":"wave","scale":1.07}},{"type":"Feature","geometry":{"type":"Point","coordinates":[6090,573]},"properties":{"kind":"wave","scale":1.08}},{"type":"Feature","geometry":{"type":"Point","coordinates":[6534,558]},"properties":{"kind":"wave","scale":0.87}},{"type":"Feature","geometry":{"type":"Point","coordinates":[6617,574]},"properties":{"kind":"wave","scale":0.76}},{"type":"Feature","geometry":{"type":"Point","coordinates":[6765,551]},"properties":{"kind":"wave","scale":1.02}},{"type":"Feature","geometry":{"type":"Point","coordinates":[6868,531]},"properties":{"kind":"wave","scale":0.95}},{"type":"Feature","geometry":{"type":"Point","coordinates":[6937,525]},"properties":{"kind":"wave","scale":1.04}},{"type":"Feature","geometry":{"type":"Point","coordinates":[6988,560]},"properties":{"kind":"wave","scale":1.18}},{"type":"Feature","geometry":{"type":"Point","coordinates":[7146,544]},"properties":{"kind":"wave","scale":0.92}},{"type":"Feature","geometry":{"type":"Point","coordinates":[7159,568]},"properties":{"kind":"wave","scale":0.87}},{"type":"Feature","geometry":{"type":"Point","coordinates":[7406,580]},"properties":{"kind":"wave","scale":1.08}},{"type":"Feature","geometry":{"type":"Point","coordinates":[7490,510]},"properties":{"kind":"wave","scale":0.84}},{"type":"Feature","geometry":{"type":"Point","coordinates":[7560,509]},"properties":{"kind":"wave","scale":0.97}},{"type":"Feature","geometry":{"type":"Point","coordinates":[8859,497]},"properties":{"kind":"wave","scale":1.16}},{"type":"Feature","geometry":{"type":"Point","coordinates":[8871,497]},"properties":{"kind":"wave","scale":0.8}},{"type":"Feature","geometry":{"type":"Point","coordinates":[8968,579]},"properties":{"kind":"wave","scale":1.12}},{"type":"Feature","geometry":{"type":"Point","coordinates":[9100,523]},"properties":{"kind":"wave","scale":1.17}},{"type":"Feature","geometry":{"type":"Point","coordinates":[9198,561]},"properties":{"kind":"wave","scale":0.81}},{"type":"Feature","geometry":{"type":"Point","coordinates":[9529,512]},"properties":{"kind":"wave","scale":1.15}},{"type":"Feature","geometry":{"type":"Point","coordinates":[9842,519]},"properties":{"kind":"wave","scale":0.96}},{"type":"Feature","geometry":{"type":"Point","coordinates":[9946,496]},"properties":{"kind":"wave","scale":1.12}},{"type":"Feature","geometry":{"type":"Point","coordinates":[1418,599]},"properties":{"kind":"wave","scale":0.87}},{"type":"Feature","geometry":{"type":"Point","coordinates":[1567,635]},"properties":{"kind":"wave","scale":0.9}},{"type":"Feature","geometry":{"type":"Point","coordinates":[4278,608]},"properties":{"kind":"wave","scale":1.09}},{"type":"Feature","geometry":{"type":"Point","coordinates":[4450,627]},"properties":{"kind":"wave","scale":0.79}},{"type":"Feature","geometry":{"type":"Point","coordinates":[4496,655]},"properties":{"kind":"wave","scale":1.21}},{"type":"Feature","geometry":{"type":"Point","coordinates":[4579,643]},"properties":{"kind":"wave","scale":1.13}},{"type":"Feature","geometry":{"type":"Point","coordinates":[4641,670]},"properties":{"kind":"wave","scale":1.21}},{"type":"Feature","geometry":{"type":"Point","coordinates":[4734,644]},"properties":{"kind":"wave","scale":1.2}},{"type":"Feature","geometry":{"type":"Point","coordinates":[4854,600]},"properties":{"kind":"wave","scale":0.99}},{"type":"Feature","geometry":{"type":"Point","coordinates":[5017,672]},"properties":{"kind":"wave","scale":0.78}},{"type":"Feature","geometry":{"type":"Point","coordinates":[5095,668]},"properties":{"kind":"wave","scale":0.85}},{"type":"Feature","geometry":{"type":"Point","coordinates":[5262,671]},"properties":{"kind":"wave","scale":0.78}},{"type":"Feature","geometry":{"type":"Point","coordinates":[5349,664]},"properties":{"kind":"wave","scale":0.97}},{"type":"Feature","geometry":{"type":"Point","coordinates":[5474,643]},"properties":{"kind":"wave","scale":0.78}},{"type":"Feature","geometry":{"type":"Point","coordinates":[5882,659]},"properties":{"kind":"wave","scale":0.82}},{"type":"Feature","geometry":{"type":"Point","coordinates":[6036,587]},"properties":{"kind":"wave","scale":0.95}},{"type":"Feature","geometry":{"type":"Point","coordinates":[6107,620]},"properties":{"kind":"wave","scale":0.83}},{"type":"Feature","geometry":{"type":"Point","coordinates":[6191,675]},"properties":{"kind":"wave","scale":1.01}},{"type":"Feature","geometry":{"type":"Point","coordinates":[6515,642]},"properties":{"kind":"wave","scale":1.01}},{"type":"Feature","geometry":{"type":"Point","coordinates":[6609,603]},"properties":{"kind":"wave","scale":0.96}},{"type":"Feature","geometry":{"type":"Point","coordinates":[6690,617]},"properties":{"kind":"wave","scale":0.94}},{"type":"Feature","geometry":{"type":"Point","coordinates":[6751,647]},"properties":{"kind":"wave","scale":1.23}},{"type":"Feature","geometry":{"type":"Point","coordinates":[6938,673]},"properties":{"kind":"wave","scale":1.01}},{"type":"Feature","geometry":{"type":"Point","coordinates":[7047,653]},"properties":{"kind":"wave","scale":1.23}},{"type":"Feature","geometry":{"type":"Point","coordinates":[7147,618]},"properties":{"kind":"wave","scale":1.14}},{"type":"Feature","geometry":{"type":"Point","coordinates":[7159,662]},"properties":{"kind":"wave","scale":0.91}},{"type":"Feature","geometry":{"type":"Point","coordinates":[7268,667]},"properties":{"kind":"wave","scale":0.9}},{"type":"Feature","geometry":{"type":"Point","coordinates":[7417,611]},"properties":{"kind":"wave","scale":1}},{"type":"Feature","geometry":{"type":"Point","coordinates":[7457,628]},"properties":{"kind":"wave","scale":1.2}},{"type":"Feature","geometry":{"type":"Point","coordinates":[7580,674]},"properties":{"kind":"wave","scale":1.19}},{"type":"Feature","geometry":{"type":"Point","coordinates":[8830,621]},"properties":{"kind":"wave","scale":0.81}},{"type":"Feature","geometry":{"type":"Point","coordinates":[8911,619]},"properties":{"kind":"wave","scale":1.21}},{"type":"Feature","geometry":{"type":"Point","coordinates":[9643,675]},"properties":{"kind":"wave","scale":1.23}},{"type":"Feature","geometry":{"type":"Point","coordinates":[9677,640]},"properties":{"kind":"wave","scale":0.78}},{"type":"Feature","geometry":{"type":"Point","coordinates":[9842,646]},"properties":{"kind":"wave","scale":1.17}},{"type":"Feature","geometry":{"type":"Point","coordinates":[1419,765]},"properties":{"kind":"wave","scale":0.94}},{"type":"Feature","geometry":{"type":"Point","coordinates":[1530,710]},"properties":{"kind":"wave","scale":0.81}},{"type":"Feature","geometry":{"type":"Point","coordinates":[1592,711]},"properties":{"kind":"wave","scale":1.1}},{"type":"Feature","geometry":{"type":"Point","coordinates":[4188,762]},"properties":{"kind":"wave","scale":0.94}},{"type":"Feature","geometry":{"type":"Point","coordinates":[4293,684]},"properties":{"kind":"wave","scale":0.75}},{"type":"Feature","geometry":{"type":"Point","coordinates":[4376,740]},"properties":{"kind":"wave","scale":1.09}},{"type":"Feature","geometry":{"type":"Point","coordinates":[4543,751]},"properties":{"kind":"wave","scale":0.77}},{"type":"Feature","geometry":{"type":"Point","coordinates":[4611,745]},"properties":{"kind":"wave","scale":1.22}},{"type":"Feature","geometry":{"type":"Point","coordinates":[4643,706]},"properties":{"kind":"wave","scale":1.19}},{"type":"Feature","geometry":{"type":"Point","coordinates":[4764,732]},"properties":{"kind":"wave","scale":0.76}},{"type":"Feature","geometry":{"type":"Point","coordinates":[5059,691]},"properties":{"kind":"wave","scale":0.81}},{"type":"Feature","geometry":{"type":"Point","coordinates":[5165,717]},"properties":{"kind":"wave","scale":0.87}},{"type":"Feature","geometry":{"type":"Point","coordinates":[5255,728]},"properties":{"kind":"wave","scale":1.09}},{"type":"Feature","geometry":{"type":"Point","coordinates":[5331,744]},"properties":{"kind":"wave","scale":1.16}},{"type":"Feature","geometry":{"type":"Point","coordinates":[5357,697]},"properties":{"kind":"wave","scale":1.02}},{"type":"Feature","geometry":{"type":"Point","coordinates":[5818,687]},"properties":{"kind":"wave","scale":0.91}},{"type":"Feature","geometry":{"type":"Point","coordinates":[6047,686]},"properties":{"kind":"wave","scale":1.21}},{"type":"Feature","geometry":{"type":"Point","coordinates":[6106,716]},"properties":{"kind":"wave","scale":1.19}},{"type":"Feature","geometry":{"type":"Point","coordinates":[6478,762]},"properties":{"kind":"wave","scale":1}},{"type":"Feature","geometry":{"type":"Point","coordinates":[6541,676]},"properties":{"kind":"wave","scale":0.97}},{"type":"Feature","geometry":{"type":"Point","coordinates":[6627,749]},"properties":{"kind":"wave","scale":1.18}},{"type":"Feature","geometry":{"type":"Point","coordinates":[7056,731]},"properties":{"kind":"wave","scale":1.02}},{"type":"Feature","geometry":{"type":"Point","coordinates":[7254,721]},"properties":{"kind":"wave","scale":1.12}},{"type":"Feature","geometry":{"type":"Point","coordinates":[7417,723]},"properties":{"kind":"wave","scale":0.82}},{"type":"Feature","geometry":{"type":"Point","coordinates":[7436,706]},"properties":{"kind":"wave","scale":1.16}},{"type":"Feature","geometry":{"type":"Point","coordinates":[7522,710]},"properties":{"kind":"wave","scale":1.23}},{"type":"Feature","geometry":{"type":"Point","coordinates":[8843,709]},"properties":{"kind":"wave","scale":0.82}},{"type":"Feature","geometry":{"type":"Point","coordinates":[8873,748]},"properties":{"kind":"wave","scale":0.98}},{"type":"Feature","geometry":{"type":"Point","coordinates":[9011,701]},"properties":{"kind":"wave","scale":0.99}},{"type":"Feature","geometry":{"type":"Point","coordinates":[9128,753]},"properties":{"kind":"wave","scale":1.13}},{"type":"Feature","geometry":{"type":"Point","coordinates":[9199,755]},"properties":{"kind":"wave","scale":0.8}},{"type":"Feature","geometry":{"type":"Point","coordinates":[9296,708]},"properties":{"kind":"wave","scale":1.16}},{"type":"Feature","geometry":{"type":"Point","coordinates":[9542,739]},"properties":{"kind":"wave","scale":1}},{"type":"Feature","geometry":{"type":"Point","coordinates":[9605,693]},"properties":{"kind":"wave","scale":0.81}},{"type":"Feature","geometry":{"type":"Point","coordinates":[9825,762]},"properties":{"kind":"wave","scale":0.93}},{"type":"Feature","geometry":{"type":"Point","coordinates":[9869,721]},"properties":{"kind":"wave","scale":1.07}},{"type":"Feature","geometry":{"type":"Point","coordinates":[1423,790]},"properties":{"kind":"wave","scale":0.87}},{"type":"Feature","geometry":{"type":"Point","coordinates":[1497,814]},"properties":{"kind":"wave","scale":1.23}},{"type":"Feature","geometry":{"type":"Point","coordinates":[4090,807]},"properties":{"kind":"wave","scale":1.03}},{"type":"Feature","geometry":{"type":"Point","coordinates":[4124,776]},"properties":{"kind":"wave","scale":0.92}},{"type":"Feature","geometry":{"type":"Point","coordinates":[4238,842]},"properties":{"kind":"wave","scale":0.96}},{"type":"Feature","geometry":{"type":"Point","coordinates":[4354,788]},"properties":{"kind":"wave","scale":1.1}},{"type":"Feature","geometry":{"type":"Point","coordinates":[4368,781]},"properties":{"kind":"wave","scale":1.21}},{"type":"Feature","geometry":{"type":"Point","coordinates":[4456,840]},"properties":{"kind":"wave","scale":1.2}},{"type":"Feature","geometry":{"type":"Point","coordinates":[4594,833]},"properties":{"kind":"wave","scale":1.16}},{"type":"Feature","geometry":{"type":"Point","coordinates":[4680,816]},"properties":{"kind":"wave","scale":0.89}},{"type":"Feature","geometry":{"type":"Point","coordinates":[5224,783]},"properties":{"kind":"wave","scale":0.96}},{"type":"Feature","geometry":{"type":"Point","coordinates":[5426,768]},"properties":{"kind":"wave","scale":0.88}},{"type":"Feature","geometry":{"type":"Point","coordinates":[5646,787]},"properties":{"kind":"wave","scale":0.94}},{"type":"Feature","geometry":{"type":"Point","coordinates":[6102,775]},"properties":{"kind":"wave","scale":1.04}},{"type":"Feature","geometry":{"type":"Point","coordinates":[6491,854]},"properties":{"kind":"wave","scale":0.78}},{"type":"Feature","geometry":{"type":"Point","coordinates":[6578,802]},"properties":{"kind":"wave","scale":0.96}},{"type":"Feature","geometry":{"type":"Point","coordinates":[6629,804]},"properties":{"kind":"wave","scale":1.05}},{"type":"Feature","geometry":{"type":"Point","coordinates":[7466,801]},"properties":{"kind":"wave","scale":0.76}},{"type":"Feature","geometry":{"type":"Point","coordinates":[7550,782]},"properties":{"kind":"wave","scale":1}},{"type":"Feature","geometry":{"type":"Point","coordinates":[8011,835]},"properties":{"kind":"wave","scale":1.03}},{"type":"Feature","geometry":{"type":"Point","coordinates":[8268,855]},"properties":{"kind":"wave","scale":1.01}},{"type":"Feature","geometry":{"type":"Point","coordinates":[8852,832]},"properties":{"kind":"wave","scale":0.95}},{"type":"Feature","geometry":{"type":"Point","coordinates":[8875,851]},"properties":{"kind":"wave","scale":0.85}},{"type":"Feature","geometry":{"type":"Point","coordinates":[9038,850]},"properties":{"kind":"wave","scale":0.76}},{"type":"Feature","geometry":{"type":"Point","coordinates":[9062,852]},"properties":{"kind":"wave","scale":0.91}},{"type":"Feature","geometry":{"type":"Point","coordinates":[9155,852]},"properties":{"kind":"wave","scale":0.92}},{"type":"Feature","geometry":{"type":"Point","coordinates":[9509,781]},"properties":{"kind":"wave","scale":0.78}},{"type":"Feature","geometry":{"type":"Point","coordinates":[9860,784]},"properties":{"kind":"wave","scale":0.96}},{"type":"Feature","geometry":{"type":"Point","coordinates":[9991,847]},"properties":{"kind":"wave","scale":0.81}},{"type":"Feature","geometry":{"type":"Point","coordinates":[5,918]},"properties":{"kind":"wave","scale":1.16}},{"type":"Feature","geometry":{"type":"Point","coordinates":[1428,942]},"properties":{"kind":"wave","scale":1.08}},{"type":"Feature","geometry":{"type":"Point","coordinates":[1548,901]},"properties":{"kind":"wave","scale":0.87}},{"type":"Feature","geometry":{"type":"Point","coordinates":[1589,917]},"properties":{"kind":"wave","scale":0.93}},{"type":"Feature","geometry":{"type":"Point","coordinates":[3298,903]},"properties":{"kind":"wave","scale":1.23}},{"type":"Feature","geometry":{"type":"Point","coordinates":[3463,928]},"properties":{"kind":"wave","scale":0.81}},{"type":"Feature","geometry":{"type":"Point","coordinates":[4063,929]},"properties":{"kind":"wave","scale":1.07}},{"type":"Feature","geometry":{"type":"Point","coordinates":[4157,875]},"properties":{"kind":"wave","scale":0.94}},{"type":"Feature","geometry":{"type":"Point","coordinates":[4225,898]},"properties":{"kind":"wave","scale":1.19}},{"type":"Feature","geometry":{"type":"Point","coordinates":[4689,902]},"properties":{"kind":"wave","scale":1.03}},{"type":"Feature","geometry":{"type":"Point","coordinates":[4728,889]},"properties":{"kind":"wave","scale":1.25}},{"type":"Feature","geometry":{"type":"Point","coordinates":[4941,934]},"properties":{"kind":"wave","scale":0.92}},{"type":"Feature","geometry":{"type":"Point","coordinates":[5373,879]},"properties":{"kind":"wave","scale":0.86}},{"type":"Feature","geometry":{"type":"Point","coordinates":[6005,935]},"properties":{"kind":"wave","scale":1}},{"type":"Feature","geometry":{"type":"Point","coordinates":[6131,935]},"properties":{"kind":"wave","scale":1}},{"type":"Feature","geometry":{"type":"Point","coordinates":[6219,944]},"properties":{"kind":"wave","scale":1.24}},{"type":"Feature","geometry":{"type":"Point","coordinates":[6429,933]},"properties":{"kind":"wave","scale":1.05}},{"type":"Feature","geometry":{"type":"Point","coordinates":[6481,936]},"properties":{"kind":"wave","scale":0.91}},{"type":"Feature","geometry":{"type":"Point","coordinates":[7327,893]},"properties":{"kind":"wave","scale":1.22}},{"type":"Feature","geometry":{"type":"Point","coordinates":[7392,918]},"properties":{"kind":"wave","scale":0.91}},{"type":"Feature","geometry":{"type":"Point","coordinates":[7508,940]},"properties":{"kind":"wave","scale":1.14}},{"type":"Feature","geometry":{"type":"Point","coordinates":[7574,917]},"properties":{"kind":"wave","scale":0.81}},{"type":"Feature","geometry":{"type":"Point","coordinates":[7617,889]},"properties":{"kind":"wave","scale":1.14}},{"type":"Feature","geometry":{"type":"Point","coordinates":[7777,887]},"properties":{"kind":"wave","scale":1.03}},{"type":"Feature","geometry":{"type":"Point","coordinates":[7871,867]},"properties":{"kind":"wave","scale":1.22}},{"type":"Feature","geometry":{"type":"Point","coordinates":[7941,907]},"properties":{"kind":"wave","scale":1.03}},{"type":"Feature","geometry":{"type":"Point","coordinates":[8015,907]},"properties":{"kind":"wave","scale":0.98}},{"type":"Feature","geometry":{"type":"Point","coordinates":[8071,874]},"properties":{"kind":"wave","scale":0.79}},{"type":"Feature","geometry":{"type":"Point","coordinates":[8232,865]},"properties":{"kind":"wave","scale":1.16}},{"type":"Feature","geometry":{"type":"Point","coordinates":[8240,859]},"properties":{"kind":"wave","scale":1.23}},{"type":"Feature","geometry":{"type":"Point","coordinates":[8371,928]},"properties":{"kind":"wave","scale":0.82}},{"type":"Feature","geometry":{"type":"Point","coordinates":[8479,918]},"properties":{"kind":"wave","scale":1.22}},{"type":"Feature","geometry":{"type":"Point","coordinates":[8544,899]},"properties":{"kind":"wave","scale":0.82}},{"type":"Feature","geometry":{"type":"Point","coordinates":[8860,905]},"properties":{"kind":"wave","scale":0.9}},{"type":"Feature","geometry":{"type":"Point","coordinates":[8885,902]},"properties":{"kind":"wave","scale":0.84}},{"type":"Feature","geometry":{"type":"Point","coordinates":[8962,897]},"properties":{"kind":"wave","scale":1.08}},{"type":"Feature","geometry":{"type":"Point","coordinates":[9074,932]},"properties":{"kind":"wave","scale":1.05}},{"type":"Feature","geometry":{"type":"Point","coordinates":[9852,870]},"properties":{"kind":"wave","scale":0.94}},{"type":"Feature","geometry":{"type":"Point","coordinates":[9888,898]},"properties":{"kind":"wave","scale":0.98}},{"type":"Feature","geometry":{"type":"Point","coordinates":[9987,872]},"properties":{"kind":"wave","scale":1.09}},{"type":"Feature","geometry":{"type":"Point","coordinates":[124,982]},"properties":{"kind":"wave","scale":0.76}},{"type":"Feature","geometry":{"type":"Point","coordinates":[265,994]},"properties":{"kind":"wave","scale":0.81}},{"type":"Feature","geometry":{"type":"Point","coordinates":[573,1013]},"properties":{"kind":"wave","scale":1.1}},{"type":"Feature","geometry":{"type":"Point","coordinates":[630,1025]},"properties":{"kind":"wave","scale":0.98}},{"type":"Feature","geometry":{"type":"Point","coordinates":[677,998]},"properties":{"kind":"wave","scale":1.17}},{"type":"Feature","geometry":{"type":"Point","coordinates":[806,1017]},"properties":{"kind":"wave","scale":1}},{"type":"Feature","geometry":{"type":"Point","coordinates":[1026,986]},"properties":{"kind":"wave","scale":0.88}},{"type":"Feature","geometry":{"type":"Point","coordinates":[1192,1007]},"properties":{"kind":"wave","scale":1.22}},{"type":"Feature","geometry":{"type":"Point","coordinates":[1217,1022]},"properties":{"kind":"wave","scale":1.15}},{"type":"Feature","geometry":{"type":"Point","coordinates":[1326,1018]},"properties":{"kind":"wave","scale":1.1}},{"type":"Feature","geometry":{"type":"Point","coordinates":[1396,1021]},"properties":{"kind":"wave","scale":1.18}},{"type":"Feature","geometry":{"type":"Point","coordinates":[1522,1010]},"properties":{"kind":"wave","scale":1.21}},{"type":"Feature","geometry":{"type":"Point","coordinates":[1587,1019]},"properties":{"kind":"wave","scale":1.07}},{"type":"Feature","geometry":{"type":"Point","coordinates":[3096,1013]},"properties":{"kind":"wave","scale":0.85}},{"type":"Feature","geometry":{"type":"Point","coordinates":[3108,961]},"properties":{"kind":"wave","scale":1.09}},{"type":"Feature","geometry":{"type":"Point","coordinates":[3235,996]},"properties":{"kind":"wave","scale":1.11}},{"type":"Feature","geometry":{"type":"Point","coordinates":[3298,946]},"properties":{"kind":"wave","scale":0.96}},{"type":"Feature","geometry":{"type":"Point","coordinates":[3438,1001]},"properties":{"kind":"wave","scale":1.02}},{"type":"Feature","geometry":{"type":"Point","coordinates":[3465,1016]},"properties":{"kind":"wave","scale":1.01}},{"type":"Feature","geometry":{"type":"Point","coordinates":[4180,993]},"properties":{"kind":"wave","scale":1.18}},{"type":"Feature","geometry":{"type":"Point","coordinates":[4212,1001]},"properties":{"kind":"wave","scale":0.82}},{"type":"Feature","geometry":{"type":"Point","coordinates":[4342,994]},"properties":{"kind":"wave","scale":0.91}},{"type":"Feature","geometry":{"type":"Point","coordinates":[4580,1032]},"properties":{"kind":"wave","scale":0.83}},{"type":"Feature","geometry":{"type":"Point","coordinates":[4669,1029]},"properties":{"kind":"wave","scale":0.88}},{"type":"Feature","geometry":{"type":"Point","coordinates":[4749,1024]},"properties":{"kind":"wave","scale":0.88}},{"type":"Feature","geometry":{"type":"Point","coordinates":[4870,990]},"properties":{"kind":"wave","scale":1.24}},{"type":"Feature","geometry":{"type":"Point","coordinates":[5288,1008]},"properties":{"kind":"wave","scale":1}},{"type":"Feature","geometry":{"type":"Point","coordinates":[5445,973]},"properties":{"kind":"wave","scale":0.85}},{"type":"Feature","geometry":{"type":"Point","coordinates":[5550,953]},"properties":{"kind":"wave","scale":1.21}},{"type":"Feature","geometry":{"type":"Point","coordinates":[5653,1010]},"properties":{"kind":"wave","scale":0.83}},{"type":"Feature","geometry":{"type":"Point","coordinates":[6141,959]},"properties":{"kind":"wave","scale":0.8}},{"type":"Feature","geometry":{"type":"Point","coordinates":[6241,967]},"properties":{"kind":"wave","scale":1.21}},{"type":"Feature","geometry":{"type":"Point","coordinates":[6365,1032]},"properties":{"kind":"wave","scale":0.93}},{"type":"Feature","geometry":{"type":"Point","coordinates":[6509,1033]},"properties":{"kind":"wave","scale":1.21}},{"type":"Feature","geometry":{"type":"Point","coordinates":[7332,1015]},"properties":{"kind":"wave","scale":1.21}},{"type":"Feature","geometry":{"type":"Point","coordinates":[7489,957]},"properties":{"kind":"wave","scale":0.82}},{"type":"Feature","geometry":{"type":"Point","coordinates":[7595,1020]},"properties":{"kind":"wave","scale":0.81}},{"type":"Feature","geometry":{"type":"Point","coordinates":[7639,985]},"properties":{"kind":"wave","scale":0.91}},{"type":"Feature","geometry":{"type":"Point","coordinates":[7778,965]},"properties":{"kind":"wave","scale":1.23}},{"type":"Feature","geometry":{"type":"Point","coordinates":[7869,1013]},"properties":{"kind":"wave","scale":1.19}},{"type":"Feature","geometry":{"type":"Point","coordinates":[7878,1032]},"properties":{"kind":"wave","scale":0.97}},{"type":"Feature","geometry":{"type":"Point","coordinates":[7996,1016]},"properties":{"kind":"wave","scale":1.13}},{"type":"Feature","geometry":{"type":"Point","coordinates":[8080,991]},"properties":{"kind":"wave","scale":1.2}},{"type":"Feature","geometry":{"type":"Point","coordinates":[8211,945]},"properties":{"kind":"wave","scale":0.9}},{"type":"Feature","geometry":{"type":"Point","coordinates":[8249,1006]},"properties":{"kind":"wave","scale":1.22}},{"type":"Feature","geometry":{"type":"Point","coordinates":[8354,1013]},"properties":{"kind":"wave","scale":1.04}},{"type":"Feature","geometry":{"type":"Point","coordinates":[8455,973]},"properties":{"kind":"wave","scale":1.21}},{"type":"Feature","geometry":{"type":"Point","coordinates":[8572,987]},"properties":{"kind":"wave","scale":0.79}},{"type":"Feature","geometry":{"type":"Point","coordinates":[8617,1001]},"properties":{"kind":"wave","scale":0.93}},{"type":"Feature","geometry":{"type":"Point","coordinates":[8797,990]},"properties":{"kind":"wave","scale":0.77}},{"type":"Feature","geometry":{"type":"Point","coordinates":[8954,1032]},"properties":{"kind":"wave","scale":1.25}},{"type":"Feature","geometry":{"type":"Point","coordinates":[9010,987]},"properties":{"kind":"wave","scale":1.07}},{"type":"Feature","geometry":{"type":"Point","coordinates":[9424,956]},"properties":{"kind":"wave","scale":1.09}},{"type":"Feature","geometry":{"type":"Point","coordinates":[9525,948]},"properties":{"kind":"wave","scale":1.23}},{"type":"Feature","geometry":{"type":"Point","coordinates":[9740,962]},"properties":{"kind":"wave","scale":1.02}},{"type":"Feature","geometry":{"type":"Point","coordinates":[9772,960]},"properties":{"kind":"wave","scale":1.08}},{"type":"Feature","geometry":{"type":"Point","coordinates":[9892,960]},"properties":{"kind":"wave","scale":1.19}},{"type":"Feature","geometry":{"type":"Point","coordinates":[5,1116]},"properties":{"kind":"wave","scale":1.12}},{"type":"Feature","geometry":{"type":"Point","coordinates":[97,1036]},"properties":{"kind":"wave","scale":1.15}},{"type":"Feature","geometry":{"type":"Point","coordinates":[222,1059]},"properties":{"kind":"wave","scale":0.96}},{"type":"Feature","geometry":{"type":"Point","coordinates":[276,1049]},"properties":{"kind":"wave","scale":1.04}},{"type":"Feature","geometry":{"type":"Point","coordinates":[354,1062]},"properties":{"kind":"wave","scale":1.03}},{"type":"Feature","geometry":{"type":"Point","coordinates":[437,1104]},"properties":{"kind":"wave","scale":1.24}},{"type":"Feature","geometry":{"type":"Point","coordinates":[518,1082]},"properties":{"kind":"wave","scale":0.91}},{"type":"Feature","geometry":{"type":"Point","coordinates":[661,1039]},"properties":{"kind":"wave","scale":1.05}},{"type":"Feature","geometry":{"type":"Point","coordinates":[760,1053]},"properties":{"kind":"wave","scale":1.25}},{"type":"Feature","geometry":{"type":"Point","coordinates":[844,1080]},"properties":{"kind":"wave","scale":1.04}},{"type":"Feature","geometry":{"type":"Point","coordinates":[923,1060]},"properties":{"kind":"wave","scale":1.24}},{"type":"Feature","geometry":{"type":"Point","coordinates":[1028,1110]},"properties":{"kind":"wave","scale":1.23}},{"type":"Feature","geometry":{"type":"Point","coordinates":[1111,1086]},"properties":{"kind":"wave","scale":0.89}},{"type":"Feature","geometry":{"type":"Point","coordinates":[1207,1092]},"properties":{"kind":"wave","scale":0.95}},{"type":"Feature","geometry":{"type":"Point","coordinates":[1234,1098]},"properties":{"kind":"wave","scale":0.79}},{"type":"Feature","geometry":{"type":"Point","coordinates":[1337,1042]},"properties":{"kind":"wave","scale":1.03}},{"type":"Feature","geometry":{"type":"Point","coordinates":[1412,1119]},"properties":{"kind":"wave","scale":1.22}},{"type":"Feature","geometry":{"type":"Point","coordinates":[1521,1064]},"properties":{"kind":"wave","scale":1.19}},{"type":"Feature","geometry":{"type":"Point","coordinates":[2716,1104]},"properties":{"kind":"wave","scale":0.78}},{"type":"Feature","geometry":{"type":"Point","coordinates":[2826,1119]},"properties":{"kind":"wave","scale":1.09}},{"type":"Feature","geometry":{"type":"Point","coordinates":[2889,1053]},"properties":{"kind":"wave","scale":1.08}},{"type":"Feature","geometry":{"type":"Point","coordinates":[2939,1121]},"properties":{"kind":"wave","scale":0.88}},{"type":"Feature","geometry":{"type":"Point","coordinates":[3076,1054]},"properties":{"kind":"wave","scale":1.07}},{"type":"Feature","geometry":{"type":"Point","coordinates":[3145,1059]},"properties":{"kind":"wave","scale":0.84}},{"type":"Feature","geometry":{"type":"Point","coordinates":[3208,1063]},"properties":{"kind":"wave","scale":0.91}},{"type":"Feature","geometry":{"type":"Point","coordinates":[3325,1080]},"properties":{"kind":"wave","scale":0.86}},{"type":"Feature","geometry":{"type":"Point","coordinates":[3450,1099]},"properties":{"kind":"wave","scale":0.76}},{"type":"Feature","geometry":{"type":"Point","coordinates":[3522,1057]},"properties":{"kind":"wave","scale":0.96}},{"type":"Feature","geometry":{"type":"Point","coordinates":[3604,1102]},"properties":{"kind":"wave","scale":0.82}},{"type":"Feature","geometry":{"type":"Point","coordinates":[4138,1093]},"properties":{"kind":"wave","scale":0.92}},{"type":"Feature","geometry":{"type":"Point","coordinates":[4228,1044]},"properties":{"kind":"wave","scale":0.96}},{"type":"Feature","geometry":{"type":"Point","coordinates":[4279,1064]},"properties":{"kind":"wave","scale":1.07}},{"type":"Feature","geometry":{"type":"Point","coordinates":[4445,1106]},"properties":{"kind":"wave","scale":0.87}},{"type":"Feature","geometry":{"type":"Point","coordinates":[4465,1064]},"properties":{"kind":"wave","scale":0.97}},{"type":"Feature","geometry":{"type":"Point","coordinates":[4597,1073]},"properties":{"kind":"wave","scale":1.02}},{"type":"Feature","geometry":{"type":"Point","coordinates":[4676,1065]},"properties":{"kind":"wave","scale":1.04}},{"type":"Feature","geometry":{"type":"Point","coordinates":[5710,1073]},"properties":{"kind":"wave","scale":0.81}},{"type":"Feature","geometry":{"type":"Point","coordinates":[5947,1037]},"properties":{"kind":"wave","scale":1.17}},{"type":"Feature","geometry":{"type":"Point","coordinates":[6031,1099]},"properties":{"kind":"wave","scale":1.07}},{"type":"Feature","geometry":{"type":"Point","coordinates":[6119,1102]},"properties":{"kind":"wave","scale":1.03}},{"type":"Feature","geometry":{"type":"Point","coordinates":[6201,1108]},"properties":{"kind":"wave","scale":1.25}},{"type":"Feature","geometry":{"type":"Point","coordinates":[6309,1054]},"properties":{"kind":"wave","scale":0.97}},{"type":"Feature","geometry":{"type":"Point","coordinates":[6354,1074]},"properties":{"kind":"wave","scale":1.19}},{"type":"Feature","geometry":{"type":"Point","coordinates":[6522,1054]},"properties":{"kind":"wave","scale":1.09}},{"type":"Feature","geometry":{"type":"Point","coordinates":[7599,1117]},"properties":{"kind":"wave","scale":0.85}},{"type":"Feature","geometry":{"type":"Point","coordinates":[7827,1073]},"properties":{"kind":"wave","scale":1.13}},{"type":"Feature","geometry":{"type":"Point","coordinates":[7953,1035]},"properties":{"kind":"wave","scale":0.78}},{"type":"Feature","geometry":{"type":"Point","coordinates":[8025,1063]},"properties":{"kind":"wave","scale":0.94}},{"type":"Feature","geometry":{"type":"Point","coordinates":[8132,1117]},"properties":{"kind":"wave","scale":0.79}},{"type":"Feature","geometry":{"type":"Point","coordinates":[8228,1118]},"properties":{"kind":"wave","scale":0.91}},{"type":"Feature","geometry":{"type":"Point","coordinates":[8301,1119]},"properties":{"kind":"wave","scale":0.85}},{"type":"Feature","geometry":{"type":"Point","coordinates":[8412,1098]},"properties":{"kind":"wave","scale":0.76}},{"type":"Feature","geometry":{"type":"Point","coordinates":[8449,1037]},"properties":{"kind":"wave","scale":0.88}},{"type":"Feature","geometry":{"type":"Point","coordinates":[8576,1101]},"properties":{"kind":"wave","scale":0.86}},{"type":"Feature","geometry":{"type":"Point","coordinates":[8683,1057]},"properties":{"kind":"wave","scale":1.01}},{"type":"Feature","geometry":{"type":"Point","coordinates":[8790,1118]},"properties":{"kind":"wave","scale":1}},{"type":"Feature","geometry":{"type":"Point","coordinates":[8869,1072]},"properties":{"kind":"wave","scale":0.86}},{"type":"Feature","geometry":{"type":"Point","coordinates":[8986,1059]},"properties":{"kind":"wave","scale":0.98}},{"type":"Feature","geometry":{"type":"Point","coordinates":[9130,1079]},"properties":{"kind":"wave","scale":0.92}},{"type":"Feature","geometry":{"type":"Point","coordinates":[9205,1102]},"properties":{"kind":"wave","scale":1.01}},{"type":"Feature","geometry":{"type":"Point","coordinates":[9325,1099]},"properties":{"kind":"wave","scale":0.81}},{"type":"Feature","geometry":{"type":"Point","coordinates":[9442,1116]},"properties":{"kind":"wave","scale":1.18}},{"type":"Feature","geometry":{"type":"Point","coordinates":[9583,1061]},"properties":{"kind":"wave","scale":0.91}},{"type":"Feature","geometry":{"type":"Point","coordinates":[9637,1099]},"properties":{"kind":"wave","scale":0.9}},{"type":"Feature","geometry":{"type":"Point","coordinates":[9686,1046]},"properties":{"kind":"wave","scale":0.8}},{"type":"Feature","geometry":{"type":"Point","coordinates":[9775,1105]},"properties":{"kind":"wave","scale":1.03}},{"type":"Feature","geometry":{"type":"Point","coordinates":[9864,1053]},"properties":{"kind":"wave","scale":1.21}},{"type":"Feature","geometry":{"type":"Point","coordinates":[36,1129]},"properties":{"kind":"wave","scale":1.18}},{"type":"Feature","geometry":{"type":"Point","coordinates":[86,1173]},"properties":{"kind":"wave","scale":1.22}},{"type":"Feature","geometry":{"type":"Point","coordinates":[152,1133]},"properties":{"kind":"wave","scale":1.19}},{"type":"Feature","geometry":{"type":"Point","coordinates":[395,1146]},"properties":{"kind":"wave","scale":1.18}},{"type":"Feature","geometry":{"type":"Point","coordinates":[581,1174]},"properties":{"kind":"wave","scale":0.79}},{"type":"Feature","geometry":{"type":"Point","coordinates":[745,1155]},"properties":{"kind":"wave","scale":1.23}},{"type":"Feature","geometry":{"type":"Point","coordinates":[782,1141]},"properties":{"kind":"wave","scale":1.13}},{"type":"Feature","geometry":{"type":"Point","coordinates":[1213,1134]},"properties":{"kind":"wave","scale":1.01}},{"type":"Feature","geometry":{"type":"Point","coordinates":[1285,1159]},"properties":{"kind":"wave","scale":0.93}},{"type":"Feature","geometry":{"type":"Point","coordinates":[1350,1134]},"properties":{"kind":"wave","scale":1.22}},{"type":"Feature","geometry":{"type":"Point","coordinates":[1545,1135]},"properties":{"kind":"wave","scale":1.22}},{"type":"Feature","geometry":{"type":"Point","coordinates":[1593,1165]},"properties":{"kind":"wave","scale":1.21}},{"type":"Feature","geometry":{"type":"Point","coordinates":[2741,1193]},"properties":{"kind":"wave","scale":1.17}},{"type":"Feature","geometry":{"type":"Point","coordinates":[2783,1166]},"properties":{"kind":"wave","scale":1.25}},{"type":"Feature","geometry":{"type":"Point","coordinates":[2914,1191]},"properties":{"kind":"wave","scale":0.8}},{"type":"Feature","geometry":{"type":"Point","coordinates":[3003,1214]},"properties":{"kind":"wave","scale":1.05}},{"type":"Feature","geometry":{"type":"Point","coordinates":[3061,1187]},"properties":{"kind":"wave","scale":1.21}},{"type":"Feature","geometry":{"type":"Point","coordinates":[3119,1182]},"properties":{"kind":"wave","scale":1.25}},{"type":"Feature","geometry":{"type":"Point","coordinates":[3346,1144]},"properties":{"kind":"wave","scale":1.02}},{"type":"Feature","geometry":{"type":"Point","coordinates":[3455,1171]},"properties":{"kind":"wave","scale":1.08}},{"type":"Feature","geometry":{"type":"Point","coordinates":[3506,1145]},"properties":{"kind":"wave","scale":0.88}},{"type":"Feature","geometry":{"type":"Point","coordinates":[3590,1205]},"properties":{"kind":"wave","scale":0.95}},{"type":"Feature","geometry":{"type":"Point","coordinates":[3693,1215]},"properties":{"kind":"wave","scale":1.02}},{"type":"Feature","geometry":{"type":"Point","coordinates":[3911,1181]},"properties":{"kind":"wave","scale":0.79}},{"type":"Feature","geometry":{"type":"Point","coordinates":[4264,1126]},"properties":{"kind":"wave","scale":1.16}},{"type":"Feature","geometry":{"type":"Point","coordinates":[4321,1142]},"properties":{"kind":"wave","scale":1.01}},{"type":"Feature","geometry":{"type":"Point","coordinates":[4453,1206]},"properties":{"kind":"wave","scale":0.93}},{"type":"Feature","geometry":{"type":"Point","coordinates":[4497,1203]},"properties":{"kind":"wave","scale":0.87}},{"type":"Feature","geometry":{"type":"Point","coordinates":[4592,1209]},"properties":{"kind":"wave","scale":0.83}},{"type":"Feature","geometry":{"type":"Point","coordinates":[5838,1205]},"properties":{"kind":"wave","scale":0.86}},{"type":"Feature","geometry":{"type":"Point","coordinates":[5918,1202]},"properties":{"kind":"wave","scale":1}},{"type":"Feature","geometry":{"type":"Point","coordinates":[6068,1183]},"properties":{"kind":"wave","scale":0.89}},{"type":"Feature","geometry":{"type":"Point","coordinates":[6123,1206]},"properties":{"kind":"wave","scale":1}},{"type":"Feature","geometry":{"type":"Point","coordinates":[6211,1208]},"properties":{"kind":"wave","scale":1.21}},{"type":"Feature","geometry":{"type":"Point","coordinates":[6268,1162]},"properties":{"kind":"wave","scale":1.14}},{"type":"Feature","geometry":{"type":"Point","coordinates":[6388,1211]},"properties":{"kind":"wave","scale":0.99}},{"type":"Feature","geometry":{"type":"Point","coordinates":[7237,1202]},"properties":{"kind":"wave","scale":1.03}},{"type":"Feature","geometry":{"type":"Point","coordinates":[7253,1194]},"properties":{"kind":"wave","scale":1.25}},{"type":"Feature","geometry":{"type":"Point","coordinates":[7393,1155]},"properties":{"kind":"wave","scale":0.79}},{"type":"Feature","geometry":{"type":"Point","coordinates":[7495,1190]},"properties":{"kind":"wave","scale":0.92}},{"type":"Feature","geometry":{"type":"Point","coordinates":[7562,1184]},"properties":{"kind":"wave","scale":1.16}},{"type":"Feature","geometry":{"type":"Point","coordinates":[7627,1161]},"properties":{"kind":"wave","scale":0.99}},{"type":"Feature","geometry":{"type":"Point","coordinates":[7847,1193]},"properties":{"kind":"wave","scale":1.18}},{"type":"Feature","geometry":{"type":"Point","coordinates":[7892,1181]},"properties":{"kind":"wave","scale":1.17}},{"type":"Feature","geometry":{"type":"Point","coordinates":[8037,1137]},"properties":{"kind":"wave","scale":1.08}},{"type":"Feature","geometry":{"type":"Point","coordinates":[8114,1147]},"properties":{"kind":"wave","scale":1.1}},{"type":"Feature","geometry":{"type":"Point","coordinates":[8154,1156]},"properties":{"kind":"wave","scale":0.98}},{"type":"Feature","geometry":{"type":"Point","coordinates":[8320,1139]},"properties":{"kind":"wave","scale":1.16}},{"type":"Feature","geometry":{"type":"Point","coordinates":[8412,1187]},"properties":{"kind":"wave","scale":1.24}},{"type":"Feature","geometry":{"type":"Point","coordinates":[8477,1191]},"properties":{"kind":"wave","scale":0.76}},{"type":"Feature","geometry":{"type":"Point","coordinates":[8519,1155]},"properties":{"kind":"wave","scale":0.8}},{"type":"Feature","geometry":{"type":"Point","coordinates":[8666,1168]},"properties":{"kind":"wave","scale":1.18}},{"type":"Feature","geometry":{"type":"Point","coordinates":[8752,1160]},"properties":{"kind":"wave","scale":1}},{"type":"Feature","geometry":{"type":"Point","coordinates":[8797,1183]},"properties":{"kind":"wave","scale":1.13}},{"type":"Feature","geometry":{"type":"Point","coordinates":[8951,1126]},"properties":{"kind":"wave","scale":1.2}},{"type":"Feature","geometry":{"type":"Point","coordinates":[9057,1142]},"properties":{"kind":"wave","scale":0.89}},{"type":"Feature","geometry":{"type":"Point","coordinates":[9202,1168]},"properties":{"kind":"wave","scale":1.21}},{"type":"Feature","geometry":{"type":"Point","coordinates":[9308,1160]},"properties":{"kind":"wave","scale":1.11}},{"type":"Feature","geometry":{"type":"Point","coordinates":[9319,1167]},"properties":{"kind":"wave","scale":0.97}},{"type":"Feature","geometry":{"type":"Point","coordinates":[9528,1132]},"properties":{"kind":"wave","scale":1.03}},{"type":"Feature","geometry":{"type":"Point","coordinates":[9657,1151]},"properties":{"kind":"wave","scale":0.88}},{"type":"Feature","geometry":{"type":"Point","coordinates":[9682,1147]},"properties":{"kind":"wave","scale":1.03}},{"type":"Feature","geometry":{"type":"Point","coordinates":[9769,1137]},"properties":{"kind":"wave","scale":1.23}},{"type":"Feature","geometry":{"type":"Point","coordinates":[9863,1152]},"properties":{"kind":"wave","scale":1.08}},{"type":"Feature","geometry":{"type":"Point","coordinates":[2725,1283]},"properties":{"kind":"wave","scale":1}},{"type":"Feature","geometry":{"type":"Point","coordinates":[2806,1275]},"properties":{"kind":"wave","scale":1}},{"type":"Feature","geometry":{"type":"Point","coordinates":[2867,1276]},"properties":{"kind":"wave","scale":1.01}},{"type":"Feature","geometry":{"type":"Point","coordinates":[3010,1302]},"properties":{"kind":"wave","scale":1.03}},{"type":"Feature","geometry":{"type":"Point","coordinates":[3385,1237]},"properties":{"kind":"wave","scale":1.14}},{"type":"Feature","geometry":{"type":"Point","coordinates":[3498,1261]},"properties":{"kind":"wave","scale":1.11}},{"type":"Feature","geometry":{"type":"Point","coordinates":[3636,1243]},"properties":{"kind":"wave","scale":1.15}},{"type":"Feature","geometry":{"type":"Point","coordinates":[3719,1253]},"properties":{"kind":"wave","scale":1.11}},{"type":"Feature","geometry":{"type":"Point","coordinates":[3768,1258]},"properties":{"kind":"wave","scale":0.87}},{"type":"Feature","geometry":{"type":"Point","coordinates":[3903,1234]},"properties":{"kind":"wave","scale":1.2}},{"type":"Feature","geometry":{"type":"Point","coordinates":[3917,1241]},"properties":{"kind":"wave","scale":0.91}},{"type":"Feature","geometry":{"type":"Point","coordinates":[4016,1287]},"properties":{"kind":"wave","scale":0.95}},{"type":"Feature","geometry":{"type":"Point","coordinates":[4184,1284]},"properties":{"kind":"wave","scale":1.25}},{"type":"Feature","geometry":{"type":"Point","coordinates":[4191,1244]},"properties":{"kind":"wave","scale":0.85}},{"type":"Feature","geometry":{"type":"Point","coordinates":[4327,1259]},"properties":{"kind":"wave","scale":0.87}},{"type":"Feature","geometry":{"type":"Point","coordinates":[4431,1255]},"properties":{"kind":"wave","scale":1.15}},{"type":"Feature","geometry":{"type":"Point","coordinates":[4515,1248]},"properties":{"kind":"wave","scale":0.91}},{"type":"Feature","geometry":{"type":"Point","coordinates":[4545,1227]},"properties":{"kind":"wave","scale":0.92}},{"type":"Feature","geometry":{"type":"Point","coordinates":[5830,1230]},"properties":{"kind":"wave","scale":1.19}},{"type":"Feature","geometry":{"type":"Point","coordinates":[5916,1250]},"properties":{"kind":"wave","scale":1.11}},{"type":"Feature","geometry":{"type":"Point","coordinates":[6005,1263]},"properties":{"kind":"wave","scale":1.02}},{"type":"Feature","geometry":{"type":"Point","coordinates":[6133,1246]},"properties":{"kind":"wave","scale":0.86}},{"type":"Feature","geometry":{"type":"Point","coordinates":[6257,1249]},"properties":{"kind":"wave","scale":0.88}},{"type":"Feature","geometry":{"type":"Point","coordinates":[6372,1297]},"properties":{"kind":"wave","scale":1.15}},{"type":"Feature","geometry":{"type":"Point","coordinates":[6485,1296]},"properties":{"kind":"wave","scale":0.99}},{"type":"Feature","geometry":{"type":"Point","coordinates":[7424,1286]},"properties":{"kind":"wave","scale":1.17}},{"type":"Feature","geometry":{"type":"Point","coordinates":[7478,1247]},"properties":{"kind":"wave","scale":0.82}},{"type":"Feature","geometry":{"type":"Point","coordinates":[7541,1225]},"properties":{"kind":"wave","scale":1.21}},{"type":"Feature","geometry":{"type":"Point","coordinates":[7633,1292]},"properties":{"kind":"wave","scale":0.84}},{"type":"Feature","geometry":{"type":"Point","coordinates":[7866,1272]},"properties":{"kind":"wave","scale":0.88}},{"type":"Feature","geometry":{"type":"Point","coordinates":[8013,1236]},"properties":{"kind":"wave","scale":1.07}},{"type":"Feature","geometry":{"type":"Point","coordinates":[8136,1271]},"properties":{"kind":"wave","scale":0.94}},{"type":"Feature","geometry":{"type":"Point","coordinates":[8172,1226]},"properties":{"kind":"wave","scale":1.15}},{"type":"Feature","geometry":{"type":"Point","coordinates":[8279,1250]},"properties":{"kind":"wave","scale":0.82}},{"type":"Feature","geometry":{"type":"Point","coordinates":[8392,1238]},"properties":{"kind":"wave","scale":0.81}},{"type":"Feature","geometry":{"type":"Point","coordinates":[8580,1232]},"properties":{"kind":"wave","scale":1.1}},{"type":"Feature","geometry":{"type":"Point","coordinates":[8678,1243]},"properties":{"kind":"wave","scale":1.02}},{"type":"Feature","geometry":{"type":"Point","coordinates":[8772,1302]},"properties":{"kind":"wave","scale":1.06}},{"type":"Feature","geometry":{"type":"Point","coordinates":[8795,1234]},"properties":{"kind":"wave","scale":1.24}},{"type":"Feature","geometry":{"type":"Point","coordinates":[9208,1270]},"properties":{"kind":"wave","scale":0.85}},{"type":"Feature","geometry":{"type":"Point","coordinates":[9738,1300]},"properties":{"kind":"wave","scale":0.96}},{"type":"Feature","geometry":{"type":"Point","coordinates":[9809,1262]},"properties":{"kind":"wave","scale":0.93}},{"type":"Feature","geometry":{"type":"Point","coordinates":[2199,1378]},"properties":{"kind":"wave","scale":0.96}},{"type":"Feature","geometry":{"type":"Point","coordinates":[2366,1361]},"properties":{"kind":"wave","scale":0.88}},{"type":"Feature","geometry":{"type":"Point","coordinates":[2563,1392]},"properties":{"kind":"wave","scale":1.11}},{"type":"Feature","geometry":{"type":"Point","coordinates":[2636,1376]},"properties":{"kind":"wave","scale":1.21}},{"type":"Feature","geometry":{"type":"Point","coordinates":[2657,1336]},"properties":{"kind":"wave","scale":1.19}},{"type":"Feature","geometry":{"type":"Point","coordinates":[2815,1363]},"properties":{"kind":"wave","scale":0.96}},{"type":"Feature","geometry":{"type":"Point","coordinates":[3157,1376]},"properties":{"kind":"wave","scale":0.87}},{"type":"Feature","geometry":{"type":"Point","coordinates":[3493,1332]},"properties":{"kind":"wave","scale":0.95}},{"type":"Feature","geometry":{"type":"Point","coordinates":[3607,1314]},"properties":{"kind":"wave","scale":0.9}},{"type":"Feature","geometry":{"type":"Point","coordinates":[3769,1329]},"properties":{"kind":"wave","scale":0.88}},{"type":"Feature","geometry":{"type":"Point","coordinates":[3848,1343]},"properties":{"kind":"wave","scale":1.18}},{"type":"Feature","geometry":{"type":"Point","coordinates":[3990,1330]},"properties":{"kind":"wave","scale":0.92}},{"type":"Feature","geometry":{"type":"Point","coordinates":[4041,1342]},"properties":{"kind":"wave","scale":0.97}},{"type":"Feature","geometry":{"type":"Point","coordinates":[4153,1373]},"properties":{"kind":"wave","scale":0.88}},{"type":"Feature","geometry":{"type":"Point","coordinates":[4185,1339]},"properties":{"kind":"wave","scale":1.23}},{"type":"Feature","geometry":{"type":"Point","coordinates":[4371,1355]},"properties":{"kind":"wave","scale":0.91}},{"type":"Feature","geometry":{"type":"Point","coordinates":[4462,1347]},"properties":{"kind":"wave","scale":0.86}},{"type":"Feature","geometry":{"type":"Point","coordinates":[4929,1395]},"properties":{"kind":"wave","scale":0.8}},{"type":"Feature","geometry":{"type":"Point","coordinates":[5508,1359]},"properties":{"kind":"wave","scale":0.92}},{"type":"Feature","geometry":{"type":"Point","coordinates":[5737,1344]},"properties":{"kind":"wave","scale":1.03}},{"type":"Feature","geometry":{"type":"Point","coordinates":[5845,1344]},"properties":{"kind":"wave","scale":1.11}},{"type":"Feature","geometry":{"type":"Point","coordinates":[5941,1339]},"properties":{"kind":"wave","scale":1.15}},{"type":"Feature","geometry":{"type":"Point","coordinates":[6113,1333]},"properties":{"kind":"wave","scale":1}},{"type":"Feature","geometry":{"type":"Point","coordinates":[6173,1354]},"properties":{"kind":"wave","scale":1.18}},{"type":"Feature","geometry":{"type":"Point","coordinates":[6335,1367]},"properties":{"kind":"wave","scale":1.04}},{"type":"Feature","geometry":{"type":"Point","coordinates":[6428,1360]},"properties":{"kind":"wave","scale":1.14}},{"type":"Feature","geometry":{"type":"Point","coordinates":[6476,1355]},"properties":{"kind":"wave","scale":1.08}},{"type":"Feature","geometry":{"type":"Point","coordinates":[7488,1323]},"properties":{"kind":"wave","scale":0.96}},{"type":"Feature","geometry":{"type":"Point","coordinates":[7574,1391]},"properties":{"kind":"wave","scale":1}},{"type":"Feature","geometry":{"type":"Point","coordinates":[7627,1379]},"properties":{"kind":"wave","scale":1.02}},{"type":"Feature","geometry":{"type":"Point","coordinates":[8267,1369]},"properties":{"kind":"wave","scale":1.18}},{"type":"Feature","geometry":{"type":"Point","coordinates":[8404,1362]},"properties":{"kind":"wave","scale":0.92}},{"type":"Feature","geometry":{"type":"Point","coordinates":[8474,1383]},"properties":{"kind":"wave","scale":0.92}},{"type":"Feature","geometry":{"type":"Point","coordinates":[8680,1377]},"properties":{"kind":"wave","scale":0.88}},{"type":"Feature","geometry":{"type":"Point","coordinates":[8697,1366]},"properties":{"kind":"wave","scale":1.12}},{"type":"Feature","geometry":{"type":"Point","coordinates":[8861,1310]},"properties":{"kind":"wave","scale":1.14}},{"type":"Feature","geometry":{"type":"Point","coordinates":[9220,1326]},"properties":{"kind":"wave","scale":0.78}},{"type":"Feature","geometry":{"type":"Point","coordinates":[9226,1391]},"properties":{"kind":"wave","scale":1.17}},{"type":"Feature","geometry":{"type":"Point","coordinates":[9331,1394]},"properties":{"kind":"wave","scale":0.79}},{"type":"Feature","geometry":{"type":"Point","coordinates":[9599,1388]},"properties":{"kind":"wave","scale":1.16}},{"type":"Feature","geometry":{"type":"Point","coordinates":[9752,1366]},"properties":{"kind":"wave","scale":0.84}},{"type":"Feature","geometry":{"type":"Point","coordinates":[9835,1326]},"properties":{"kind":"wave","scale":1.08}},{"type":"Feature","geometry":{"type":"Point","coordinates":[1809,1456]},"properties":{"kind":"wave","scale":0.83}},{"type":"Feature","geometry":{"type":"Point","coordinates":[1877,1451]},"properties":{"kind":"wave","scale":0.8}},{"type":"Feature","geometry":{"type":"Point","coordinates":[1939,1401]},"properties":{"kind":"wave","scale":1.07}},{"type":"Feature","geometry":{"type":"Point","coordinates":[2037,1471]},"properties":{"kind":"wave","scale":0.9}},{"type":"Feature","geometry":{"type":"Point","coordinates":[2177,1456]},"properties":{"kind":"wave","scale":0.78}},{"type":"Feature","geometry":{"type":"Point","coordinates":[2252,1471]},"properties":{"kind":"wave","scale":0.76}},{"type":"Feature","geometry":{"type":"Point","coordinates":[2308,1418]},"properties":{"kind":"wave","scale":0.93}},{"type":"Feature","geometry":{"type":"Point","coordinates":[2418,1431]},"properties":{"kind":"wave","scale":0.95}},{"type":"Feature","geometry":{"type":"Point","coordinates":[2510,1480]},"properties":{"kind":"wave","scale":1.06}},{"type":"Feature","geometry":{"type":"Point","coordinates":[2624,1458]},"properties":{"kind":"wave","scale":1.08}},{"type":"Feature","geometry":{"type":"Point","coordinates":[2680,1423]},"properties":{"kind":"wave","scale":0.76}},{"type":"Feature","geometry":{"type":"Point","coordinates":[2768,1429]},"properties":{"kind":"wave","scale":0.83}},{"type":"Feature","geometry":{"type":"Point","coordinates":[3097,1460]},"properties":{"kind":"wave","scale":0.95}},{"type":"Feature","geometry":{"type":"Point","coordinates":[3583,1406]},"properties":{"kind":"wave","scale":0.83}},{"type":"Feature","geometry":{"type":"Point","coordinates":[3726,1411]},"properties":{"kind":"wave","scale":0.94}},{"type":"Feature","geometry":{"type":"Point","coordinates":[3748,1462]},"properties":{"kind":"wave","scale":1.22}},{"type":"Feature","geometry":{"type":"Point","coordinates":[3897,1482]},"properties":{"kind":"wave","scale":0.9}},{"type":"Feature","geometry":{"type":"Point","coordinates":[3933,1478]},"properties":{"kind":"wave","scale":0.87}},{"type":"Feature","geometry":{"type":"Point","coordinates":[4009,1450]},"properties":{"kind":"wave","scale":1.24}},{"type":"Feature","geometry":{"type":"Point","coordinates":[4096,1448]},"properties":{"kind":"wave","scale":1.18}},{"type":"Feature","geometry":{"type":"Point","coordinates":[4940,1413]},"properties":{"kind":"wave","scale":0.82}},{"type":"Feature","geometry":{"type":"Point","coordinates":[5469,1412]},"properties":{"kind":"wave","scale":1.03}},{"type":"Feature","geometry":{"type":"Point","coordinates":[5887,1484]},"properties":{"kind":"wave","scale":1.12}},{"type":"Feature","geometry":{"type":"Point","coordinates":[6034,1403]},"properties":{"kind":"wave","scale":0.78}},{"type":"Feature","geometry":{"type":"Point","coordinates":[6079,1480]},"properties":{"kind":"wave","scale":1.01}},{"type":"Feature","geometry":{"type":"Point","coordinates":[6192,1477]},"properties":{"kind":"wave","scale":0.86}},{"type":"Feature","geometry":{"type":"Point","coordinates":[6272,1482]},"properties":{"kind":"wave","scale":1.25}},{"type":"Feature","geometry":{"type":"Point","coordinates":[6401,1450]},"properties":{"kind":"wave","scale":1.07}},{"type":"Feature","geometry":{"type":"Point","coordinates":[6494,1449]},"properties":{"kind":"wave","scale":1.23}},{"type":"Feature","geometry":{"type":"Point","coordinates":[7399,1481]},"properties":{"kind":"wave","scale":1.25}},{"type":"Feature","geometry":{"type":"Point","coordinates":[7595,1473]},"properties":{"kind":"wave","scale":1.07}},{"type":"Feature","geometry":{"type":"Point","coordinates":[7691,1468]},"properties":{"kind":"wave","scale":1}},{"type":"Feature","geometry":{"type":"Point","coordinates":[8253,1414]},"properties":{"kind":"wave","scale":1.25}},{"type":"Feature","geometry":{"type":"Point","coordinates":[8354,1432]},"properties":{"kind":"wave","scale":1}},{"type":"Feature","geometry":{"type":"Point","coordinates":[8478,1432]},"properties":{"kind":"wave","scale":0.83}},{"type":"Feature","geometry":{"type":"Point","coordinates":[8507,1462]},"properties":{"kind":"wave","scale":1.12}},{"type":"Feature","geometry":{"type":"Point","coordinates":[8652,1402]},"properties":{"kind":"wave","scale":1.2}},{"type":"Feature","geometry":{"type":"Point","coordinates":[8734,1471]},"properties":{"kind":"wave","scale":0.88}},{"type":"Feature","geometry":{"type":"Point","coordinates":[8984,1437]},"properties":{"kind":"wave","scale":1.06}},{"type":"Feature","geometry":{"type":"Point","coordinates":[9064,1471]},"properties":{"kind":"wave","scale":0.77}},{"type":"Feature","geometry":{"type":"Point","coordinates":[9181,1457]},"properties":{"kind":"wave","scale":0.86}},{"type":"Feature","geometry":{"type":"Point","coordinates":[9247,1458]},"properties":{"kind":"wave","scale":1.1}},{"type":"Feature","geometry":{"type":"Point","coordinates":[9488,1467]},"properties":{"kind":"wave","scale":1.04}},{"type":"Feature","geometry":{"type":"Point","coordinates":[9522,1480]},"properties":{"kind":"wave","scale":1.18}},{"type":"Feature","geometry":{"type":"Point","coordinates":[9626,1469]},"properties":{"kind":"wave","scale":1.23}},{"type":"Feature","geometry":{"type":"Point","coordinates":[9698,1413]},"properties":{"kind":"wave","scale":0.77}},{"type":"Feature","geometry":{"type":"Point","coordinates":[9768,1399]},"properties":{"kind":"wave","scale":0.87}},{"type":"Feature","geometry":{"type":"Point","coordinates":[1803,1551]},"properties":{"kind":"wave","scale":1.12}},{"type":"Feature","geometry":{"type":"Point","coordinates":[1903,1487]},"properties":{"kind":"wave","scale":0.94}},{"type":"Feature","geometry":{"type":"Point","coordinates":[2023,1497]},"properties":{"kind":"wave","scale":0.8}},{"type":"Feature","geometry":{"type":"Point","coordinates":[2032,1505]},"properties":{"kind":"wave","scale":1.1}},{"type":"Feature","geometry":{"type":"Point","coordinates":[2177,1565]},"properties":{"kind":"wave","scale":1.1}},{"type":"Feature","geometry":{"type":"Point","coordinates":[2227,1545]},"properties":{"kind":"wave","scale":1}},{"type":"Feature","geometry":{"type":"Point","coordinates":[2348,1523]},"properties":{"kind":"wave","scale":0.88}},{"type":"Feature","geometry":{"type":"Point","coordinates":[2456,1542]},"properties":{"kind":"wave","scale":1.16}},{"type":"Feature","geometry":{"type":"Point","coordinates":[2479,1547]},"properties":{"kind":"wave","scale":1.1}},{"type":"Feature","geometry":{"type":"Point","coordinates":[2623,1567]},"properties":{"kind":"wave","scale":0.77}},{"type":"Feature","geometry":{"type":"Point","coordinates":[2703,1535]},"properties":{"kind":"wave","scale":0.93}},{"type":"Feature","geometry":{"type":"Point","coordinates":[2814,1523]},"properties":{"kind":"wave","scale":1.1}},{"type":"Feature","geometry":{"type":"Point","coordinates":[3130,1537]},"properties":{"kind":"wave","scale":0.84}},{"type":"Feature","geometry":{"type":"Point","coordinates":[3908,1548]},"properties":{"kind":"wave","scale":0.91}},{"type":"Feature","geometry":{"type":"Point","coordinates":[5420,1543]},"properties":{"kind":"wave","scale":0.91}},{"type":"Feature","geometry":{"type":"Point","coordinates":[5486,1510]},"properties":{"kind":"wave","scale":0.93}},{"type":"Feature","geometry":{"type":"Point","coordinates":[5931,1551]},"properties":{"kind":"wave","scale":0.99}},{"type":"Feature","geometry":{"type":"Point","coordinates":[5987,1535]},"properties":{"kind":"wave","scale":0.76}},{"type":"Feature","geometry":{"type":"Point","coordinates":[6144,1561]},"properties":{"kind":"wave","scale":0.85}},{"type":"Feature","geometry":{"type":"Point","coordinates":[6212,1553]},"properties":{"kind":"wave","scale":0.76}},{"type":"Feature","geometry":{"type":"Point","coordinates":[6298,1515]},"properties":{"kind":"wave","scale":1.07}},{"type":"Feature","geometry":{"type":"Point","coordinates":[6379,1534]},"properties":{"kind":"wave","scale":0.93}},{"type":"Feature","geometry":{"type":"Point","coordinates":[7149,1497]},"properties":{"kind":"wave","scale":1.13}},{"type":"Feature","geometry":{"type":"Point","coordinates":[7303,1572]},"properties":{"kind":"wave","scale":1.15}},{"type":"Feature","geometry":{"type":"Point","coordinates":[7336,1489]},"properties":{"kind":"wave","scale":1.19}},{"type":"Feature","geometry":{"type":"Point","coordinates":[7463,1513]},"properties":{"kind":"wave","scale":1.11}},{"type":"Feature","geometry":{"type":"Point","coordinates":[7578,1506]},"properties":{"kind":"wave","scale":1.08}},{"type":"Feature","geometry":{"type":"Point","coordinates":[7628,1487]},"properties":{"kind":"wave","scale":1.16}},{"type":"Feature","geometry":{"type":"Point","coordinates":[7696,1564]},"properties":{"kind":"wave","scale":1.2}},{"type":"Feature","geometry":{"type":"Point","coordinates":[8291,1559]},"properties":{"kind":"wave","scale":0.84}},{"type":"Feature","geometry":{"type":"Point","coordinates":[8383,1497]},"properties":{"kind":"wave","scale":1.13}},{"type":"Feature","geometry":{"type":"Point","coordinates":[8427,1550]},"properties":{"kind":"wave","scale":0.95}},{"type":"Feature","geometry":{"type":"Point","coordinates":[8545,1543]},"properties":{"kind":"wave","scale":0.94}},{"type":"Feature","geometry":{"type":"Point","coordinates":[8637,1568]},"properties":{"kind":"wave","scale":1.21}},{"type":"Feature","geometry":{"type":"Point","coordinates":[8757,1492]},"properties":{"kind":"wave","scale":0.92}},{"type":"Feature","geometry":{"type":"Point","coordinates":[9110,1552]},"properties":{"kind":"wave","scale":0.82}},{"type":"Feature","geometry":{"type":"Point","coordinates":[9255,1564]},"properties":{"kind":"wave","scale":0.76}},{"type":"Feature","geometry":{"type":"Point","coordinates":[9403,1492]},"properties":{"kind":"wave","scale":0.79}},{"type":"Feature","geometry":{"type":"Point","coordinates":[9418,1561]},"properties":{"kind":"wave","scale":0.97}},{"type":"Feature","geometry":{"type":"Point","coordinates":[9536,1501]},"properties":{"kind":"wave","scale":0.95}},{"type":"Feature","geometry":{"type":"Point","coordinates":[9648,1533]},"properties":{"kind":"wave","scale":0.93}},{"type":"Feature","geometry":{"type":"Point","coordinates":[9690,1530]},"properties":{"kind":"wave","scale":0.84}},{"type":"Feature","geometry":{"type":"Point","coordinates":[1736,1583]},"properties":{"kind":"wave","scale":0.87}},{"type":"Feature","geometry":{"type":"Point","coordinates":[1833,1660]},"properties":{"kind":"wave","scale":0.81}},{"type":"Feature","geometry":{"type":"Point","coordinates":[1861,1600]},"properties":{"kind":"wave","scale":0.91}},{"type":"Feature","geometry":{"type":"Point","coordinates":[1966,1579]},"properties":{"kind":"wave","scale":0.82}},{"type":"Feature","geometry":{"type":"Point","coordinates":[2079,1655]},"properties":{"kind":"wave","scale":0.78}},{"type":"Feature","geometry":{"type":"Point","coordinates":[2172,1632]},"properties":{"kind":"wave","scale":1.07}},{"type":"Feature","geometry":{"type":"Point","coordinates":[2254,1626]},"properties":{"kind":"wave","scale":0.76}},{"type":"Feature","geometry":{"type":"Point","coordinates":[2379,1601]},"properties":{"kind":"wave","scale":1.24}},{"type":"Feature","geometry":{"type":"Point","coordinates":[2395,1615]},"properties":{"kind":"wave","scale":1}},{"type":"Feature","geometry":{"type":"Point","coordinates":[2611,1624]},"properties":{"kind":"wave","scale":1.16}},{"type":"Feature","geometry":{"type":"Point","coordinates":[2696,1640]},"properties":{"kind":"wave","scale":0.88}},{"type":"Feature","geometry":{"type":"Point","coordinates":[2787,1577]},"properties":{"kind":"wave","scale":0.89}},{"type":"Feature","geometry":{"type":"Point","coordinates":[5297,1663]},"properties":{"kind":"wave","scale":0.95}},{"type":"Feature","geometry":{"type":"Point","coordinates":[5441,1658]},"properties":{"kind":"wave","scale":0.79}},{"type":"Feature","geometry":{"type":"Point","coordinates":[5456,1628]},"properties":{"kind":"wave","scale":1.03}},{"type":"Feature","geometry":{"type":"Point","coordinates":[5548,1590]},"properties":{"kind":"wave","scale":1.17}},{"type":"Feature","geometry":{"type":"Point","coordinates":[5692,1641]},"properties":{"kind":"wave","scale":1.12}},{"type":"Feature","geometry":{"type":"Point","coordinates":[5774,1640]},"properties":{"kind":"wave","scale":0.98}},{"type":"Feature","geometry":{"type":"Point","coordinates":[5819,1637]},"properties":{"kind":"wave","scale":0.93}},{"type":"Feature","geometry":{"type":"Point","coordinates":[5918,1591]},"properties":{"kind":"wave","scale":1.16}},{"type":"Feature","geometry":{"type":"Point","coordinates":[6001,1628]},"properties":{"kind":"wave","scale":1.03}},{"type":"Feature","geometry":{"type":"Point","coordinates":[6083,1657]},"properties":{"kind":"wave","scale":0.81}},{"type":"Feature","geometry":{"type":"Point","coordinates":[6177,1613]},"properties":{"kind":"wave","scale":1.04}},{"type":"Feature","geometry":{"type":"Point","coordinates":[6369,1595]},"properties":{"kind":"wave","scale":1.16}},{"type":"Feature","geometry":{"type":"Point","coordinates":[6455,1617]},"properties":{"kind":"wave","scale":1.13}},{"type":"Feature","geometry":{"type":"Point","coordinates":[7162,1578]},"properties":{"kind":"wave","scale":1.18}},{"type":"Feature","geometry":{"type":"Point","coordinates":[7300,1608]},"properties":{"kind":"wave","scale":0.95}},{"type":"Feature","geometry":{"type":"Point","coordinates":[7366,1638]},"properties":{"kind":"wave","scale":0.83}},{"type":"Feature","geometry":{"type":"Point","coordinates":[7456,1589]},"properties":{"kind":"wave","scale":1.24}},{"type":"Feature","geometry":{"type":"Point","coordinates":[7568,1641]},"properties":{"kind":"wave","scale":0.87}},{"type":"Feature","geometry":{"type":"Point","coordinates":[7613,1582]},"properties":{"kind":"wave","scale":1.11}},{"type":"Feature","geometry":{"type":"Point","coordinates":[7757,1663]},"properties":{"kind":"wave","scale":1.07}},{"type":"Feature","geometry":{"type":"Point","coordinates":[7811,1649]},"properties":{"kind":"wave","scale":0.8}},{"type":"Feature","geometry":{"type":"Point","coordinates":[8224,1629]},"properties":{"kind":"wave","scale":1}},{"type":"Feature","geometry":{"type":"Point","coordinates":[8267,1651]},"properties":{"kind":"wave","scale":0.91}},{"type":"Feature","geometry":{"type":"Point","coordinates":[8364,1585]},"properties":{"kind":"wave","scale":0.75}},{"type":"Feature","geometry":{"type":"Point","coordinates":[8500,1643]},"properties":{"kind":"wave","scale":0.85}},{"type":"Feature","geometry":{"type":"Point","coordinates":[8576,1613]},"properties":{"kind":"wave","scale":0.8}},{"type":"Feature","geometry":{"type":"Point","coordinates":[8679,1594]},"properties":{"kind":"wave","scale":0.75}},{"type":"Feature","geometry":{"type":"Point","coordinates":[8698,1659]},"properties":{"kind":"wave","scale":1.08}},{"type":"Feature","geometry":{"type":"Point","coordinates":[8814,1585]},"properties":{"kind":"wave","scale":0.85}},{"type":"Feature","geometry":{"type":"Point","coordinates":[8881,1602]},"properties":{"kind":"wave","scale":0.85}},{"type":"Feature","geometry":{"type":"Point","coordinates":[8977,1578]},"properties":{"kind":"wave","scale":0.89}},{"type":"Feature","geometry":{"type":"Point","coordinates":[9066,1602]},"properties":{"kind":"wave","scale":1.24}},{"type":"Feature","geometry":{"type":"Point","coordinates":[9216,1603]},"properties":{"kind":"wave","scale":0.98}},{"type":"Feature","geometry":{"type":"Point","coordinates":[9261,1603]},"properties":{"kind":"wave","scale":1.18}},{"type":"Feature","geometry":{"type":"Point","coordinates":[9362,1592]},"properties":{"kind":"wave","scale":0.88}},{"type":"Feature","geometry":{"type":"Point","coordinates":[9488,1659]},"properties":{"kind":"wave","scale":1.15}},{"type":"Feature","geometry":{"type":"Point","coordinates":[9584,1657]},"properties":{"kind":"wave","scale":1}},{"type":"Feature","geometry":{"type":"Point","coordinates":[9591,1622]},"properties":{"kind":"wave","scale":1.23}},{"type":"Feature","geometry":{"type":"Point","coordinates":[510,1739]},"properties":{"kind":"wave","scale":1.04}},{"type":"Feature","geometry":{"type":"Point","coordinates":[754,1733]},"properties":{"kind":"wave","scale":0.77}},{"type":"Feature","geometry":{"type":"Point","coordinates":[769,1734]},"properties":{"kind":"wave","scale":0.83}},{"type":"Feature","geometry":{"type":"Point","coordinates":[1714,1684]},"properties":{"kind":"wave","scale":1.24}},{"type":"Feature","geometry":{"type":"Point","coordinates":[1816,1685]},"properties":{"kind":"wave","scale":1.12}},{"type":"Feature","geometry":{"type":"Point","coordinates":[1897,1721]},"properties":{"kind":"wave","scale":1.14}},{"type":"Feature","geometry":{"type":"Point","coordinates":[2015,1728]},"properties":{"kind":"wave","scale":0.88}},{"type":"Feature","geometry":{"type":"Point","coordinates":[2062,1753]},"properties":{"kind":"wave","scale":0.92}},{"type":"Feature","geometry":{"type":"Point","coordinates":[2138,1717]},"properties":{"kind":"wave","scale":1.02}},{"type":"Feature","geometry":{"type":"Point","coordinates":[2235,1722]},"properties":{"kind":"wave","scale":1.18}},{"type":"Feature","geometry":{"type":"Point","coordinates":[2366,1740]},"properties":{"kind":"wave","scale":0.87}},{"type":"Feature","geometry":{"type":"Point","coordinates":[2474,1713]},"properties":{"kind":"wave","scale":1.06}},{"type":"Feature","geometry":{"type":"Point","coordinates":[2503,1695]},"properties":{"kind":"wave","scale":0.85}},{"type":"Feature","geometry":{"type":"Point","coordinates":[2594,1711]},"properties":{"kind":"wave","scale":1.22}},{"type":"Feature","geometry":{"type":"Point","coordinates":[2656,1746]},"properties":{"kind":"wave","scale":0.95}},{"type":"Feature","geometry":{"type":"Point","coordinates":[2760,1670]},"properties":{"kind":"wave","scale":0.89}},{"type":"Feature","geometry":{"type":"Point","coordinates":[2856,1747]},"properties":{"kind":"wave","scale":1.07}},{"type":"Feature","geometry":{"type":"Point","coordinates":[5351,1669]},"properties":{"kind":"wave","scale":1.01}},{"type":"Feature","geometry":{"type":"Point","coordinates":[5401,1720]},"properties":{"kind":"wave","scale":0.94}},{"type":"Feature","geometry":{"type":"Point","coordinates":[5513,1714]},"properties":{"kind":"wave","scale":0.83}},{"type":"Feature","geometry":{"type":"Point","coordinates":[5608,1686]},"properties":{"kind":"wave","scale":0.75}},{"type":"Feature","geometry":{"type":"Point","coordinates":[5660,1703]},"properties":{"kind":"wave","scale":0.93}},{"type":"Feature","geometry":{"type":"Point","coordinates":[5774,1705]},"properties":{"kind":"wave","scale":0.98}},{"type":"Feature","geometry":{"type":"Point","coordinates":[5890,1752]},"properties":{"kind":"wave","scale":0.96}},{"type":"Feature","geometry":{"type":"Point","coordinates":[5921,1721]},"properties":{"kind":"wave","scale":0.81}},{"type":"Feature","geometry":{"type":"Point","coordinates":[6013,1671]},"properties":{"kind":"wave","scale":1.23}},{"type":"Feature","geometry":{"type":"Point","coordinates":[6088,1750]},"properties":{"kind":"wave","scale":0.99}},{"type":"Feature","geometry":{"type":"Point","coordinates":[6187,1695]},"properties":{"kind":"wave","scale":0.75}},{"type":"Feature","geometry":{"type":"Point","coordinates":[6294,1688]},"properties":{"kind":"wave","scale":1.21}},{"type":"Feature","geometry":{"type":"Point","coordinates":[6379,1672]},"properties":{"kind":"wave","scale":0.87}},{"type":"Feature","geometry":{"type":"Point","coordinates":[6458,1752]},"properties":{"kind":"wave","scale":1.19}},{"type":"Feature","geometry":{"type":"Point","coordinates":[7215,1687]},"properties":{"kind":"wave","scale":1.18}},{"type":"Feature","geometry":{"type":"Point","coordinates":[7290,1746]},"properties":{"kind":"wave","scale":1.01}},{"type":"Feature","geometry":{"type":"Point","coordinates":[7717,1712]},"properties":{"kind":"wave","scale":1}},{"type":"Feature","geometry":{"type":"Point","coordinates":[7805,1728]},"properties":{"kind":"wave","scale":1.18}},{"type":"Feature","geometry":{"type":"Point","coordinates":[7950,1677]},"properties":{"kind":"wave","scale":0.96}},{"type":"Feature","geometry":{"type":"Point","coordinates":[7984,1665]},"properties":{"kind":"wave","scale":1.12}},{"type":"Feature","geometry":{"type":"Point","coordinates":[8078,1706]},"properties":{"kind":"wave","scale":0.82}},{"type":"Feature","geometry":{"type":"Point","coordinates":[8215,1694]},"properties":{"kind":"wave","scale":1.1}},{"type":"Feature","geometry":{"type":"Point","coordinates":[8312,1738]},"properties":{"kind":"wave","scale":0.83}},{"type":"Feature","geometry":{"type":"Point","coordinates":[8348,1680]},"properties":{"kind":"wave","scale":1.11}},{"type":"Feature","geometry":{"type":"Point","coordinates":[8501,1691]},"properties":{"kind":"wave","scale":1.19}},{"type":"Feature","geometry":{"type":"Point","coordinates":[8563,1744]},"properties":{"kind":"wave","scale":0.88}},{"type":"Feature","geometry":{"type":"Point","coordinates":[8624,1670]},"properties":{"kind":"wave","scale":0.86}},{"type":"Feature","geometry":{"type":"Point","coordinates":[8730,1730]},"properties":{"kind":"wave","scale":1.2}},{"type":"Feature","geometry":{"type":"Point","coordinates":[8814,1728]},"properties":{"kind":"wave","scale":1.02}},{"type":"Feature","geometry":{"type":"Point","coordinates":[8911,1715]},"properties":{"kind":"wave","scale":1.2}},{"type":"Feature","geometry":{"type":"Point","coordinates":[9025,1717]},"properties":{"kind":"wave","scale":0.82}},{"type":"Feature","geometry":{"type":"Point","coordinates":[9089,1715]},"properties":{"kind":"wave","scale":0.94}},{"type":"Feature","geometry":{"type":"Point","coordinates":[9164,1721]},"properties":{"kind":"wave","scale":1.2}},{"type":"Feature","geometry":{"type":"Point","coordinates":[9375,1729]},"properties":{"kind":"wave","scale":1.01}},{"type":"Feature","geometry":{"type":"Point","coordinates":[9444,1704]},"properties":{"kind":"wave","scale":0.87}},{"type":"Feature","geometry":{"type":"Point","coordinates":[9528,1711]},"properties":{"kind":"wave","scale":1.2}},{"type":"Feature","geometry":{"type":"Point","coordinates":[232,1801]},"properties":{"kind":"wave","scale":1.19}},{"type":"Feature","geometry":{"type":"Point","coordinates":[316,1818]},"properties":{"kind":"wave","scale":0.79}},{"type":"Feature","geometry":{"type":"Point","coordinates":[481,1769]},"properties":{"kind":"wave","scale":0.85}},{"type":"Feature","geometry":{"type":"Point","coordinates":[513,1811]},"properties":{"kind":"wave","scale":1.03}},{"type":"Feature","geometry":{"type":"Point","coordinates":[648,1831]},"properties":{"kind":"wave","scale":1.21}},{"type":"Feature","geometry":{"type":"Point","coordinates":[759,1824]},"properties":{"kind":"wave","scale":1}},{"type":"Feature","geometry":{"type":"Point","coordinates":[839,1805]},"properties":{"kind":"wave","scale":1.13}},{"type":"Feature","geometry":{"type":"Point","coordinates":[897,1787]},"properties":{"kind":"wave","scale":0.92}},{"type":"Feature","geometry":{"type":"Point","coordinates":[1022,1843]},"properties":{"kind":"wave","scale":1.19}},{"type":"Feature","geometry":{"type":"Point","coordinates":[1117,1843]},"properties":{"kind":"wave","scale":0.88}},{"type":"Feature","geometry":{"type":"Point","coordinates":[1131,1822]},"properties":{"kind":"wave","scale":0.75}},{"type":"Feature","geometry":{"type":"Point","coordinates":[1803,1795]},"properties":{"kind":"wave","scale":0.87}},{"type":"Feature","geometry":{"type":"Point","coordinates":[1917,1769]},"properties":{"kind":"wave","scale":1.17}},{"type":"Feature","geometry":{"type":"Point","coordinates":[1973,1832]},"properties":{"kind":"wave","scale":1.16}},{"type":"Feature","geometry":{"type":"Point","coordinates":[2042,1756]},"properties":{"kind":"wave","scale":1.13}},{"type":"Feature","geometry":{"type":"Point","coordinates":[2145,1757]},"properties":{"kind":"wave","scale":0.83}},{"type":"Feature","geometry":{"type":"Point","coordinates":[2342,1773]},"properties":{"kind":"wave","scale":0.77}},{"type":"Feature","geometry":{"type":"Point","coordinates":[2529,1811]},"properties":{"kind":"wave","scale":1.21}},{"type":"Feature","geometry":{"type":"Point","coordinates":[2726,1774]},"properties":{"kind":"wave","scale":0.92}},{"type":"Feature","geometry":{"type":"Point","coordinates":[2752,1824]},"properties":{"kind":"wave","scale":1.18}},{"type":"Feature","geometry":{"type":"Point","coordinates":[2843,1774]},"properties":{"kind":"wave","scale":1.16}},{"type":"Feature","geometry":{"type":"Point","coordinates":[3275,1776]},"properties":{"kind":"wave","scale":1.06}},{"type":"Feature","geometry":{"type":"Point","coordinates":[3343,1820]},"properties":{"kind":"wave","scale":1.1}},{"type":"Feature","geometry":{"type":"Point","coordinates":[4975,1831]},"properties":{"kind":"wave","scale":1.03}},{"type":"Feature","geometry":{"type":"Point","coordinates":[5011,1844]},"properties":{"kind":"wave","scale":0.9}},{"type":"Feature","geometry":{"type":"Point","coordinates":[5100,1785]},"properties":{"kind":"wave","scale":0.89}},{"type":"Feature","geometry":{"type":"Point","coordinates":[5863,1799]},"properties":{"kind":"wave","scale":1.03}},{"type":"Feature","geometry":{"type":"Point","coordinates":[5983,1824]},"properties":{"kind":"wave","scale":0.8}},{"type":"Feature","geometry":{"type":"Point","coordinates":[6414,1767]},"properties":{"kind":"wave","scale":1.11}},{"type":"Feature","geometry":{"type":"Point","coordinates":[6473,1775]},"properties":{"kind":"wave","scale":0.89}},{"type":"Feature","geometry":{"type":"Point","coordinates":[7202,1824]},"properties":{"kind":"wave","scale":0.98}},{"type":"Feature","geometry":{"type":"Point","coordinates":[7274,1793]},"properties":{"kind":"wave","scale":1.04}},{"type":"Feature","geometry":{"type":"Point","coordinates":[7411,1790]},"properties":{"kind":"wave","scale":1.12}},{"type":"Feature","geometry":{"type":"Point","coordinates":[7517,1812]},"properties":{"kind":"wave","scale":1.07}},{"type":"Feature","geometry":{"type":"Point","coordinates":[7642,1838]},"properties":{"kind":"wave","scale":0.87}},{"type":"Feature","geometry":{"type":"Point","coordinates":[7756,1765]},"properties":{"kind":"wave","scale":0.9}},{"type":"Feature","geometry":{"type":"Point","coordinates":[7817,1794]},"properties":{"kind":"wave","scale":1.06}},{"type":"Feature","geometry":{"type":"Point","coordinates":[7928,1759]},"properties":{"kind":"wave","scale":0.95}},{"type":"Feature","geometry":{"type":"Point","coordinates":[7993,1770]},"properties":{"kind":"wave","scale":0.84}},{"type":"Feature","geometry":{"type":"Point","coordinates":[8204,1786]},"properties":{"kind":"wave","scale":0.75}},{"type":"Feature","geometry":{"type":"Point","coordinates":[8322,1832]},"properties":{"kind":"wave","scale":1.19}},{"type":"Feature","geometry":{"type":"Point","coordinates":[8400,1811]},"properties":{"kind":"wave","scale":1.08}},{"type":"Feature","geometry":{"type":"Point","coordinates":[8492,1762]},"properties":{"kind":"wave","scale":1.11}},{"type":"Feature","geometry":{"type":"Point","coordinates":[8593,1826]},"properties":{"kind":"wave","scale":1.06}},{"type":"Feature","geometry":{"type":"Point","coordinates":[8668,1761]},"properties":{"kind":"wave","scale":1.1}},{"type":"Feature","geometry":{"type":"Point","coordinates":[8713,1820]},"properties":{"kind":"wave","scale":0.9}},{"type":"Feature","geometry":{"type":"Point","coordinates":[8796,1777]},"properties":{"kind":"wave","scale":1.13}},{"type":"Feature","geometry":{"type":"Point","coordinates":[8963,1821]},"properties":{"kind":"wave","scale":1.03}},{"type":"Feature","geometry":{"type":"Point","coordinates":[9167,1838]},"properties":{"kind":"wave","scale":1.18}},{"type":"Feature","geometry":{"type":"Point","coordinates":[9257,1776]},"properties":{"kind":"wave","scale":1.04}},{"type":"Feature","geometry":{"type":"Point","coordinates":[9364,1778]},"properties":{"kind":"wave","scale":0.96}},{"type":"Feature","geometry":{"type":"Point","coordinates":[9486,1809]},"properties":{"kind":"wave","scale":0.91}},{"type":"Feature","geometry":{"type":"Point","coordinates":[9546,1794]},"properties":{"kind":"wave","scale":1.08}},{"type":"Feature","geometry":{"type":"Point","coordinates":[134,1934]},"properties":{"kind":"wave","scale":1.12}},{"type":"Feature","geometry":{"type":"Point","coordinates":[210,1915]},"properties":{"kind":"wave","scale":0.97}},{"type":"Feature","geometry":{"type":"Point","coordinates":[311,1886]},"properties":{"kind":"wave","scale":0.94}},{"type":"Feature","geometry":{"type":"Point","coordinates":[400,1867]},"properties":{"kind":"wave","scale":0.81}},{"type":"Feature","geometry":{"type":"Point","coordinates":[466,1893]},"properties":{"kind":"wave","scale":0.85}},{"type":"Feature","geometry":{"type":"Point","coordinates":[544,1884]},"properties":{"kind":"wave","scale":0.85}},{"type":"Feature","geometry":{"type":"Point","coordinates":[628,1879]},"properties":{"kind":"wave","scale":1.14}},{"type":"Feature","geometry":{"type":"Point","coordinates":[752,1908]},"properties":{"kind":"wave","scale":0.83}},{"type":"Feature","geometry":{"type":"Point","coordinates":[797,1847]},"properties":{"kind":"wave","scale":1.22}},{"type":"Feature","geometry":{"type":"Point","coordinates":[931,1926]},"properties":{"kind":"wave","scale":0.85}},{"type":"Feature","geometry":{"type":"Point","coordinates":[985,1917]},"properties":{"kind":"wave","scale":1.15}},{"type":"Feature","geometry":{"type":"Point","coordinates":[1062,1908]},"properties":{"kind":"wave","scale":0.96}},{"type":"Feature","geometry":{"type":"Point","coordinates":[1177,1925]},"properties":{"kind":"wave","scale":1.01}},{"type":"Feature","geometry":{"type":"Point","coordinates":[2115,1858]},"properties":{"kind":"wave","scale":1.18}},{"type":"Feature","geometry":{"type":"Point","coordinates":[2684,1894]},"properties":{"kind":"wave","scale":1.12}},{"type":"Feature","geometry":{"type":"Point","coordinates":[2761,1889]},"properties":{"kind":"wave","scale":0.78}},{"type":"Feature","geometry":{"type":"Point","coordinates":[2858,1893]},"properties":{"kind":"wave","scale":1.13}},{"type":"Feature","geometry":{"type":"Point","coordinates":[2952,1923]},"properties":{"kind":"wave","scale":0.76}},{"type":"Feature","geometry":{"type":"Point","coordinates":[4539,1927]},"properties":{"kind":"wave","scale":0.99}},{"type":"Feature","geometry":{"type":"Point","coordinates":[4585,1932]},"properties":{"kind":"wave","scale":1.23}},{"type":"Feature","geometry":{"type":"Point","coordinates":[4704,1913]},"properties":{"kind":"wave","scale":1.07}},{"type":"Feature","geometry":{"type":"Point","coordinates":[4924,1892]},"properties":{"kind":"wave","scale":1.2}},{"type":"Feature","geometry":{"type":"Point","coordinates":[5030,1859]},"properties":{"kind":"wave","scale":1.08}},{"type":"Feature","geometry":{"type":"Point","coordinates":[5811,1906]},"properties":{"kind":"wave","scale":1.1}},{"type":"Feature","geometry":{"type":"Point","coordinates":[5961,1891]},"properties":{"kind":"wave","scale":0.76}},{"type":"Feature","geometry":{"type":"Point","coordinates":[6307,1932]},"properties":{"kind":"wave","scale":1.14}},{"type":"Feature","geometry":{"type":"Point","coordinates":[6406,1918]},"properties":{"kind":"wave","scale":0.99}},{"type":"Feature","geometry":{"type":"Point","coordinates":[7232,1921]},"properties":{"kind":"wave","scale":1.05}},{"type":"Feature","geometry":{"type":"Point","coordinates":[7325,1858]},"properties":{"kind":"wave","scale":0.87}},{"type":"Feature","geometry":{"type":"Point","coordinates":[7391,1886]},"properties":{"kind":"wave","scale":0.99}},{"type":"Feature","geometry":{"type":"Point","coordinates":[7445,1925]},"properties":{"kind":"wave","scale":0.91}},{"type":"Feature","geometry":{"type":"Point","coordinates":[7562,1856]},"properties":{"kind":"wave","scale":0.79}},{"type":"Feature","geometry":{"type":"Point","coordinates":[7668,1928]},"properties":{"kind":"wave","scale":1.24}},{"type":"Feature","geometry":{"type":"Point","coordinates":[7705,1855]},"properties":{"kind":"wave","scale":1.12}},{"type":"Feature","geometry":{"type":"Point","coordinates":[8188,1904]},"properties":{"kind":"wave","scale":1.09}},{"type":"Feature","geometry":{"type":"Point","coordinates":[8318,1864]},"properties":{"kind":"wave","scale":0.91}},{"type":"Feature","geometry":{"type":"Point","coordinates":[8471,1858]},"properties":{"kind":"wave","scale":1.01}},{"type":"Feature","geometry":{"type":"Point","coordinates":[8545,1872]},"properties":{"kind":"wave","scale":1.11}},{"type":"Feature","geometry":{"type":"Point","coordinates":[8605,1872]},"properties":{"kind":"wave","scale":0.9}},{"type":"Feature","geometry":{"type":"Point","coordinates":[8754,1857]},"properties":{"kind":"wave","scale":0.94}},{"type":"Feature","geometry":{"type":"Point","coordinates":[8778,1857]},"properties":{"kind":"wave","scale":0.8}},{"type":"Feature","geometry":{"type":"Point","coordinates":[8991,1892]},"properties":{"kind":"wave","scale":0.8}},{"type":"Feature","geometry":{"type":"Point","coordinates":[9120,1879]},"properties":{"kind":"wave","scale":0.98}},{"type":"Feature","geometry":{"type":"Point","coordinates":[9143,1859]},"properties":{"kind":"wave","scale":0.76}},{"type":"Feature","geometry":{"type":"Point","coordinates":[9283,1910]},"properties":{"kind":"wave","scale":1.02}},{"type":"Feature","geometry":{"type":"Point","coordinates":[9351,1846]},"properties":{"kind":"wave","scale":0.77}},{"type":"Feature","geometry":{"type":"Point","coordinates":[9480,1849]},"properties":{"kind":"wave","scale":1.09}},{"type":"Feature","geometry":{"type":"Point","coordinates":[9536,1863]},"properties":{"kind":"wave","scale":0.86}},{"type":"Feature","geometry":{"type":"Point","coordinates":[9909,1928]},"properties":{"kind":"wave","scale":0.81}},{"type":"Feature","geometry":{"type":"Point","coordinates":[134,1950]},"properties":{"kind":"wave","scale":1.12}},{"type":"Feature","geometry":{"type":"Point","coordinates":[201,1946]},"properties":{"kind":"wave","scale":1.15}},{"type":"Feature","geometry":{"type":"Point","coordinates":[287,1978]},"properties":{"kind":"wave","scale":0.79}},{"type":"Feature","geometry":{"type":"Point","coordinates":[358,2001]},"properties":{"kind":"wave","scale":1.04}},{"type":"Feature","geometry":{"type":"Point","coordinates":[485,1960]},"properties":{"kind":"wave","scale":0.89}},{"type":"Feature","geometry":{"type":"Point","coordinates":[612,2002]},"properties":{"kind":"wave","scale":1.24}},{"type":"Feature","geometry":{"type":"Point","coordinates":[752,1949]},"properties":{"kind":"wave","scale":0.78}},{"type":"Feature","geometry":{"type":"Point","coordinates":[853,1977]},"properties":{"kind":"wave","scale":1.05}},{"type":"Feature","geometry":{"type":"Point","coordinates":[886,1998]},"properties":{"kind":"wave","scale":1}},{"type":"Feature","geometry":{"type":"Point","coordinates":[960,2013]},"properties":{"kind":"wave","scale":1.2}},{"type":"Feature","geometry":{"type":"Point","coordinates":[1039,2010]},"properties":{"kind":"wave","scale":1.09}},{"type":"Feature","geometry":{"type":"Point","coordinates":[2821,1952]},"properties":{"kind":"wave","scale":0.99}},{"type":"Feature","geometry":{"type":"Point","coordinates":[2908,1969]},"properties":{"kind":"wave","scale":1.22}},{"type":"Feature","geometry":{"type":"Point","coordinates":[2956,2001]},"properties":{"kind":"wave","scale":0.9}},{"type":"Feature","geometry":{"type":"Point","coordinates":[3078,1962]},"properties":{"kind":"wave","scale":1.15}},{"type":"Feature","geometry":{"type":"Point","coordinates":[3405,1979]},"properties":{"kind":"wave","scale":0.84}},{"type":"Feature","geometry":{"type":"Point","coordinates":[4389,2004]},"properties":{"kind":"wave","scale":1.06}},{"type":"Feature","geometry":{"type":"Point","coordinates":[4491,2007]},"properties":{"kind":"wave","scale":1.09}},{"type":"Feature","geometry":{"type":"Point","coordinates":[4586,1964]},"properties":{"kind":"wave","scale":1.16}},{"type":"Feature","geometry":{"type":"Point","coordinates":[4752,1999]},"properties":{"kind":"wave","scale":0.78}},{"type":"Feature","geometry":{"type":"Point","coordinates":[4838,1958]},"properties":{"kind":"wave","scale":0.76}},{"type":"Feature","geometry":{"type":"Point","coordinates":[5694,1949]},"properties":{"kind":"wave","scale":0.9}},{"type":"Feature","geometry":{"type":"Point","coordinates":[5724,1988]},"properties":{"kind":"wave","scale":0.75}},{"type":"Feature","geometry":{"type":"Point","coordinates":[5813,1941]},"properties":{"kind":"wave","scale":0.97}},{"type":"Feature","geometry":{"type":"Point","coordinates":[5924,2009]},"properties":{"kind":"wave","scale":1}},{"type":"Feature","geometry":{"type":"Point","coordinates":[6407,1973]},"properties":{"kind":"wave","scale":0.92}},{"type":"Feature","geometry":{"type":"Point","coordinates":[6555,2010]},"properties":{"kind":"wave","scale":1.14}},{"type":"Feature","geometry":{"type":"Point","coordinates":[7153,1938]},"properties":{"kind":"wave","scale":0.96}},{"type":"Feature","geometry":{"type":"Point","coordinates":[7193,1946]},"properties":{"kind":"wave","scale":1.21}},{"type":"Feature","geometry":{"type":"Point","coordinates":[7295,1945]},"properties":{"kind":"wave","scale":0.82}},{"type":"Feature","geometry":{"type":"Point","coordinates":[7376,2010]},"properties":{"kind":"wave","scale":1.06}},{"type":"Feature","geometry":{"type":"Point","coordinates":[7464,1988]},"properties":{"kind":"wave","scale":0.97}},{"type":"Feature","geometry":{"type":"Point","coordinates":[7552,1959]},"properties":{"kind":"wave","scale":1.08}},{"type":"Feature","geometry":{"type":"Point","coordinates":[7689,1952]},"properties":{"kind":"wave","scale":1.14}},{"type":"Feature","geometry":{"type":"Point","coordinates":[7717,1947]},"properties":{"kind":"wave","scale":0.76}},{"type":"Feature","geometry":{"type":"Point","coordinates":[8122,1984]},"properties":{"kind":"wave","scale":1.25}},{"type":"Feature","geometry":{"type":"Point","coordinates":[8157,1977]},"properties":{"kind":"wave","scale":1.06}},{"type":"Feature","geometry":{"type":"Point","coordinates":[8246,1951]},"properties":{"kind":"wave","scale":0.91}},{"type":"Feature","geometry":{"type":"Point","coordinates":[8340,1964]},"properties":{"kind":"wave","scale":1.17}},{"type":"Feature","geometry":{"type":"Point","coordinates":[8415,1988]},"properties":{"kind":"wave","scale":0.98}},{"type":"Feature","geometry":{"type":"Point","coordinates":[8518,1940]},"properties":{"kind":"wave","scale":0.82}},{"type":"Feature","geometry":{"type":"Point","coordinates":[8823,1982]},"properties":{"kind":"wave","scale":0.95}},{"type":"Feature","geometry":{"type":"Point","coordinates":[8902,2007]},"properties":{"kind":"wave","scale":1.23}},{"type":"Feature","geometry":{"type":"Point","coordinates":[9034,1984]},"properties":{"kind":"wave","scale":1.01}},{"type":"Feature","geometry":{"type":"Point","coordinates":[9049,1994]},"properties":{"kind":"wave","scale":0.81}},{"type":"Feature","geometry":{"type":"Point","coordinates":[9172,1940]},"properties":{"kind":"wave","scale":1.23}},{"type":"Feature","geometry":{"type":"Point","coordinates":[9307,1995]},"properties":{"kind":"wave","scale":1.14}},{"type":"Feature","geometry":{"type":"Point","coordinates":[9400,1954]},"properties":{"kind":"wave","scale":0.95}},{"type":"Feature","geometry":{"type":"Point","coordinates":[9449,1990]},"properties":{"kind":"wave","scale":0.83}},{"type":"Feature","geometry":{"type":"Point","coordinates":[9513,1973]},"properties":{"kind":"wave","scale":0.95}},{"type":"Feature","geometry":{"type":"Point","coordinates":[9592,1937]},"properties":{"kind":"wave","scale":1.13}},{"type":"Feature","geometry":{"type":"Point","coordinates":[9743,1978]},"properties":{"kind":"wave","scale":0.77}},{"type":"Feature","geometry":{"type":"Point","coordinates":[9804,2001]},"properties":{"kind":"wave","scale":0.96}},{"type":"Feature","geometry":{"type":"Point","coordinates":[9943,2010]},"properties":{"kind":"wave","scale":1.06}},{"type":"Feature","geometry":{"type":"Point","coordinates":[90,2026]},"properties":{"kind":"wave","scale":1}},{"type":"Feature","geometry":{"type":"Point","coordinates":[195,2058]},"properties":{"kind":"wave","scale":0.85}},{"type":"Feature","geometry":{"type":"Point","coordinates":[301,2089]},"properties":{"kind":"wave","scale":1.12}},{"type":"Feature","geometry":{"type":"Point","coordinates":[383,2055]},"properties":{"kind":"wave","scale":1.09}},{"type":"Feature","geometry":{"type":"Point","coordinates":[491,2091]},"properties":{"kind":"wave","scale":1.23}},{"type":"Feature","geometry":{"type":"Point","coordinates":[543,2039]},"properties":{"kind":"wave","scale":1.01}},{"type":"Feature","geometry":{"type":"Point","coordinates":[632,2027]},"properties":{"kind":"wave","scale":0.82}},{"type":"Feature","geometry":{"type":"Point","coordinates":[750,2031]},"properties":{"kind":"wave","scale":0.98}},{"type":"Feature","geometry":{"type":"Point","coordinates":[783,2065]},"properties":{"kind":"wave","scale":0.82}},{"type":"Feature","geometry":{"type":"Point","coordinates":[867,2037]},"properties":{"kind":"wave","scale":1.19}},{"type":"Feature","geometry":{"type":"Point","coordinates":[983,2040]},"properties":{"kind":"wave","scale":1.11}},{"type":"Feature","geometry":{"type":"Point","coordinates":[1046,2057]},"properties":{"kind":"wave","scale":0.79}},{"type":"Feature","geometry":{"type":"Point","coordinates":[1150,2047]},"properties":{"kind":"wave","scale":1.08}},{"type":"Feature","geometry":{"type":"Point","coordinates":[2812,2055]},"properties":{"kind":"wave","scale":0.97}},{"type":"Feature","geometry":{"type":"Point","coordinates":[2847,2031]},"properties":{"kind":"wave","scale":1.01}},{"type":"Feature","geometry":{"type":"Point","coordinates":[3011,2090]},"properties":{"kind":"wave","scale":0.94}},{"type":"Feature","geometry":{"type":"Point","coordinates":[3058,2041]},"properties":{"kind":"wave","scale":1.07}},{"type":"Feature","geometry":{"type":"Point","coordinates":[4262,2104]},"properties":{"kind":"wave","scale":1.23}},{"type":"Feature","geometry":{"type":"Point","coordinates":[4293,2070]},"properties":{"kind":"wave","scale":1.08}},{"type":"Feature","geometry":{"type":"Point","coordinates":[4448,2028]},"properties":{"kind":"wave","scale":0.77}},{"type":"Feature","geometry":{"type":"Point","coordinates":[4497,2034]},"properties":{"kind":"wave","scale":1.16}},{"type":"Feature","geometry":{"type":"Point","coordinates":[4844,2050]},"properties":{"kind":"wave","scale":0.96}},{"type":"Feature","geometry":{"type":"Point","coordinates":[5440,2083]},"properties":{"kind":"wave","scale":1.2}},{"type":"Feature","geometry":{"type":"Point","coordinates":[5884,2101]},"properties":{"kind":"wave","scale":1.23}},{"type":"Feature","geometry":{"type":"Point","coordinates":[5977,2029]},"properties":{"kind":"wave","scale":1.1}},{"type":"Feature","geometry":{"type":"Point","coordinates":[6021,2030]},"properties":{"kind":"wave","scale":1.2}},{"type":"Feature","geometry":{"type":"Point","coordinates":[6394,2052]},"properties":{"kind":"wave","scale":1.21}},{"type":"Feature","geometry":{"type":"Point","coordinates":[6457,2042]},"properties":{"kind":"wave","scale":1.07}},{"type":"Feature","geometry":{"type":"Point","coordinates":[6603,2107]},"properties":{"kind":"wave","scale":0.79}},{"type":"Feature","geometry":{"type":"Point","coordinates":[7337,2099]},"properties":{"kind":"wave","scale":1.2}},{"type":"Feature","geometry":{"type":"Point","coordinates":[7929,2082]},"properties":{"kind":"wave","scale":1.16}},{"type":"Feature","geometry":{"type":"Point","coordinates":[8005,2027]},"properties":{"kind":"wave","scale":1.18}},{"type":"Feature","geometry":{"type":"Point","coordinates":[8074,2095]},"properties":{"kind":"wave","scale":0.86}},{"type":"Feature","geometry":{"type":"Point","coordinates":[8199,2111]},"properties":{"kind":"wave","scale":0.84}},{"type":"Feature","geometry":{"type":"Point","coordinates":[8331,2059]},"properties":{"kind":"wave","scale":0.84}},{"type":"Feature","geometry":{"type":"Point","coordinates":[8418,2036]},"properties":{"kind":"wave","scale":0.87}},{"type":"Feature","geometry":{"type":"Point","coordinates":[8517,2100]},"properties":{"kind":"wave","scale":1.05}},{"type":"Feature","geometry":{"type":"Point","coordinates":[8645,2077]},"properties":{"kind":"wave","scale":0.83}},{"type":"Feature","geometry":{"type":"Point","coordinates":[8771,2057]},"properties":{"kind":"wave","scale":1.16}},{"type":"Feature","geometry":{"type":"Point","coordinates":[8821,2030]},"properties":{"kind":"wave","scale":1.2}},{"type":"Feature","geometry":{"type":"Point","coordinates":[8919,2106]},"properties":{"kind":"wave","scale":1.04}},{"type":"Feature","geometry":{"type":"Point","coordinates":[9028,2035]},"properties":{"kind":"wave","scale":1.11}},{"type":"Feature","geometry":{"type":"Point","coordinates":[9096,2026]},"properties":{"kind":"wave","scale":1.04}},{"type":"Feature","geometry":{"type":"Point","coordinates":[9165,2032]},"properties":{"kind":"wave","scale":1.2}},{"type":"Feature","geometry":{"type":"Point","coordinates":[9254,2035]},"properties":{"kind":"wave","scale":0.89}},{"type":"Feature","geometry":{"type":"Point","coordinates":[9365,2056]},"properties":{"kind":"wave","scale":0.98}},{"type":"Feature","geometry":{"type":"Point","coordinates":[9450,2050]},"properties":{"kind":"wave","scale":0.88}},{"type":"Feature","geometry":{"type":"Point","coordinates":[9536,2034]},"properties":{"kind":"wave","scale":1.17}},{"type":"Feature","geometry":{"type":"Point","coordinates":[9642,2096]},"properties":{"kind":"wave","scale":1.18}},{"type":"Feature","geometry":{"type":"Point","coordinates":[9690,2108]},"properties":{"kind":"wave","scale":0.75}},{"type":"Feature","geometry":{"type":"Point","coordinates":[9821,2110]},"properties":{"kind":"wave","scale":1}},{"type":"Feature","geometry":{"type":"Point","coordinates":[9915,2028]},"properties":{"kind":"wave","scale":1.12}},{"type":"Feature","geometry":{"type":"Point","coordinates":[50,2171]},"properties":{"kind":"wave","scale":1.22}},{"type":"Feature","geometry":{"type":"Point","coordinates":[224,2169]},"properties":{"kind":"wave","scale":1.16}},{"type":"Feature","geometry":{"type":"Point","coordinates":[265,2133]},"properties":{"kind":"wave","scale":1}},{"type":"Feature","geometry":{"type":"Point","coordinates":[392,2148]},"properties":{"kind":"wave","scale":0.88}},{"type":"Feature","geometry":{"type":"Point","coordinates":[430,2170]},"properties":{"kind":"wave","scale":1.15}},{"type":"Feature","geometry":{"type":"Point","coordinates":[583,2191]},"properties":{"kind":"wave","scale":0.97}},{"type":"Feature","geometry":{"type":"Point","coordinates":[626,2130]},"properties":{"kind":"wave","scale":1.01}},{"type":"Feature","geometry":{"type":"Point","coordinates":[719,2134]},"properties":{"kind":"wave","scale":1.13}},{"type":"Feature","geometry":{"type":"Point","coordinates":[846,2190]},"properties":{"kind":"wave","scale":0.82}},{"type":"Feature","geometry":{"type":"Point","coordinates":[914,2160]},"properties":{"kind":"wave","scale":1.24}},{"type":"Feature","geometry":{"type":"Point","coordinates":[990,2182]},"properties":{"kind":"wave","scale":0.78}},{"type":"Feature","geometry":{"type":"Point","coordinates":[1045,2143]},"properties":{"kind":"wave","scale":1.14}},{"type":"Feature","geometry":{"type":"Point","coordinates":[1132,2163]},"properties":{"kind":"wave","scale":1.25}},{"type":"Feature","geometry":{"type":"Point","coordinates":[2819,2137]},"properties":{"kind":"wave","scale":0.97}},{"type":"Feature","geometry":{"type":"Point","coordinates":[2893,2136]},"properties":{"kind":"wave","scale":0.81}},{"type":"Feature","geometry":{"type":"Point","coordinates":[2973,2190]},"properties":{"kind":"wave","scale":1.03}},{"type":"Feature","geometry":{"type":"Point","coordinates":[3088,2174]},"properties":{"kind":"wave","scale":1.01}},{"type":"Feature","geometry":{"type":"Point","coordinates":[3122,2150]},"properties":{"kind":"wave","scale":0.91}},{"type":"Feature","geometry":{"type":"Point","coordinates":[4252,2116]},"properties":{"kind":"wave","scale":0.76}},{"type":"Feature","geometry":{"type":"Point","coordinates":[4363,2115]},"properties":{"kind":"wave","scale":0.77}},{"type":"Feature","geometry":{"type":"Point","coordinates":[4380,2153]},"properties":{"kind":"wave","scale":1.03}},{"type":"Feature","geometry":{"type":"Point","coordinates":[5014,2195]},"properties":{"kind":"wave","scale":1.08}},{"type":"Feature","geometry":{"type":"Point","coordinates":[5716,2181]},"properties":{"kind":"wave","scale":0.8}},{"type":"Feature","geometry":{"type":"Point","coordinates":[5887,2179]},"properties":{"kind":"wave","scale":1.22}},{"type":"Feature","geometry":{"type":"Point","coordinates":[5978,2151]},"properties":{"kind":"wave","scale":1.16}},{"type":"Feature","geometry":{"type":"Point","coordinates":[6393,2133]},"properties":{"kind":"wave","scale":1.01}},{"type":"Feature","geometry":{"type":"Point","coordinates":[6468,2129]},"properties":{"kind":"wave","scale":0.83}},{"type":"Feature","geometry":{"type":"Point","coordinates":[7723,2169]},"properties":{"kind":"wave","scale":0.92}},{"type":"Feature","geometry":{"type":"Point","coordinates":[7874,2196]},"properties":{"kind":"wave","scale":1.2}},{"type":"Feature","geometry":{"type":"Point","coordinates":[7960,2147]},"properties":{"kind":"wave","scale":1.03}},{"type":"Feature","geometry":{"type":"Point","coordinates":[8041,2185]},"properties":{"kind":"wave","scale":0.81}},{"type":"Feature","geometry":{"type":"Point","coordinates":[8063,2156]},"properties":{"kind":"wave","scale":0.83}},{"type":"Feature","geometry":{"type":"Point","coordinates":[8166,2183]},"properties":{"kind":"wave","scale":0.9}},{"type":"Feature","geometry":{"type":"Point","coordinates":[8395,2150]},"properties":{"kind":"wave","scale":1.08}},{"type":"Feature","geometry":{"type":"Point","coordinates":[8420,2117]},"properties":{"kind":"wave","scale":1.13}},{"type":"Feature","geometry":{"type":"Point","coordinates":[8507,2140]},"properties":{"kind":"wave","scale":0.91}},{"type":"Feature","geometry":{"type":"Point","coordinates":[8638,2179]},"properties":{"kind":"wave","scale":1.22}},{"type":"Feature","geometry":{"type":"Point","coordinates":[8720,2189]},"properties":{"kind":"wave","scale":1.1}},{"type":"Feature","geometry":{"type":"Point","coordinates":[8855,2130]},"properties":{"kind":"wave","scale":1.15}},{"type":"Feature","geometry":{"type":"Point","coordinates":[8891,2123]},"properties":{"kind":"wave","scale":1.2}},{"type":"Feature","geometry":{"type":"Point","coordinates":[9011,2173]},"properties":{"kind":"wave","scale":1}},{"type":"Feature","geometry":{"type":"Point","coordinates":[9117,2122]},"properties":{"kind":"wave","scale":1.09}},{"type":"Feature","geometry":{"type":"Point","coordinates":[9159,2172]},"properties":{"kind":"wave","scale":0.94}},{"type":"Feature","geometry":{"type":"Point","coordinates":[9249,2198]},"properties":{"kind":"wave","scale":1.12}},{"type":"Feature","geometry":{"type":"Point","coordinates":[9323,2165]},"properties":{"kind":"wave","scale":0.87}},{"type":"Feature","geometry":{"type":"Point","coordinates":[9424,2131]},"properties":{"kind":"wave","scale":0.77}},{"type":"Feature","geometry":{"type":"Point","coordinates":[9510,2170]},"properties":{"kind":"wave","scale":0.93}},{"type":"Feature","geometry":{"type":"Point","coordinates":[9643,2123]},"properties":{"kind":"wave","scale":1.24}},{"type":"Feature","geometry":{"type":"Point","coordinates":[9676,2127]},"properties":{"kind":"wave","scale":1.18}},{"type":"Feature","geometry":{"type":"Point","coordinates":[9803,2124]},"properties":{"kind":"wave","scale":0.8}},{"type":"Feature","geometry":{"type":"Point","coordinates":[9856,2191]},"properties":{"kind":"wave","scale":0.78}},{"type":"Feature","geometry":{"type":"Point","coordinates":[9960,2141]},"properties":{"kind":"wave","scale":1.12}},{"type":"Feature","geometry":{"type":"Point","coordinates":[66,2220]},"properties":{"kind":"wave","scale":0.89}},{"type":"Feature","geometry":{"type":"Point","coordinates":[149,2252]},"properties":{"kind":"wave","scale":0.87}},{"type":"Feature","geometry":{"type":"Point","coordinates":[236,2290]},"properties":{"kind":"wave","scale":1.24}},{"type":"Feature","geometry":{"type":"Point","coordinates":[336,2267]},"properties":{"kind":"wave","scale":0.75}},{"type":"Feature","geometry":{"type":"Point","coordinates":[440,2269]},"properties":{"kind":"wave","scale":1.12}},{"type":"Feature","geometry":{"type":"Point","coordinates":[993,2282]},"properties":{"kind":"wave","scale":0.82}},{"type":"Feature","geometry":{"type":"Point","coordinates":[1071,2283]},"properties":{"kind":"wave","scale":1.22}},{"type":"Feature","geometry":{"type":"Point","coordinates":[1200,2266]},"properties":{"kind":"wave","scale":0.88}},{"type":"Feature","geometry":{"type":"Point","coordinates":[1235,2282]},"properties":{"kind":"wave","scale":0.94}},{"type":"Feature","geometry":{"type":"Point","coordinates":[1328,2269]},"properties":{"kind":"wave","scale":1.18}},{"type":"Feature","geometry":{"type":"Point","coordinates":[1412,2269]},"properties":{"kind":"wave","scale":0.9}},{"type":"Feature","geometry":{"type":"Point","coordinates":[1498,2275]},"properties":{"kind":"wave","scale":1.17}},{"type":"Feature","geometry":{"type":"Point","coordinates":[1704,2276]},"properties":{"kind":"wave","scale":1.04}},{"type":"Feature","geometry":{"type":"Point","coordinates":[2992,2208]},"properties":{"kind":"wave","scale":0.84}},{"type":"Feature","geometry":{"type":"Point","coordinates":[3068,2284]},"properties":{"kind":"wave","scale":0.76}},{"type":"Feature","geometry":{"type":"Point","coordinates":[4174,2229]},"properties":{"kind":"wave","scale":0.93}},{"type":"Feature","geometry":{"type":"Point","coordinates":[4231,2208]},"properties":{"kind":"wave","scale":1.14}},{"type":"Feature","geometry":{"type":"Point","coordinates":[4279,2210]},"properties":{"kind":"wave","scale":1.06}},{"type":"Feature","geometry":{"type":"Point","coordinates":[4415,2230]},"properties":{"kind":"wave","scale":0.96}},{"type":"Feature","geometry":{"type":"Point","coordinates":[4465,2279]},"properties":{"kind":"wave","scale":1.04}},{"type":"Feature","geometry":{"type":"Point","coordinates":[4886,2250]},"properties":{"kind":"wave","scale":0.93}},{"type":"Feature","geometry":{"type":"Point","coordinates":[4926,2211]},"properties":{"kind":"wave","scale":1.06}},{"type":"Feature","geometry":{"type":"Point","coordinates":[5050,2210]},"properties":{"kind":"wave","scale":1.1}},{"type":"Feature","geometry":{"type":"Point","coordinates":[5705,2250]},"properties":{"kind":"wave","scale":1.16}},{"type":"Feature","geometry":{"type":"Point","coordinates":[5788,2227]},"properties":{"kind":"wave","scale":1.14}},{"type":"Feature","geometry":{"type":"Point","coordinates":[5854,2226]},"properties":{"kind":"wave","scale":1.07}},{"type":"Feature","geometry":{"type":"Point","coordinates":[5912,2284]},"properties":{"kind":"wave","scale":1.18}},{"type":"Feature","geometry":{"type":"Point","coordinates":[6135,2275]},"properties":{"kind":"wave","scale":0.77}},{"type":"Feature","geometry":{"type":"Point","coordinates":[6169,2269]},"properties":{"kind":"wave","scale":1.06}},{"type":"Feature","geometry":{"type":"Point","coordinates":[6297,2285]},"properties":{"kind":"wave","scale":0.81}},{"type":"Feature","geometry":{"type":"Point","coordinates":[6432,2227]},"properties":{"kind":"wave","scale":1.1}},{"type":"Feature","geometry":{"type":"Point","coordinates":[6516,2216]},"properties":{"kind":"wave","scale":0.78}},{"type":"Feature","geometry":{"type":"Point","coordinates":[6685,2209]},"properties":{"kind":"wave","scale":0.84}},{"type":"Feature","geometry":{"type":"Point","coordinates":[7853,2285]},"properties":{"kind":"wave","scale":0.94}},{"type":"Feature","geometry":{"type":"Point","coordinates":[7948,2275]},"properties":{"kind":"wave","scale":1.21}},{"type":"Feature","geometry":{"type":"Point","coordinates":[7999,2207]},"properties":{"kind":"wave","scale":1.03}},{"type":"Feature","geometry":{"type":"Point","coordinates":[8145,2226]},"properties":{"kind":"wave","scale":1.23}},{"type":"Feature","geometry":{"type":"Point","coordinates":[8225,2232]},"properties":{"kind":"wave","scale":1.23}},{"type":"Feature","geometry":{"type":"Point","coordinates":[8252,2215]},"properties":{"kind":"wave","scale":1.09}},{"type":"Feature","geometry":{"type":"Point","coordinates":[8947,2237]},"properties":{"kind":"wave","scale":0.82}},{"type":"Feature","geometry":{"type":"Point","coordinates":[9045,2267]},"properties":{"kind":"wave","scale":1.21}},{"type":"Feature","geometry":{"type":"Point","coordinates":[9095,2268]},"properties":{"kind":"wave","scale":1.16}},{"type":"Feature","geometry":{"type":"Point","coordinates":[9192,2285]},"properties":{"kind":"wave","scale":1.08}},{"type":"Feature","geometry":{"type":"Point","coordinates":[9299,2265]},"properties":{"kind":"wave","scale":1.12}},{"type":"Feature","geometry":{"type":"Point","coordinates":[9327,2288]},"properties":{"kind":"wave","scale":0.97}},{"type":"Feature","geometry":{"type":"Point","coordinates":[9423,2233]},"properties":{"kind":"wave","scale":1.14}},{"type":"Feature","geometry":{"type":"Point","coordinates":[9579,2217]},"properties":{"kind":"wave","scale":0.9}},{"type":"Feature","geometry":{"type":"Point","coordinates":[9602,2285]},"properties":{"kind":"wave","scale":1.23}},{"type":"Feature","geometry":{"type":"Point","coordinates":[9696,2210]},"properties":{"kind":"wave","scale":0.83}},{"type":"Feature","geometry":{"type":"Point","coordinates":[9786,2231]},"properties":{"kind":"wave","scale":1.15}},{"type":"Feature","geometry":{"type":"Point","coordinates":[9909,2248]},"properties":{"kind":"wave","scale":0.85}},{"type":"Feature","geometry":{"type":"Point","coordinates":[39,2304]},"properties":{"kind":"wave","scale":0.92}},{"type":"Feature","geometry":{"type":"Point","coordinates":[69,2306]},"properties":{"kind":"wave","scale":1}},{"type":"Feature","geometry":{"type":"Point","coordinates":[946,2366]},"properties":{"kind":"wave","scale":1.09}},{"type":"Feature","geometry":{"type":"Point","coordinates":[1063,2357]},"properties":{"kind":"wave","scale":0.87}},{"type":"Feature","geometry":{"type":"Point","coordinates":[1153,2310]},"properties":{"kind":"wave","scale":1.02}},{"type":"Feature","geometry":{"type":"Point","coordinates":[1245,2381]},"properties":{"kind":"wave","scale":0.75}},{"type":"Feature","geometry":{"type":"Point","coordinates":[1367,2297]},"properties":{"kind":"wave","scale":1.03}},{"type":"Feature","geometry":{"type":"Point","coordinates":[1399,2349]},"properties":{"kind":"wave","scale":0.81}},{"type":"Feature","geometry":{"type":"Point","coordinates":[1505,2304]},"properties":{"kind":"wave","scale":0.92}},{"type":"Feature","geometry":{"type":"Point","coordinates":[1596,2305]},"properties":{"kind":"wave","scale":1.1}},{"type":"Feature","geometry":{"type":"Point","coordinates":[1735,2354]},"properties":{"kind":"wave","scale":1.09}},{"type":"Feature","geometry":{"type":"Point","coordinates":[1807,2370]},"properties":{"kind":"wave","scale":1.14}},{"type":"Feature","geometry":{"type":"Point","coordinates":[1908,2335]},"properties":{"kind":"wave","scale":1.12}},{"type":"Feature","geometry":{"type":"Point","coordinates":[2941,2311]},"properties":{"kind":"wave","scale":0.95}},{"type":"Feature","geometry":{"type":"Point","coordinates":[3072,2346]},"properties":{"kind":"wave","scale":0.85}},{"type":"Feature","geometry":{"type":"Point","coordinates":[3114,2301]},"properties":{"kind":"wave","scale":1.05}},{"type":"Feature","geometry":{"type":"Point","coordinates":[4007,2383]},"properties":{"kind":"wave","scale":0.78}},{"type":"Feature","geometry":{"type":"Point","coordinates":[4146,2339]},"properties":{"kind":"wave","scale":0.94}},{"type":"Feature","geometry":{"type":"Point","coordinates":[4192,2346]},"properties":{"kind":"wave","scale":0.79}},{"type":"Feature","geometry":{"type":"Point","coordinates":[4344,2309]},"properties":{"kind":"wave","scale":1.06}},{"type":"Feature","geometry":{"type":"Point","coordinates":[4367,2297]},"properties":{"kind":"wave","scale":1.1}},{"type":"Feature","geometry":{"type":"Point","coordinates":[4530,2383]},"properties":{"kind":"wave","scale":0.9}},{"type":"Feature","geometry":{"type":"Point","coordinates":[4582,2365]},"properties":{"kind":"wave","scale":1.21}},{"type":"Feature","geometry":{"type":"Point","coordinates":[4793,2384]},"properties":{"kind":"wave","scale":1.24}},{"type":"Feature","geometry":{"type":"Point","coordinates":[5694,2377]},"properties":{"kind":"wave","scale":0.88}},{"type":"Feature","geometry":{"type":"Point","coordinates":[5743,2341]},"properties":{"kind":"wave","scale":0.82}},{"type":"Feature","geometry":{"type":"Point","coordinates":[5817,2325]},"properties":{"kind":"wave","scale":1.11}},{"type":"Feature","geometry":{"type":"Point","coordinates":[5933,2303]},"properties":{"kind":"wave","scale":1.17}},{"type":"Feature","geometry":{"type":"Point","coordinates":[6061,2305]},"properties":{"kind":"wave","scale":0.8}},{"type":"Feature","geometry":{"type":"Point","coordinates":[6093,2310]},"properties":{"kind":"wave","scale":0.97}},{"type":"Feature","geometry":{"type":"Point","coordinates":[6245,2338]},"properties":{"kind":"wave","scale":1.24}},{"type":"Feature","geometry":{"type":"Point","coordinates":[6326,2315]},"properties":{"kind":"wave","scale":1.05}},{"type":"Feature","geometry":{"type":"Point","coordinates":[6347,2356]},"properties":{"kind":"wave","scale":0.95}},{"type":"Feature","geometry":{"type":"Point","coordinates":[6601,2379]},"properties":{"kind":"wave","scale":0.75}},{"type":"Feature","geometry":{"type":"Point","coordinates":[6785,2352]},"properties":{"kind":"wave","scale":0.82}},{"type":"Feature","geometry":{"type":"Point","coordinates":[6853,2347]},"properties":{"kind":"wave","scale":1.03}},{"type":"Feature","geometry":{"type":"Point","coordinates":[6923,2357]},"properties":{"kind":"wave","scale":1.08}},{"type":"Feature","geometry":{"type":"Point","coordinates":[7062,2378]},"properties":{"kind":"wave","scale":0.89}},{"type":"Feature","geometry":{"type":"Point","coordinates":[7500,2312]},"properties":{"kind":"wave","scale":1.04}},{"type":"Feature","geometry":{"type":"Point","coordinates":[7539,2363]},"properties":{"kind":"wave","scale":1.19}},{"type":"Feature","geometry":{"type":"Point","coordinates":[7823,2373]},"properties":{"kind":"wave","scale":1.01}},{"type":"Feature","geometry":{"type":"Point","coordinates":[7964,2383]},"properties":{"kind":"wave","scale":0.81}},{"type":"Feature","geometry":{"type":"Point","coordinates":[8023,2305]},"properties":{"kind":"wave","scale":1.19}},{"type":"Feature","geometry":{"type":"Point","coordinates":[8936,2349]},"properties":{"kind":"wave","scale":0.88}},{"type":"Feature","geometry":{"type":"Point","coordinates":[9029,2317]},"properties":{"kind":"wave","scale":0.8}},{"type":"Feature","geometry":{"type":"Point","coordinates":[9071,2360]},"properties":{"kind":"wave","scale":0.83}},{"type":"Feature","geometry":{"type":"Point","coordinates":[9196,2342]},"properties":{"kind":"wave","scale":1}},{"type":"Feature","geometry":{"type":"Point","coordinates":[9271,2379]},"properties":{"kind":"wave","scale":1.18}},{"type":"Feature","geometry":{"type":"Point","coordinates":[9394,2305]},"properties":{"kind":"wave","scale":0.86}},{"type":"Feature","geometry":{"type":"Point","coordinates":[9484,2363]},"properties":{"kind":"wave","scale":1.05}},{"type":"Feature","geometry":{"type":"Point","coordinates":[9529,2351]},"properties":{"kind":"wave","scale":1.2}},{"type":"Feature","geometry":{"type":"Point","coordinates":[9646,2303]},"properties":{"kind":"wave","scale":0.91}},{"type":"Feature","geometry":{"type":"Point","coordinates":[9747,2383]},"properties":{"kind":"wave","scale":1.23}},{"type":"Feature","geometry":{"type":"Point","coordinates":[9841,2297]},"properties":{"kind":"wave","scale":1.08}},{"type":"Feature","geometry":{"type":"Point","coordinates":[9909,2330]},"properties":{"kind":"wave","scale":1.05}},{"type":"Feature","geometry":{"type":"Point","coordinates":[1026,2466]},"properties":{"kind":"wave","scale":0.81}},{"type":"Feature","geometry":{"type":"Point","coordinates":[1072,2422]},"properties":{"kind":"wave","scale":1.2}},{"type":"Feature","geometry":{"type":"Point","coordinates":[1321,2426]},"properties":{"kind":"wave","scale":1}},{"type":"Feature","geometry":{"type":"Point","coordinates":[1413,2398]},"properties":{"kind":"wave","scale":0.84}},{"type":"Feature","geometry":{"type":"Point","coordinates":[1487,2438]},"properties":{"kind":"wave","scale":1.09}},{"type":"Feature","geometry":{"type":"Point","coordinates":[1609,2436]},"properties":{"kind":"wave","scale":0.93}},{"type":"Feature","geometry":{"type":"Point","coordinates":[1709,2403]},"properties":{"kind":"wave","scale":1.01}},{"type":"Feature","geometry":{"type":"Point","coordinates":[1837,2452]},"properties":{"kind":"wave","scale":1}},{"type":"Feature","geometry":{"type":"Point","coordinates":[1911,2429]},"properties":{"kind":"wave","scale":0.91}},{"type":"Feature","geometry":{"type":"Point","coordinates":[1936,2404]},"properties":{"kind":"wave","scale":0.95}},{"type":"Feature","geometry":{"type":"Point","coordinates":[2066,2470]},"properties":{"kind":"wave","scale":1.22}},{"type":"Feature","geometry":{"type":"Point","coordinates":[2998,2444]},"properties":{"kind":"wave","scale":0.75}},{"type":"Feature","geometry":{"type":"Point","coordinates":[3062,2440]},"properties":{"kind":"wave","scale":0.86}},{"type":"Feature","geometry":{"type":"Point","coordinates":[3113,2409]},"properties":{"kind":"wave","scale":1.08}},{"type":"Feature","geometry":{"type":"Point","coordinates":[3260,2448]},"properties":{"kind":"wave","scale":0.92}},{"type":"Feature","geometry":{"type":"Point","coordinates":[3613,2419]},"properties":{"kind":"wave","scale":1.22}},{"type":"Feature","geometry":{"type":"Point","coordinates":[3676,2452]},"properties":{"kind":"wave","scale":1.17}},{"type":"Feature","geometry":{"type":"Point","coordinates":[3938,2429]},"properties":{"kind":"wave","scale":1.19}},{"type":"Feature","geometry":{"type":"Point","coordinates":[4038,2394]},"properties":{"kind":"wave","scale":0.77}},{"type":"Feature","geometry":{"type":"Point","coordinates":[4173,2467]},"properties":{"kind":"wave","scale":1.15}},{"type":"Feature","geometry":{"type":"Point","coordinates":[4252,2387]},"properties":{"kind":"wave","scale":0.89}},{"type":"Feature","geometry":{"type":"Point","coordinates":[4291,2447]},"properties":{"kind":"wave","scale":1.19}},{"type":"Feature","geometry":{"type":"Point","coordinates":[4439,2424]},"properties":{"kind":"wave","scale":0.75}},{"type":"Feature","geometry":{"type":"Point","coordinates":[4513,2402]},"properties":{"kind":"wave","scale":0.92}},{"type":"Feature","geometry":{"type":"Point","coordinates":[4570,2428]},"properties":{"kind":"wave","scale":0.91}},{"type":"Feature","geometry":{"type":"Point","coordinates":[4725,2407]},"properties":{"kind":"wave","scale":1.24}},{"type":"Feature","geometry":{"type":"Point","coordinates":[4730,2411]},"properties":{"kind":"wave","scale":1.18}},{"type":"Feature","geometry":{"type":"Point","coordinates":[4918,2473]},"properties":{"kind":"wave","scale":0.77}},{"type":"Feature","geometry":{"type":"Point","coordinates":[5763,2459]},"properties":{"kind":"wave","scale":1.08}},{"type":"Feature","geometry":{"type":"Point","coordinates":[5842,2399]},"properties":{"kind":"wave","scale":1.05}},{"type":"Feature","geometry":{"type":"Point","coordinates":[5917,2394]},"properties":{"kind":"wave","scale":1.14}},{"type":"Feature","geometry":{"type":"Point","coordinates":[6046,2416]},"properties":{"kind":"wave","scale":0.77}},{"type":"Feature","geometry":{"type":"Point","coordinates":[6093,2467]},"properties":{"kind":"wave","scale":0.82}},{"type":"Feature","geometry":{"type":"Point","coordinates":[6197,2474]},"properties":{"kind":"wave","scale":0.93}},{"type":"Feature","geometry":{"type":"Point","coordinates":[6317,2465]},"properties":{"kind":"wave","scale":0.87}},{"type":"Feature","geometry":{"type":"Point","coordinates":[6393,2429]},"properties":{"kind":"wave","scale":1.1}},{"type":"Feature","geometry":{"type":"Point","coordinates":[6484,2425]},"properties":{"kind":"wave","scale":1.05}},{"type":"Feature","geometry":{"type":"Point","coordinates":[6546,2395]},"properties":{"kind":"wave","scale":1.24}},{"type":"Feature","geometry":{"type":"Point","coordinates":[6627,2414]},"properties":{"kind":"wave","scale":0.78}},{"type":"Feature","geometry":{"type":"Point","coordinates":[6764,2418]},"properties":{"kind":"wave","scale":0.9}},{"type":"Feature","geometry":{"type":"Point","coordinates":[6862,2437]},"properties":{"kind":"wave","scale":0.99}},{"type":"Feature","geometry":{"type":"Point","coordinates":[6904,2463]},"properties":{"kind":"wave","scale":1.2}},{"type":"Feature","geometry":{"type":"Point","coordinates":[7009,2399]},"properties":{"kind":"wave","scale":0.77}},{"type":"Feature","geometry":{"type":"Point","coordinates":[7067,2395]},"properties":{"kind":"wave","scale":1.22}},{"type":"Feature","geometry":{"type":"Point","coordinates":[7199,2466]},"properties":{"kind":"wave","scale":0.96}},{"type":"Feature","geometry":{"type":"Point","coordinates":[7301,2387]},"properties":{"kind":"wave","scale":1}},{"type":"Feature","geometry":{"type":"Point","coordinates":[7393,2438]},"properties":{"kind":"wave","scale":0.83}},{"type":"Feature","geometry":{"type":"Point","coordinates":[7668,2389]},"properties":{"kind":"wave","scale":1.08}},{"type":"Feature","geometry":{"type":"Point","coordinates":[7740,2462]},"properties":{"kind":"wave","scale":1.17}},{"type":"Feature","geometry":{"type":"Point","coordinates":[7858,2433]},"properties":{"kind":"wave","scale":1.21}},{"type":"Feature","geometry":{"type":"Point","coordinates":[7879,2421]},"properties":{"kind":"wave","scale":1.05}},{"type":"Feature","geometry":{"type":"Point","coordinates":[8003,2441]},"properties":{"kind":"wave","scale":1.22}},{"type":"Feature","geometry":{"type":"Point","coordinates":[8080,2400]},"properties":{"kind":"wave","scale":1.03}},{"type":"Feature","geometry":{"type":"Point","coordinates":[8280,2437]},"properties":{"kind":"wave","scale":1.22}},{"type":"Feature","geometry":{"type":"Point","coordinates":[8934,2454]},"properties":{"kind":"wave","scale":1.13}},{"type":"Feature","geometry":{"type":"Point","coordinates":[9023,2386]},"properties":{"kind":"wave","scale":0.89}},{"type":"Feature","geometry":{"type":"Point","coordinates":[9095,2387]},"properties":{"kind":"wave","scale":1.09}},{"type":"Feature","geometry":{"type":"Point","coordinates":[9146,2465]},"properties":{"kind":"wave","scale":1.11}},{"type":"Feature","geometry":{"type":"Point","coordinates":[9306,2417]},"properties":{"kind":"wave","scale":0.95}},{"type":"Feature","geometry":{"type":"Point","coordinates":[9352,2394]},"properties":{"kind":"wave","scale":0.99}},{"type":"Feature","geometry":{"type":"Point","coordinates":[9483,2388]},"properties":{"kind":"wave","scale":1.04}},{"type":"Feature","geometry":{"type":"Point","coordinates":[9500,2390]},"properties":{"kind":"wave","scale":1.13}},{"type":"Feature","geometry":{"type":"Point","coordinates":[990,2512]},"properties":{"kind":"wave","scale":0.87}},{"type":"Feature","geometry":{"type":"Point","coordinates":[1056,2491]},"properties":{"kind":"wave","scale":1.13}},{"type":"Feature","geometry":{"type":"Point","coordinates":[1127,2542]},"properties":{"kind":"wave","scale":0.78}},{"type":"Feature","geometry":{"type":"Point","coordinates":[1441,2512]},"properties":{"kind":"wave","scale":1.23}},{"type":"Feature","geometry":{"type":"Point","coordinates":[1793,2480]},"properties":{"kind":"wave","scale":0.77}},{"type":"Feature","geometry":{"type":"Point","coordinates":[1890,2514]},"properties":{"kind":"wave","scale":1.01}},{"type":"Feature","geometry":{"type":"Point","coordinates":[2016,2495]},"properties":{"kind":"wave","scale":0.94}},{"type":"Feature","geometry":{"type":"Point","coordinates":[2923,2549]},"properties":{"kind":"wave","scale":1.13}},{"type":"Feature","geometry":{"type":"Point","coordinates":[2999,2517]},"properties":{"kind":"wave","scale":0.87}},{"type":"Feature","geometry":{"type":"Point","coordinates":[3084,2499]},"properties":{"kind":"wave","scale":0.78}},{"type":"Feature","geometry":{"type":"Point","coordinates":[3117,2555]},"properties":{"kind":"wave","scale":1.22}},{"type":"Feature","geometry":{"type":"Point","coordinates":[3213,2479]},"properties":{"kind":"wave","scale":1.09}},{"type":"Feature","geometry":{"type":"Point","coordinates":[3678,2506]},"properties":{"kind":"wave","scale":1.18}},{"type":"Feature","geometry":{"type":"Point","coordinates":[3778,2543]},"properties":{"kind":"wave","scale":0.78}},{"type":"Feature","geometry":{"type":"Point","coordinates":[3848,2541]},"properties":{"kind":"wave","scale":0.82}},{"type":"Feature","geometry":{"type":"Point","coordinates":[3918,2540]},"properties":{"kind":"wave","scale":1.09}},{"type":"Feature","geometry":{"type":"Point","coordinates":[4080,2497]},"properties":{"kind":"wave","scale":1.21}},{"type":"Feature","geometry":{"type":"Point","coordinates":[4158,2558]},"properties":{"kind":"wave","scale":1.16}},{"type":"Feature","geometry":{"type":"Point","coordinates":[4212,2497]},"properties":{"kind":"wave","scale":1.2}},{"type":"Feature","geometry":{"type":"Point","coordinates":[4285,2533]},"properties":{"kind":"wave","scale":1.09}},{"type":"Feature","geometry":{"type":"Point","coordinates":[4374,2527]},"properties":{"kind":"wave","scale":1.12}},{"type":"Feature","geometry":{"type":"Point","coordinates":[4537,2502]},"properties":{"kind":"wave","scale":1.15}},{"type":"Feature","geometry":{"type":"Point","coordinates":[4562,2492]},"properties":{"kind":"wave","scale":1.14}},{"type":"Feature","geometry":{"type":"Point","coordinates":[4638,2529]},"properties":{"kind":"wave","scale":1.17}},{"type":"Feature","geometry":{"type":"Point","coordinates":[4812,2478]},"properties":{"kind":"wave","scale":0.85}},{"type":"Feature","geometry":{"type":"Point","coordinates":[5685,2506]},"properties":{"kind":"wave","scale":0.77}},{"type":"Feature","geometry":{"type":"Point","coordinates":[5777,2493]},"properties":{"kind":"wave","scale":0.83}},{"type":"Feature","geometry":{"type":"Point","coordinates":[5817,2526]},"properties":{"kind":"wave","scale":1.17}},{"type":"Feature","geometry":{"type":"Point","coordinates":[5977,2555]},"properties":{"kind":"wave","scale":1.22}},{"type":"Feature","geometry":{"type":"Point","coordinates":[6014,2513]},"properties":{"kind":"wave","scale":1.21}},{"type":"Feature","geometry":{"type":"Point","coordinates":[6157,2528]},"properties":{"kind":"wave","scale":0.88}},{"type":"Feature","geometry":{"type":"Point","coordinates":[6177,2549]},"properties":{"kind":"wave","scale":1.02}},{"type":"Feature","geometry":{"type":"Point","coordinates":[6288,2504]},"properties":{"kind":"wave","scale":1.15}},{"type":"Feature","geometry":{"type":"Point","coordinates":[6409,2559]},"properties":{"kind":"wave","scale":0.87}},{"type":"Feature","geometry":{"type":"Point","coordinates":[6525,2502]},"properties":{"kind":"wave","scale":1.06}},{"type":"Feature","geometry":{"type":"Point","coordinates":[6540,2541]},"properties":{"kind":"wave","scale":1.19}},{"type":"Feature","geometry":{"type":"Point","coordinates":[6678,2488]},"properties":{"kind":"wave","scale":1.2}},{"type":"Feature","geometry":{"type":"Point","coordinates":[6750,2526]},"properties":{"kind":"wave","scale":0.95}},{"type":"Feature","geometry":{"type":"Point","coordinates":[6814,2522]},"properties":{"kind":"wave","scale":1.12}},{"type":"Feature","geometry":{"type":"Point","coordinates":[6940,2498]},"properties":{"kind":"wave","scale":1.18}},{"type":"Feature","geometry":{"type":"Point","coordinates":[7044,2501]},"properties":{"kind":"wave","scale":0.81}},{"type":"Feature","geometry":{"type":"Point","coordinates":[7088,2544]},"properties":{"kind":"wave","scale":1.05}},{"type":"Feature","geometry":{"type":"Point","coordinates":[7159,2536]},"properties":{"kind":"wave","scale":1.25}},{"type":"Feature","geometry":{"type":"Point","coordinates":[7303,2489]},"properties":{"kind":"wave","scale":0.76}},{"type":"Feature","geometry":{"type":"Point","coordinates":[7445,2516]},"properties":{"kind":"wave","scale":1}},{"type":"Feature","geometry":{"type":"Point","coordinates":[7516,2515]},"properties":{"kind":"wave","scale":1.1}},{"type":"Feature","geometry":{"type":"Point","coordinates":[7907,2501]},"properties":{"kind":"wave","scale":1.09}},{"type":"Feature","geometry":{"type":"Point","coordinates":[8009,2553]},"properties":{"kind":"wave","scale":1.06}},{"type":"Feature","geometry":{"type":"Point","coordinates":[8123,2530]},"properties":{"kind":"wave","scale":0.9}},{"type":"Feature","geometry":{"type":"Point","coordinates":[8187,2520]},"properties":{"kind":"wave","scale":1.22}},{"type":"Feature","geometry":{"type":"Point","coordinates":[8311,2526]},"properties":{"kind":"wave","scale":0.85}},{"type":"Feature","geometry":{"type":"Point","coordinates":[9015,2497]},"properties":{"kind":"wave","scale":1.06}},{"type":"Feature","geometry":{"type":"Point","coordinates":[9056,2488]},"properties":{"kind":"wave","scale":0.93}},{"type":"Feature","geometry":{"type":"Point","coordinates":[57,2630]},"properties":{"kind":"wave","scale":1.24}},{"type":"Feature","geometry":{"type":"Point","coordinates":[147,2616]},"properties":{"kind":"wave","scale":0.91}},{"type":"Feature","geometry":{"type":"Point","coordinates":[385,2646]},"properties":{"kind":"wave","scale":0.83}},{"type":"Feature","geometry":{"type":"Point","coordinates":[447,2597]},"properties":{"kind":"wave","scale":1.18}},{"type":"Feature","geometry":{"type":"Point","coordinates":[520,2629]},"properties":{"kind":"wave","scale":1.04}},{"type":"Feature","geometry":{"type":"Point","coordinates":[620,2627]},"properties":{"kind":"wave","scale":1.02}},{"type":"Feature","geometry":{"type":"Point","coordinates":[782,2631]},"properties":{"kind":"wave","scale":0.9}},{"type":"Feature","geometry":{"type":"Point","coordinates":[1027,2581]},"properties":{"kind":"wave","scale":0.78}},{"type":"Feature","geometry":{"type":"Point","coordinates":[1092,2654]},"properties":{"kind":"wave","scale":1.17}},{"type":"Feature","geometry":{"type":"Point","coordinates":[1191,2631]},"properties":{"kind":"wave","scale":1.16}},{"type":"Feature","geometry":{"type":"Point","coordinates":[1271,2568]},"properties":{"kind":"wave","scale":1.16}},{"type":"Feature","geometry":{"type":"Point","coordinates":[1394,2634]},"properties":{"kind":"wave","scale":1.12}},{"type":"Feature","geometry":{"type":"Point","coordinates":[1428,2626]},"properties":{"kind":"wave","scale":1.11}},{"type":"Feature","geometry":{"type":"Point","coordinates":[1554,2627]},"properties":{"kind":"wave","scale":0.89}},{"type":"Feature","geometry":{"type":"Point","coordinates":[1777,2579]},"properties":{"kind":"wave","scale":0.96}},{"type":"Feature","geometry":{"type":"Point","coordinates":[1875,2573]},"properties":{"kind":"wave","scale":0.78}},{"type":"Feature","geometry":{"type":"Point","coordinates":[1954,2633]},"properties":{"kind":"wave","scale":0.9}},{"type":"Feature","geometry":{"type":"Point","coordinates":[2063,2577]},"properties":{"kind":"wave","scale":0.84}},{"type":"Feature","geometry":{"type":"Point","coordinates":[2127,2598]},"properties":{"kind":"wave","scale":0.82}},{"type":"Feature","geometry":{"type":"Point","coordinates":[2437,2640]},"properties":{"kind":"wave","scale":0.96}},{"type":"Feature","geometry":{"type":"Point","coordinates":[2504,2624]},"properties":{"kind":"wave","scale":1.06}},{"type":"Feature","geometry":{"type":"Point","coordinates":[2625,2639]},"properties":{"kind":"wave","scale":0.79}},{"type":"Feature","geometry":{"type":"Point","coordinates":[2687,2647]},"properties":{"kind":"wave","scale":1.2}},{"type":"Feature","geometry":{"type":"Point","coordinates":[2870,2573]},"properties":{"kind":"wave","scale":1.22}},{"type":"Feature","geometry":{"type":"Point","coordinates":[2961,2592]},"properties":{"kind":"wave","scale":1.05}},{"type":"Feature","geometry":{"type":"Point","coordinates":[3129,2593]},"properties":{"kind":"wave","scale":0.78}},{"type":"Feature","geometry":{"type":"Point","coordinates":[3274,2583]},"properties":{"kind":"wave","scale":1.12}},{"type":"Feature","geometry":{"type":"Point","coordinates":[3467,2583]},"properties":{"kind":"wave","scale":0.82}},{"type":"Feature","geometry":{"type":"Point","coordinates":[3695,2612]},"properties":{"kind":"wave","scale":1.05}},{"type":"Feature","geometry":{"type":"Point","coordinates":[3812,2622]},"properties":{"kind":"wave","scale":0.8}},{"type":"Feature","geometry":{"type":"Point","coordinates":[3836,2565]},"properties":{"kind":"wave","scale":0.75}},{"type":"Feature","geometry":{"type":"Point","coordinates":[3998,2566]},"properties":{"kind":"wave","scale":0.79}},{"type":"Feature","geometry":{"type":"Point","coordinates":[4019,2580]},"properties":{"kind":"wave","scale":1.1}},{"type":"Feature","geometry":{"type":"Point","coordinates":[4111,2625]},"properties":{"kind":"wave","scale":1.14}},{"type":"Feature","geometry":{"type":"Point","coordinates":[4249,2566]},"properties":{"kind":"wave","scale":0.93}},{"type":"Feature","geometry":{"type":"Point","coordinates":[4352,2617]},"properties":{"kind":"wave","scale":0.95}},{"type":"Feature","geometry":{"type":"Point","coordinates":[4408,2625]},"properties":{"kind":"wave","scale":0.78}},{"type":"Feature","geometry":{"type":"Point","coordinates":[4482,2630]},"properties":{"kind":"wave","scale":0.89}},{"type":"Feature","geometry":{"type":"Point","coordinates":[4557,2576]},"properties":{"kind":"wave","scale":1.2}},{"type":"Feature","geometry":{"type":"Point","coordinates":[4689,2584]},"properties":{"kind":"wave","scale":1.03}},{"type":"Feature","geometry":{"type":"Point","coordinates":[4789,2630]},"properties":{"kind":"wave","scale":1.08}},{"type":"Feature","geometry":{"type":"Point","coordinates":[4847,2652]},"properties":{"kind":"wave","scale":0.81}},{"type":"Feature","geometry":{"type":"Point","coordinates":[5857,2573]},"properties":{"kind":"wave","scale":0.79}},{"type":"Feature","geometry":{"type":"Point","coordinates":[5933,2636]},"properties":{"kind":"wave","scale":1.16}},{"type":"Feature","geometry":{"type":"Point","coordinates":[5987,2571]},"properties":{"kind":"wave","scale":1.03}},{"type":"Feature","geometry":{"type":"Point","coordinates":[6085,2607]},"properties":{"kind":"wave","scale":0.85}},{"type":"Feature","geometry":{"type":"Point","coordinates":[6181,2600]},"properties":{"kind":"wave","scale":1.08}},{"type":"Feature","geometry":{"type":"Point","coordinates":[6340,2598]},"properties":{"kind":"wave","scale":1.02}},{"type":"Feature","geometry":{"type":"Point","coordinates":[6346,2597]},"properties":{"kind":"wave","scale":0.98}},{"type":"Feature","geometry":{"type":"Point","coordinates":[6459,2607]},"properties":{"kind":"wave","scale":1.07}},{"type":"Feature","geometry":{"type":"Point","coordinates":[6592,2649]},"properties":{"kind":"wave","scale":1.07}},{"type":"Feature","geometry":{"type":"Point","coordinates":[6671,2566]},"properties":{"kind":"wave","scale":1.13}},{"type":"Feature","geometry":{"type":"Point","coordinates":[6788,2629]},"properties":{"kind":"wave","scale":0.79}},{"type":"Feature","geometry":{"type":"Point","coordinates":[6864,2591]},"properties":{"kind":"wave","scale":1.01}},{"type":"Feature","geometry":{"type":"Point","coordinates":[6915,2601]},"properties":{"kind":"wave","scale":0.78}},{"type":"Feature","geometry":{"type":"Point","coordinates":[7044,2580]},"properties":{"kind":"wave","scale":1.2}},{"type":"Feature","geometry":{"type":"Point","coordinates":[7104,2597]},"properties":{"kind":"wave","scale":1.15}},{"type":"Feature","geometry":{"type":"Point","coordinates":[7977,2567]},"properties":{"kind":"wave","scale":0.96}},{"type":"Feature","geometry":{"type":"Point","coordinates":[8231,2579]},"properties":{"kind":"wave","scale":1.01}},{"type":"Feature","geometry":{"type":"Point","coordinates":[8298,2592]},"properties":{"kind":"wave","scale":1.21}},{"type":"Feature","geometry":{"type":"Point","coordinates":[8589,2644]},"properties":{"kind":"wave","scale":0.87}},{"type":"Feature","geometry":{"type":"Point","coordinates":[8599,2610]},"properties":{"kind":"wave","scale":0.91}},{"type":"Feature","geometry":{"type":"Point","coordinates":[8851,2637]},"properties":{"kind":"wave","scale":1.09}},{"type":"Feature","geometry":{"type":"Point","coordinates":[8907,2619]},"properties":{"kind":"wave","scale":1.13}},{"type":"Feature","geometry":{"type":"Point","coordinates":[9112,2595]},"properties":{"kind":"wave","scale":0.94}},{"type":"Feature","geometry":{"type":"Point","coordinates":[9263,2594]},"properties":{"kind":"wave","scale":1.12}},{"type":"Feature","geometry":{"type":"Point","coordinates":[9420,2627]},"properties":{"kind":"wave","scale":0.85}},{"type":"Feature","geometry":{"type":"Point","coordinates":[9558,2596]},"properties":{"kind":"wave","scale":1.08}},{"type":"Feature","geometry":{"type":"Point","coordinates":[9621,2601]},"properties":{"kind":"wave","scale":0.76}},{"type":"Feature","geometry":{"type":"Point","coordinates":[9688,2593]},"properties":{"kind":"wave","scale":0.95}},{"type":"Feature","geometry":{"type":"Point","coordinates":[9826,2599]},"properties":{"kind":"wave","scale":1.06}},{"type":"Feature","geometry":{"type":"Point","coordinates":[9858,2592]},"properties":{"kind":"wave","scale":0.99}},{"type":"Feature","geometry":{"type":"Point","coordinates":[9998,2592]},"properties":{"kind":"wave","scale":0.84}},{"type":"Feature","geometry":{"type":"Point","coordinates":[114,2727]},"properties":{"kind":"wave","scale":1.03}},{"type":"Feature","geometry":{"type":"Point","coordinates":[159,2672]},"properties":{"kind":"wave","scale":1.14}},{"type":"Feature","geometry":{"type":"Point","coordinates":[312,2677]},"properties":{"kind":"wave","scale":0.95}},{"type":"Feature","geometry":{"type":"Point","coordinates":[393,2712]},"properties":{"kind":"wave","scale":0.82}},{"type":"Feature","geometry":{"type":"Point","coordinates":[456,2668]},"properties":{"kind":"wave","scale":0.82}},{"type":"Feature","geometry":{"type":"Point","coordinates":[522,2728]},"properties":{"kind":"wave","scale":0.99}},{"type":"Feature","geometry":{"type":"Point","coordinates":[643,2656]},"properties":{"kind":"wave","scale":1.07}},{"type":"Feature","geometry":{"type":"Point","coordinates":[760,2734]},"properties":{"kind":"wave","scale":0.87}},{"type":"Feature","geometry":{"type":"Point","coordinates":[805,2675]},"properties":{"kind":"wave","scale":0.76}},{"type":"Feature","geometry":{"type":"Point","coordinates":[885,2699]},"properties":{"kind":"wave","scale":0.84}},{"type":"Feature","geometry":{"type":"Point","coordinates":[970,2691]},"properties":{"kind":"wave","scale":1.15}},{"type":"Feature","geometry":{"type":"Point","coordinates":[1112,2729]},"properties":{"kind":"wave","scale":1.13}},{"type":"Feature","geometry":{"type":"Point","coordinates":[1202,2674]},"properties":{"kind":"wave","scale":1.22}},{"type":"Feature","geometry":{"type":"Point","coordinates":[1278,2725]},"properties":{"kind":"wave","scale":1.05}},{"type":"Feature","geometry":{"type":"Point","coordinates":[1387,2713]},"properties":{"kind":"wave","scale":0.88}},{"type":"Feature","geometry":{"type":"Point","coordinates":[1483,2686]},"properties":{"kind":"wave","scale":0.8}},{"type":"Feature","geometry":{"type":"Point","coordinates":[1490,2673]},"properties":{"kind":"wave","scale":0.83}},{"type":"Feature","geometry":{"type":"Point","coordinates":[1641,2702]},"properties":{"kind":"wave","scale":0.9}},{"type":"Feature","geometry":{"type":"Point","coordinates":[1719,2734]},"properties":{"kind":"wave","scale":0.77}},{"type":"Feature","geometry":{"type":"Point","coordinates":[2015,2717]},"properties":{"kind":"wave","scale":0.93}},{"type":"Feature","geometry":{"type":"Point","coordinates":[2090,2743]},"properties":{"kind":"wave","scale":0.99}},{"type":"Feature","geometry":{"type":"Point","coordinates":[2122,2687]},"properties":{"kind":"wave","scale":0.86}},{"type":"Feature","geometry":{"type":"Point","coordinates":[2295,2668]},"properties":{"kind":"wave","scale":1.02}},{"type":"Feature","geometry":{"type":"Point","coordinates":[2338,2688]},"properties":{"kind":"wave","scale":1.22}},{"type":"Feature","geometry":{"type":"Point","coordinates":[2469,2657]},"properties":{"kind":"wave","scale":0.92}},{"type":"Feature","geometry":{"type":"Point","coordinates":[2541,2735]},"properties":{"kind":"wave","scale":1.08}},{"type":"Feature","geometry":{"type":"Point","coordinates":[2640,2689]},"properties":{"kind":"wave","scale":0.92}},{"type":"Feature","geometry":{"type":"Point","coordinates":[2683,2738]},"properties":{"kind":"wave","scale":0.91}},{"type":"Feature","geometry":{"type":"Point","coordinates":[2824,2685]},"properties":{"kind":"wave","scale":1.01}},{"type":"Feature","geometry":{"type":"Point","coordinates":[2837,2663]},"properties":{"kind":"wave","scale":1.16}},{"type":"Feature","geometry":{"type":"Point","coordinates":[2992,2721]},"properties":{"kind":"wave","scale":1}},{"type":"Feature","geometry":{"type":"Point","coordinates":[3087,2733]},"properties":{"kind":"wave","scale":0.83}},{"type":"Feature","geometry":{"type":"Point","coordinates":[3265,2689]},"properties":{"kind":"wave","scale":1.24}},{"type":"Feature","geometry":{"type":"Point","coordinates":[3507,2730]},"properties":{"kind":"wave","scale":1.17}},{"type":"Feature","geometry":{"type":"Point","coordinates":[3601,2729]},"properties":{"kind":"wave","scale":1.08}},{"type":"Feature","geometry":{"type":"Point","coordinates":[3714,2656]},"properties":{"kind":"wave","scale":0.83}},{"type":"Feature","geometry":{"type":"Point","coordinates":[3792,2674]},"properties":{"kind":"wave","scale":1.08}},{"type":"Feature","geometry":{"type":"Point","coordinates":[3832,2738]},"properties":{"kind":"wave","scale":1}},{"type":"Feature","geometry":{"type":"Point","coordinates":[3953,2728]},"properties":{"kind":"wave","scale":1.04}},{"type":"Feature","geometry":{"type":"Point","coordinates":[4054,2675]},"properties":{"kind":"wave","scale":1.23}},{"type":"Feature","geometry":{"type":"Point","coordinates":[4147,2683]},"properties":{"kind":"wave","scale":0.86}},{"type":"Feature","geometry":{"type":"Point","coordinates":[4220,2656]},"properties":{"kind":"wave","scale":0.95}},{"type":"Feature","geometry":{"type":"Point","coordinates":[4301,2738]},"properties":{"kind":"wave","scale":1.19}},{"type":"Feature","geometry":{"type":"Point","coordinates":[4398,2729]},"properties":{"kind":"wave","scale":1.06}},{"type":"Feature","geometry":{"type":"Point","coordinates":[4517,2667]},"properties":{"kind":"wave","scale":0.81}},{"type":"Feature","geometry":{"type":"Point","coordinates":[4588,2712]},"properties":{"kind":"wave","scale":1.13}},{"type":"Feature","geometry":{"type":"Point","coordinates":[4728,2713]},"properties":{"kind":"wave","scale":1.12}},{"type":"Feature","geometry":{"type":"Point","coordinates":[4820,2695]},"properties":{"kind":"wave","scale":0.84}},{"type":"Feature","geometry":{"type":"Point","coordinates":[4920,2732]},"properties":{"kind":"wave","scale":1.11}},{"type":"Feature","geometry":{"type":"Point","coordinates":[5903,2698]},"properties":{"kind":"wave","scale":1.13}},{"type":"Feature","geometry":{"type":"Point","coordinates":[6039,2740]},"properties":{"kind":"wave","scale":0.75}},{"type":"Feature","geometry":{"type":"Point","coordinates":[6113,2665]},"properties":{"kind":"wave","scale":0.8}},{"type":"Feature","geometry":{"type":"Point","coordinates":[6231,2664]},"properties":{"kind":"wave","scale":0.83}},{"type":"Feature","geometry":{"type":"Point","coordinates":[6685,2671]},"properties":{"kind":"wave","scale":1.04}},{"type":"Feature","geometry":{"type":"Point","coordinates":[6723,2696]},"properties":{"kind":"wave","scale":1.15}},{"type":"Feature","geometry":{"type":"Point","coordinates":[6874,2658]},"properties":{"kind":"wave","scale":1.14}},{"type":"Feature","geometry":{"type":"Point","coordinates":[6929,2744]},"properties":{"kind":"wave","scale":1.19}},{"type":"Feature","geometry":{"type":"Point","coordinates":[7039,2714]},"properties":{"kind":"wave","scale":0.98}},{"type":"Feature","geometry":{"type":"Point","coordinates":[7132,2719]},"properties":{"kind":"wave","scale":1.03}},{"type":"Feature","geometry":{"type":"Point","coordinates":[7921,2709]},"properties":{"kind":"wave","scale":1.05}},{"type":"Feature","geometry":{"type":"Point","coordinates":[8129,2719]},"properties":{"kind":"wave","scale":1.09}},{"type":"Feature","geometry":{"type":"Point","coordinates":[8208,2703]},"properties":{"kind":"wave","scale":0.76}},{"type":"Feature","geometry":{"type":"Point","coordinates":[8256,2700]},"properties":{"kind":"wave","scale":0.92}},{"type":"Feature","geometry":{"type":"Point","coordinates":[8362,2683]},"properties":{"kind":"wave","scale":1.14}},{"type":"Feature","geometry":{"type":"Point","coordinates":[8503,2694]},"properties":{"kind":"wave","scale":0.91}},{"type":"Feature","geometry":{"type":"Point","coordinates":[8550,2670]},"properties":{"kind":"wave","scale":0.97}},{"type":"Feature","geometry":{"type":"Point","coordinates":[8636,2743]},"properties":{"kind":"wave","scale":0.91}},{"type":"Feature","geometry":{"type":"Point","coordinates":[8720,2709]},"properties":{"kind":"wave","scale":0.76}},{"type":"Feature","geometry":{"type":"Point","coordinates":[8791,2699]},"properties":{"kind":"wave","scale":0.79}},{"type":"Feature","geometry":{"type":"Point","coordinates":[8872,2680]},"properties":{"kind":"wave","scale":1.05}},{"type":"Feature","geometry":{"type":"Point","coordinates":[9002,2700]},"properties":{"kind":"wave","scale":0.88}},{"type":"Feature","geometry":{"type":"Point","coordinates":[9080,2742]},"properties":{"kind":"wave","scale":1.16}},{"type":"Feature","geometry":{"type":"Point","coordinates":[9137,2707]},"properties":{"kind":"wave","scale":0.89}},{"type":"Feature","geometry":{"type":"Point","coordinates":[9246,2691]},"properties":{"kind":"wave","scale":0.87}},{"type":"Feature","geometry":{"type":"Point","coordinates":[9338,2706]},"properties":{"kind":"wave","scale":1.05}},{"type":"Feature","geometry":{"type":"Point","coordinates":[9420,2700]},"properties":{"kind":"wave","scale":1.06}},{"type":"Feature","geometry":{"type":"Point","coordinates":[9558,2721]},"properties":{"kind":"wave","scale":1.23}},{"type":"Feature","geometry":{"type":"Point","coordinates":[9658,2714]},"properties":{"kind":"wave","scale":0.76}},{"type":"Feature","geometry":{"type":"Point","coordinates":[9710,2660]},"properties":{"kind":"wave","scale":0.82}},{"type":"Feature","geometry":{"type":"Point","coordinates":[9765,2743]},"properties":{"kind":"wave","scale":1.19}},{"type":"Feature","geometry":{"type":"Point","coordinates":[9897,2701]},"properties":{"kind":"wave","scale":1.09}},{"type":"Feature","geometry":{"type":"Point","coordinates":[39,2820]},"properties":{"kind":"wave","scale":1.22}},{"type":"Feature","geometry":{"type":"Point","coordinates":[98,2826]},"properties":{"kind":"wave","scale":0.87}},{"type":"Feature","geometry":{"type":"Point","coordinates":[139,2748]},"properties":{"kind":"wave","scale":0.94}},{"type":"Feature","geometry":{"type":"Point","coordinates":[243,2803]},"properties":{"kind":"wave","scale":0.89}},{"type":"Feature","geometry":{"type":"Point","coordinates":[389,2797]},"properties":{"kind":"wave","scale":0.78}},{"type":"Feature","geometry":{"type":"Point","coordinates":[474,2823]},"properties":{"kind":"wave","scale":1.12}},{"type":"Feature","geometry":{"type":"Point","coordinates":[527,2758]},"properties":{"kind":"wave","scale":1.16}},{"type":"Feature","geometry":{"type":"Point","coordinates":[613,2797]},"properties":{"kind":"wave","scale":1.1}},{"type":"Feature","geometry":{"type":"Point","coordinates":[739,2792]},"properties":{"kind":"wave","scale":0.91}},{"type":"Feature","geometry":{"type":"Point","coordinates":[781,2764]},"properties":{"kind":"wave","scale":1.09}},{"type":"Feature","geometry":{"type":"Point","coordinates":[888,2832]},"properties":{"kind":"wave","scale":0.91}},{"type":"Feature","geometry":{"type":"Point","coordinates":[985,2759]},"properties":{"kind":"wave","scale":1.1}},{"type":"Feature","geometry":{"type":"Point","coordinates":[1071,2755]},"properties":{"kind":"wave","scale":0.9}},{"type":"Feature","geometry":{"type":"Point","coordinates":[1149,2798]},"properties":{"kind":"wave","scale":0.81}},{"type":"Feature","geometry":{"type":"Point","coordinates":[1376,2830]},"properties":{"kind":"wave","scale":1.21}},{"type":"Feature","geometry":{"type":"Point","coordinates":[1460,2799]},"properties":{"kind":"wave","scale":1}},{"type":"Feature","geometry":{"type":"Point","coordinates":[1573,2753]},"properties":{"kind":"wave","scale":1.03}},{"type":"Feature","geometry":{"type":"Point","coordinates":[1648,2799]},"properties":{"kind":"wave","scale":0.81}},{"type":"Feature","geometry":{"type":"Point","coordinates":[1734,2755]},"properties":{"kind":"wave","scale":0.78}},{"type":"Feature","geometry":{"type":"Point","coordinates":[1805,2832]},"properties":{"kind":"wave","scale":1.07}},{"type":"Feature","geometry":{"type":"Point","coordinates":[1867,2807]},"properties":{"kind":"wave","scale":1.06}},{"type":"Feature","geometry":{"type":"Point","coordinates":[1993,2747]},"properties":{"kind":"wave","scale":0.81}},{"type":"Feature","geometry":{"type":"Point","coordinates":[2073,2772]},"properties":{"kind":"wave","scale":0.95}},{"type":"Feature","geometry":{"type":"Point","coordinates":[2130,2828]},"properties":{"kind":"wave","scale":0.95}},{"type":"Feature","geometry":{"type":"Point","coordinates":[2249,2803]},"properties":{"kind":"wave","scale":0.82}},{"type":"Feature","geometry":{"type":"Point","coordinates":[2361,2833]},"properties":{"kind":"wave","scale":0.86}},{"type":"Feature","geometry":{"type":"Point","coordinates":[2455,2795]},"properties":{"kind":"wave","scale":1.11}},{"type":"Feature","geometry":{"type":"Point","coordinates":[2510,2817]},"properties":{"kind":"wave","scale":1.13}},{"type":"Feature","geometry":{"type":"Point","coordinates":[2618,2791]},"properties":{"kind":"wave","scale":1.24}},{"type":"Feature","geometry":{"type":"Point","coordinates":[2743,2801]},"properties":{"kind":"wave","scale":0.99}},{"type":"Feature","geometry":{"type":"Point","coordinates":[2828,2759]},"properties":{"kind":"wave","scale":1.15}},{"type":"Feature","geometry":{"type":"Point","coordinates":[2844,2760]},"properties":{"kind":"wave","scale":0.9}},{"type":"Feature","geometry":{"type":"Point","coordinates":[2952,2768]},"properties":{"kind":"wave","scale":1.09}},{"type":"Feature","geometry":{"type":"Point","coordinates":[3016,2750]},"properties":{"kind":"wave","scale":0.86}},{"type":"Feature","geometry":{"type":"Point","coordinates":[3153,2818]},"properties":{"kind":"wave","scale":0.91}},{"type":"Feature","geometry":{"type":"Point","coordinates":[3261,2767]},"properties":{"kind":"wave","scale":0.86}},{"type":"Feature","geometry":{"type":"Point","coordinates":[3459,2796]},"properties":{"kind":"wave","scale":0.88}},{"type":"Feature","geometry":{"type":"Point","coordinates":[3467,2829]},"properties":{"kind":"wave","scale":0.9}},{"type":"Feature","geometry":{"type":"Point","coordinates":[3588,2779]},"properties":{"kind":"wave","scale":1.11}},{"type":"Feature","geometry":{"type":"Point","coordinates":[3681,2765]},"properties":{"kind":"wave","scale":0.92}},{"type":"Feature","geometry":{"type":"Point","coordinates":[3791,2823]},"properties":{"kind":"wave","scale":0.83}},{"type":"Feature","geometry":{"type":"Point","coordinates":[4172,2766]},"properties":{"kind":"wave","scale":1.22}},{"type":"Feature","geometry":{"type":"Point","coordinates":[4240,2760]},"properties":{"kind":"wave","scale":0.87}},{"type":"Feature","geometry":{"type":"Point","coordinates":[4276,2789]},"properties":{"kind":"wave","scale":0.93}},{"type":"Feature","geometry":{"type":"Point","coordinates":[4373,2793]},"properties":{"kind":"wave","scale":0.98}},{"type":"Feature","geometry":{"type":"Point","coordinates":[4465,2801]},"properties":{"kind":"wave","scale":0.92}},{"type":"Feature","geometry":{"type":"Point","coordinates":[4634,2782]},"properties":{"kind":"wave","scale":1.2}},{"type":"Feature","geometry":{"type":"Point","coordinates":[4687,2755]},"properties":{"kind":"wave","scale":0.82}},{"type":"Feature","geometry":{"type":"Point","coordinates":[4820,2754]},"properties":{"kind":"wave","scale":1.19}},{"type":"Feature","geometry":{"type":"Point","coordinates":[5770,2751]},"properties":{"kind":"wave","scale":1.04}},{"type":"Feature","geometry":{"type":"Point","coordinates":[5852,2796]},"properties":{"kind":"wave","scale":0.84}},{"type":"Feature","geometry":{"type":"Point","coordinates":[5896,2753]},"properties":{"kind":"wave","scale":1.04}},{"type":"Feature","geometry":{"type":"Point","coordinates":[6041,2791]},"properties":{"kind":"wave","scale":0.95}},{"type":"Feature","geometry":{"type":"Point","coordinates":[6425,2779]},"properties":{"kind":"wave","scale":0.95}},{"type":"Feature","geometry":{"type":"Point","coordinates":[6481,2769]},"properties":{"kind":"wave","scale":1.17}},{"type":"Feature","geometry":{"type":"Point","coordinates":[6690,2835]},"properties":{"kind":"wave","scale":0.92}},{"type":"Feature","geometry":{"type":"Point","coordinates":[6721,2803]},"properties":{"kind":"wave","scale":0.9}},{"type":"Feature","geometry":{"type":"Point","coordinates":[6797,2748]},"properties":{"kind":"wave","scale":0.9}},{"type":"Feature","geometry":{"type":"Point","coordinates":[6940,2794]},"properties":{"kind":"wave","scale":0.91}},{"type":"Feature","geometry":{"type":"Point","coordinates":[6978,2801]},"properties":{"kind":"wave","scale":0.88}},{"type":"Feature","geometry":{"type":"Point","coordinates":[7092,2771]},"properties":{"kind":"wave","scale":1.24}},{"type":"Feature","geometry":{"type":"Point","coordinates":[7956,2830]},"properties":{"kind":"wave","scale":0.91}},{"type":"Feature","geometry":{"type":"Point","coordinates":[8021,2780]},"properties":{"kind":"wave","scale":0.99}},{"type":"Feature","geometry":{"type":"Point","coordinates":[8089,2815]},"properties":{"kind":"wave","scale":0.75}},{"type":"Feature","geometry":{"type":"Point","coordinates":[8146,2789]},"properties":{"kind":"wave","scale":1.2}},{"type":"Feature","geometry":{"type":"Point","coordinates":[8381,2807]},"properties":{"kind":"wave","scale":0.91}},{"type":"Feature","geometry":{"type":"Point","coordinates":[8470,2819]},"properties":{"kind":"wave","scale":0.76}},{"type":"Feature","geometry":{"type":"Point","coordinates":[8506,2805]},"properties":{"kind":"wave","scale":1.09}},{"type":"Feature","geometry":{"type":"Point","coordinates":[8611,2812]},"properties":{"kind":"wave","scale":0.83}},{"type":"Feature","geometry":{"type":"Point","coordinates":[8754,2812]},"properties":{"kind":"wave","scale":1.22}},{"type":"Feature","geometry":{"type":"Point","coordinates":[8852,2799]},"properties":{"kind":"wave","scale":0.92}},{"type":"Feature","geometry":{"type":"Point","coordinates":[8907,2801]},"properties":{"kind":"wave","scale":1}},{"type":"Feature","geometry":{"type":"Point","coordinates":[9032,2778]},"properties":{"kind":"wave","scale":1.19}},{"type":"Feature","geometry":{"type":"Point","coordinates":[9077,2802]},"properties":{"kind":"wave","scale":0.89}},{"type":"Feature","geometry":{"type":"Point","coordinates":[9193,2808]},"properties":{"kind":"wave","scale":1.17}},{"type":"Feature","geometry":{"type":"Point","coordinates":[9297,2788]},"properties":{"kind":"wave","scale":0.83}},{"type":"Feature","geometry":{"type":"Point","coordinates":[9330,2814]},"properties":{"kind":"wave","scale":0.98}},{"type":"Feature","geometry":{"type":"Point","coordinates":[9463,2748]},"properties":{"kind":"wave","scale":1.09}},{"type":"Feature","geometry":{"type":"Point","coordinates":[9507,2809]},"properties":{"kind":"wave","scale":0.78}},{"type":"Feature","geometry":{"type":"Point","coordinates":[9589,2767]},"properties":{"kind":"wave","scale":0.96}},{"type":"Feature","geometry":{"type":"Point","coordinates":[9733,2749]},"properties":{"kind":"wave","scale":0.77}},{"type":"Feature","geometry":{"type":"Point","coordinates":[9787,2789]},"properties":{"kind":"wave","scale":0.76}},{"type":"Feature","geometry":{"type":"Point","coordinates":[9910,2749]},"properties":{"kind":"wave","scale":1.16}},{"type":"Feature","geometry":{"type":"Point","coordinates":[127,2903]},"properties":{"kind":"wave","scale":1.14}},{"type":"Feature","geometry":{"type":"Point","coordinates":[158,2886]},"properties":{"kind":"wave","scale":0.87}},{"type":"Feature","geometry":{"type":"Point","coordinates":[282,2874]},"properties":{"kind":"wave","scale":0.95}},{"type":"Feature","geometry":{"type":"Point","coordinates":[323,2874]},"properties":{"kind":"wave","scale":0.87}},{"type":"Feature","geometry":{"type":"Point","coordinates":[493,2919]},"properties":{"kind":"wave","scale":0.82}},{"type":"Feature","geometry":{"type":"Point","coordinates":[584,2916]},"properties":{"kind":"wave","scale":0.92}},{"type":"Feature","geometry":{"type":"Point","coordinates":[638,2854]},"properties":{"kind":"wave","scale":1.22}},{"type":"Feature","geometry":{"type":"Point","coordinates":[694,2866]},"properties":{"kind":"wave","scale":0.98}},{"type":"Feature","geometry":{"type":"Point","coordinates":[817,2878]},"properties":{"kind":"wave","scale":0.88}},{"type":"Feature","geometry":{"type":"Point","coordinates":[914,2868]},"properties":{"kind":"wave","scale":1.14}},{"type":"Feature","geometry":{"type":"Point","coordinates":[990,2875]},"properties":{"kind":"wave","scale":0.86}},{"type":"Feature","geometry":{"type":"Point","coordinates":[1058,2850]},"properties":{"kind":"wave","scale":0.85}},{"type":"Feature","geometry":{"type":"Point","coordinates":[1169,2918]},"properties":{"kind":"wave","scale":1.01}},{"type":"Feature","geometry":{"type":"Point","coordinates":[1219,2923]},"properties":{"kind":"wave","scale":1.03}},{"type":"Feature","geometry":{"type":"Point","coordinates":[1375,2905]},"properties":{"kind":"wave","scale":0.91}},{"type":"Feature","geometry":{"type":"Point","coordinates":[1422,2879]},"properties":{"kind":"wave","scale":0.98}},{"type":"Feature","geometry":{"type":"Point","coordinates":[1558,2891]},"properties":{"kind":"wave","scale":1}},{"type":"Feature","geometry":{"type":"Point","coordinates":[1633,2870]},"properties":{"kind":"wave","scale":0.81}},{"type":"Feature","geometry":{"type":"Point","coordinates":[1710,2906]},"properties":{"kind":"wave","scale":0.79}},{"type":"Feature","geometry":{"type":"Point","coordinates":[1773,2888]},"properties":{"kind":"wave","scale":1.05}},{"type":"Feature","geometry":{"type":"Point","coordinates":[1909,2889]},"properties":{"kind":"wave","scale":0.79}},{"type":"Feature","geometry":{"type":"Point","coordinates":[2005,2896]},"properties":{"kind":"wave","scale":1.08}},{"type":"Feature","geometry":{"type":"Point","coordinates":[2088,2894]},"properties":{"kind":"wave","scale":0.99}},{"type":"Feature","geometry":{"type":"Point","coordinates":[2166,2835]},"properties":{"kind":"wave","scale":0.79}},{"type":"Feature","geometry":{"type":"Point","coordinates":[2271,2893]},"properties":{"kind":"wave","scale":0.97}},{"type":"Feature","geometry":{"type":"Point","coordinates":[2329,2842]},"properties":{"kind":"wave","scale":0.99}},{"type":"Feature","geometry":{"type":"Point","coordinates":[2447,2864]},"properties":{"kind":"wave","scale":1.12}},{"type":"Feature","geometry":{"type":"Point","coordinates":[2636,2850]},"properties":{"kind":"wave","scale":0.79}},{"type":"Feature","geometry":{"type":"Point","coordinates":[2659,2840]},"properties":{"kind":"wave","scale":0.81}},{"type":"Feature","geometry":{"type":"Point","coordinates":[2811,2901]},"properties":{"kind":"wave","scale":1.03}},{"type":"Feature","geometry":{"type":"Point","coordinates":[2894,2869]},"properties":{"kind":"wave","scale":1.1}},{"type":"Feature","geometry":{"type":"Point","coordinates":[2987,2866]},"properties":{"kind":"wave","scale":1.02}},{"type":"Feature","geometry":{"type":"Point","coordinates":[3025,2916]},"properties":{"kind":"wave","scale":0.81}},{"type":"Feature","geometry":{"type":"Point","coordinates":[3145,2883]},"properties":{"kind":"wave","scale":0.98}},{"type":"Feature","geometry":{"type":"Point","coordinates":[3222,2910]},"properties":{"kind":"wave","scale":0.75}},{"type":"Feature","geometry":{"type":"Point","coordinates":[3371,2837]},"properties":{"kind":"wave","scale":1}},{"type":"Feature","geometry":{"type":"Point","coordinates":[3423,2903]},"properties":{"kind":"wave","scale":1.17}},{"type":"Feature","geometry":{"type":"Point","coordinates":[3692,2899]},"properties":{"kind":"wave","scale":1.17}},{"type":"Feature","geometry":{"type":"Point","coordinates":[3822,2861]},"properties":{"kind":"wave","scale":1.17}},{"type":"Feature","geometry":{"type":"Point","coordinates":[3906,2892]},"properties":{"kind":"wave","scale":0.91}},{"type":"Feature","geometry":{"type":"Point","coordinates":[3941,2919]},"properties":{"kind":"wave","scale":0.97}},{"type":"Feature","geometry":{"type":"Point","coordinates":[4183,2835]},"properties":{"kind":"wave","scale":0.87}},{"type":"Feature","geometry":{"type":"Point","coordinates":[4188,2897]},"properties":{"kind":"wave","scale":1.22}},{"type":"Feature","geometry":{"type":"Point","coordinates":[4322,2905]},"properties":{"kind":"wave","scale":0.97}},{"type":"Feature","geometry":{"type":"Point","coordinates":[4390,2888]},"properties":{"kind":"wave","scale":1.01}},{"type":"Feature","geometry":{"type":"Point","coordinates":[4471,2913]},"properties":{"kind":"wave","scale":1.05}},{"type":"Feature","geometry":{"type":"Point","coordinates":[4621,2894]},"properties":{"kind":"wave","scale":0.99}},{"type":"Feature","geometry":{"type":"Point","coordinates":[4675,2898]},"properties":{"kind":"wave","scale":1.11}},{"type":"Feature","geometry":{"type":"Point","coordinates":[4780,2896]},"properties":{"kind":"wave","scale":1.06}},{"type":"Feature","geometry":{"type":"Point","coordinates":[4895,2917]},"properties":{"kind":"wave","scale":1.23}},{"type":"Feature","geometry":{"type":"Point","coordinates":[4937,2898]},"properties":{"kind":"wave","scale":1.19}},{"type":"Feature","geometry":{"type":"Point","coordinates":[5425,2898]},"properties":{"kind":"wave","scale":1.24}},{"type":"Feature","geometry":{"type":"Point","coordinates":[5477,2908]},"properties":{"kind":"wave","scale":0.81}},{"type":"Feature","geometry":{"type":"Point","coordinates":[5704,2900]},"properties":{"kind":"wave","scale":0.91}},{"type":"Feature","geometry":{"type":"Point","coordinates":[5728,2839]},"properties":{"kind":"wave","scale":0.8}},{"type":"Feature","geometry":{"type":"Point","coordinates":[6016,2882]},"properties":{"kind":"wave","scale":1.03}},{"type":"Feature","geometry":{"type":"Point","coordinates":[6406,2889]},"properties":{"kind":"wave","scale":1.01}},{"type":"Feature","geometry":{"type":"Point","coordinates":[6690,2837]},"properties":{"kind":"wave","scale":0.9}},{"type":"Feature","geometry":{"type":"Point","coordinates":[6792,2910]},"properties":{"kind":"wave","scale":0.96}},{"type":"Feature","geometry":{"type":"Point","coordinates":[6883,2853]},"properties":{"kind":"wave","scale":1.08}},{"type":"Feature","geometry":{"type":"Point","coordinates":[6923,2864]},"properties":{"kind":"wave","scale":1.02}},{"type":"Feature","geometry":{"type":"Point","coordinates":[7005,2867]},"properties":{"kind":"wave","scale":0.94}},{"type":"Feature","geometry":{"type":"Point","coordinates":[7082,2891]},"properties":{"kind":"wave","scale":0.85}},{"type":"Feature","geometry":{"type":"Point","coordinates":[7869,2890]},"properties":{"kind":"wave","scale":1.13}},{"type":"Feature","geometry":{"type":"Point","coordinates":[7893,2888]},"properties":{"kind":"wave","scale":1.13}},{"type":"Feature","geometry":{"type":"Point","coordinates":[8034,2846]},"properties":{"kind":"wave","scale":0.97}},{"type":"Feature","geometry":{"type":"Point","coordinates":[8073,2904]},"properties":{"kind":"wave","scale":0.78}},{"type":"Feature","geometry":{"type":"Point","coordinates":[8182,2894]},"properties":{"kind":"wave","scale":1.08}},{"type":"Feature","geometry":{"type":"Point","coordinates":[8317,2922]},"properties":{"kind":"wave","scale":0.86}},{"type":"Feature","geometry":{"type":"Point","coordinates":[8387,2904]},"properties":{"kind":"wave","scale":1.14}},{"type":"Feature","geometry":{"type":"Point","coordinates":[8485,2901]},"properties":{"kind":"wave","scale":1.21}},{"type":"Feature","geometry":{"type":"Point","coordinates":[8549,2846]},"properties":{"kind":"wave","scale":1.22}},{"type":"Feature","geometry":{"type":"Point","coordinates":[8671,2922]},"properties":{"kind":"wave","scale":0.8}},{"type":"Feature","geometry":{"type":"Point","coordinates":[8745,2893]},"properties":{"kind":"wave","scale":0.86}},{"type":"Feature","geometry":{"type":"Point","coordinates":[8840,2898]},"properties":{"kind":"wave","scale":0.78}},{"type":"Feature","geometry":{"type":"Point","coordinates":[8927,2849]},"properties":{"kind":"wave","scale":1.16}},{"type":"Feature","geometry":{"type":"Point","coordinates":[8964,2901]},"properties":{"kind":"wave","scale":0.91}},{"type":"Feature","geometry":{"type":"Point","coordinates":[9105,2896]},"properties":{"kind":"wave","scale":0.78}},{"type":"Feature","geometry":{"type":"Point","coordinates":[9141,2918]},"properties":{"kind":"wave","scale":0.99}},{"type":"Feature","geometry":{"type":"Point","coordinates":[9293,2837]},"properties":{"kind":"wave","scale":0.82}},{"type":"Feature","geometry":{"type":"Point","coordinates":[9348,2890]},"properties":{"kind":"wave","scale":0.97}},{"type":"Feature","geometry":{"type":"Point","coordinates":[9461,2861]},"properties":{"kind":"wave","scale":0.81}},{"type":"Feature","geometry":{"type":"Point","coordinates":[9510,2879]},"properties":{"kind":"wave","scale":1.12}},{"type":"Feature","geometry":{"type":"Point","coordinates":[9631,2869]},"properties":{"kind":"wave","scale":0.83}},{"type":"Feature","geometry":{"type":"Point","coordinates":[9708,2904]},"properties":{"kind":"wave","scale":0.84}},{"type":"Feature","geometry":{"type":"Point","coordinates":[9797,2923]},"properties":{"kind":"wave","scale":1.03}},{"type":"Feature","geometry":{"type":"Point","coordinates":[9875,2918]},"properties":{"kind":"wave","scale":0.78}},{"type":"Feature","geometry":{"type":"Point","coordinates":[9997,2851]},"properties":{"kind":"wave","scale":0.97}},{"type":"Feature","geometry":{"type":"Point","coordinates":[20,2982]},"properties":{"kind":"wave","scale":1.06}},{"type":"Feature","geometry":{"type":"Point","coordinates":[133,2956]},"properties":{"kind":"wave","scale":1.16}},{"type":"Feature","geometry":{"type":"Point","coordinates":[180,2928]},"properties":{"kind":"wave","scale":1.01}},{"type":"Feature","geometry":{"type":"Point","coordinates":[260,2942]},"properties":{"kind":"wave","scale":1.13}},{"type":"Feature","geometry":{"type":"Point","coordinates":[539,2944]},"properties":{"kind":"wave","scale":1.08}},{"type":"Feature","geometry":{"type":"Point","coordinates":[633,2983]},"properties":{"kind":"wave","scale":1.03}},{"type":"Feature","geometry":{"type":"Point","coordinates":[772,2986]},"properties":{"kind":"wave","scale":0.82}},{"type":"Feature","geometry":{"type":"Point","coordinates":[920,2984]},"properties":{"kind":"wave","scale":1}},{"type":"Feature","geometry":{"type":"Point","coordinates":[948,2926]},"properties":{"kind":"wave","scale":1.21}},{"type":"Feature","geometry":{"type":"Point","coordinates":[1038,2968]},"properties":{"kind":"wave","scale":1.16}},{"type":"Feature","geometry":{"type":"Point","coordinates":[1163,2982]},"properties":{"kind":"wave","scale":1.07}},{"type":"Feature","geometry":{"type":"Point","coordinates":[1273,2980]},"properties":{"kind":"wave","scale":1}},{"type":"Feature","geometry":{"type":"Point","coordinates":[1582,2936]},"properties":{"kind":"wave","scale":0.89}},{"type":"Feature","geometry":{"type":"Point","coordinates":[1709,2941]},"properties":{"kind":"wave","scale":1.03}},{"type":"Feature","geometry":{"type":"Point","coordinates":[1814,2960]},"properties":{"kind":"wave","scale":0.97}},{"type":"Feature","geometry":{"type":"Point","coordinates":[1880,2960]},"properties":{"kind":"wave","scale":0.8}},{"type":"Feature","geometry":{"type":"Point","coordinates":[1936,3007]},"properties":{"kind":"wave","scale":0.89}},{"type":"Feature","geometry":{"type":"Point","coordinates":[2112,3009]},"properties":{"kind":"wave","scale":0.75}},{"type":"Feature","geometry":{"type":"Point","coordinates":[2133,3004]},"properties":{"kind":"wave","scale":0.75}},{"type":"Feature","geometry":{"type":"Point","coordinates":[2635,2992]},"properties":{"kind":"wave","scale":0.77}},{"type":"Feature","geometry":{"type":"Point","coordinates":[2658,2963]},"properties":{"kind":"wave","scale":1.05}},{"type":"Feature","geometry":{"type":"Point","coordinates":[2807,2952]},"properties":{"kind":"wave","scale":1.03}},{"type":"Feature","geometry":{"type":"Point","coordinates":[2918,2981]},"properties":{"kind":"wave","scale":1.18}},{"type":"Feature","geometry":{"type":"Point","coordinates":[2978,2954]},"properties":{"kind":"wave","scale":1.07}},{"type":"Feature","geometry":{"type":"Point","coordinates":[3176,2956]},"properties":{"kind":"wave","scale":1.17}},{"type":"Feature","geometry":{"type":"Point","coordinates":[3201,2958]},"properties":{"kind":"wave","scale":1.25}},{"type":"Feature","geometry":{"type":"Point","coordinates":[3374,2988]},"properties":{"kind":"wave","scale":0.76}},{"type":"Feature","geometry":{"type":"Point","coordinates":[3418,2996]},"properties":{"kind":"wave","scale":1.13}},{"type":"Feature","geometry":{"type":"Point","coordinates":[3630,2972]},"properties":{"kind":"wave","scale":0.86}},{"type":"Feature","geometry":{"type":"Point","coordinates":[3669,3002]},"properties":{"kind":"wave","scale":0.87}},{"type":"Feature","geometry":{"type":"Point","coordinates":[3790,2953]},"properties":{"kind":"wave","scale":1.07}},{"type":"Feature","geometry":{"type":"Point","coordinates":[3837,2946]},"properties":{"kind":"wave","scale":0.93}},{"type":"Feature","geometry":{"type":"Point","coordinates":[3934,2937]},"properties":{"kind":"wave","scale":1.24}},{"type":"Feature","geometry":{"type":"Point","coordinates":[4016,2948]},"properties":{"kind":"wave","scale":1}},{"type":"Feature","geometry":{"type":"Point","coordinates":[4182,2953]},"properties":{"kind":"wave","scale":0.79}},{"type":"Feature","geometry":{"type":"Point","coordinates":[4204,2957]},"properties":{"kind":"wave","scale":1.03}},{"type":"Feature","geometry":{"type":"Point","coordinates":[4345,2938]},"properties":{"kind":"wave","scale":1.02}},{"type":"Feature","geometry":{"type":"Point","coordinates":[4376,2949]},"properties":{"kind":"wave","scale":0.81}},{"type":"Feature","geometry":{"type":"Point","coordinates":[4472,2958]},"properties":{"kind":"wave","scale":0.99}},{"type":"Feature","geometry":{"type":"Point","coordinates":[4621,2938]},"properties":{"kind":"wave","scale":1}},{"type":"Feature","geometry":{"type":"Point","coordinates":[4652,2962]},"properties":{"kind":"wave","scale":0.94}},{"type":"Feature","geometry":{"type":"Point","coordinates":[4951,2984]},"properties":{"kind":"wave","scale":0.76}},{"type":"Feature","geometry":{"type":"Point","coordinates":[5036,2993]},"properties":{"kind":"wave","scale":0.97}},{"type":"Feature","geometry":{"type":"Point","coordinates":[5128,3014]},"properties":{"kind":"wave","scale":0.97}},{"type":"Feature","geometry":{"type":"Point","coordinates":[5215,3014]},"properties":{"kind":"wave","scale":1.05}},{"type":"Feature","geometry":{"type":"Point","coordinates":[5331,2988]},"properties":{"kind":"wave","scale":1.22}},{"type":"Feature","geometry":{"type":"Point","coordinates":[5394,2960]},"properties":{"kind":"wave","scale":0.87}},{"type":"Feature","geometry":{"type":"Point","coordinates":[5518,2935]},"properties":{"kind":"wave","scale":1.02}},{"type":"Feature","geometry":{"type":"Point","coordinates":[5625,3012]},"properties":{"kind":"wave","scale":1.01}},{"type":"Feature","geometry":{"type":"Point","coordinates":[5702,2953]},"properties":{"kind":"wave","scale":1.1}},{"type":"Feature","geometry":{"type":"Point","coordinates":[5770,2929]},"properties":{"kind":"wave","scale":0.88}},{"type":"Feature","geometry":{"type":"Point","coordinates":[5908,2958]},"properties":{"kind":"wave","scale":0.9}},{"type":"Feature","geometry":{"type":"Point","coordinates":[6691,2957]},"properties":{"kind":"wave","scale":0.82}},{"type":"Feature","geometry":{"type":"Point","coordinates":[6737,2998]},"properties":{"kind":"wave","scale":1.1}},{"type":"Feature","geometry":{"type":"Point","coordinates":[6867,2999]},"properties":{"kind":"wave","scale":0.76}},{"type":"Feature","geometry":{"type":"Point","coordinates":[6963,3005]},"properties":{"kind":"wave","scale":1.07}},{"type":"Feature","geometry":{"type":"Point","coordinates":[6976,2983]},"properties":{"kind":"wave","scale":0.76}},{"type":"Feature","geometry":{"type":"Point","coordinates":[7108,2986]},"properties":{"kind":"wave","scale":1.17}},{"type":"Feature","geometry":{"type":"Point","coordinates":[7552,2966]},"properties":{"kind":"wave","scale":0.85}},{"type":"Feature","geometry":{"type":"Point","coordinates":[8059,2938]},"properties":{"kind":"wave","scale":1.2}},{"type":"Feature","geometry":{"type":"Point","coordinates":[8176,3004]},"properties":{"kind":"wave","scale":0.94}},{"type":"Feature","geometry":{"type":"Point","coordinates":[8476,2964]},"properties":{"kind":"wave","scale":0.99}},{"type":"Feature","geometry":{"type":"Point","coordinates":[8569,2973]},"properties":{"kind":"wave","scale":0.86}},{"type":"Feature","geometry":{"type":"Point","coordinates":[8600,2956]},"properties":{"kind":"wave","scale":0.96}},{"type":"Feature","geometry":{"type":"Point","coordinates":[8738,2937]},"properties":{"kind":"wave","scale":0.97}},{"type":"Feature","geometry":{"type":"Point","coordinates":[8841,2938]},"properties":{"kind":"wave","scale":0.94}},{"type":"Feature","geometry":{"type":"Point","coordinates":[8899,2931]},"properties":{"kind":"wave","scale":1.05}},{"type":"Feature","geometry":{"type":"Point","coordinates":[9134,2983]},"properties":{"kind":"wave","scale":0.76}},{"type":"Feature","geometry":{"type":"Point","coordinates":[9141,2951]},"properties":{"kind":"wave","scale":0.96}},{"type":"Feature","geometry":{"type":"Point","coordinates":[9524,2977]},"properties":{"kind":"wave","scale":0.8}},{"type":"Feature","geometry":{"type":"Point","coordinates":[9593,2936]},"properties":{"kind":"wave","scale":1.04}},{"type":"Feature","geometry":{"type":"Point","coordinates":[9695,2947]},"properties":{"kind":"wave","scale":1.12}},{"type":"Feature","geometry":{"type":"Point","coordinates":[836,3055]},"properties":{"kind":"wave","scale":1.23}},{"type":"Feature","geometry":{"type":"Point","coordinates":[870,3086]},"properties":{"kind":"wave","scale":1.06}},{"type":"Feature","geometry":{"type":"Point","coordinates":[951,3016]},"properties":{"kind":"wave","scale":1.06}},{"type":"Feature","geometry":{"type":"Point","coordinates":[1296,3042]},"properties":{"kind":"wave","scale":1.02}},{"type":"Feature","geometry":{"type":"Point","coordinates":[1671,3035]},"properties":{"kind":"wave","scale":1.04}},{"type":"Feature","geometry":{"type":"Point","coordinates":[1994,3029]},"properties":{"kind":"wave","scale":0.82}},{"type":"Feature","geometry":{"type":"Point","coordinates":[2074,3057]},"properties":{"kind":"wave","scale":1.19}},{"type":"Feature","geometry":{"type":"Point","coordinates":[2175,3055]},"properties":{"kind":"wave","scale":0.9}},{"type":"Feature","geometry":{"type":"Point","coordinates":[2608,3019]},"properties":{"kind":"wave","scale":1.19}},{"type":"Feature","geometry":{"type":"Point","coordinates":[2737,3099]},"properties":{"kind":"wave","scale":1.01}},{"type":"Feature","geometry":{"type":"Point","coordinates":[2794,3087]},"properties":{"kind":"wave","scale":1.17}},{"type":"Feature","geometry":{"type":"Point","coordinates":[3296,3017]},"properties":{"kind":"wave","scale":0.91}},{"type":"Feature","geometry":{"type":"Point","coordinates":[3381,3052]},"properties":{"kind":"wave","scale":0.94}},{"type":"Feature","geometry":{"type":"Point","coordinates":[3485,3066]},"properties":{"kind":"wave","scale":1.24}},{"type":"Feature","geometry":{"type":"Point","coordinates":[3573,3075]},"properties":{"kind":"wave","scale":1}},{"type":"Feature","geometry":{"type":"Point","coordinates":[3650,3036]},"properties":{"kind":"wave","scale":0.96}},{"type":"Feature","geometry":{"type":"Point","coordinates":[3735,3049]},"properties":{"kind":"wave","scale":0.81}},{"type":"Feature","geometry":{"type":"Point","coordinates":[3878,3024]},"properties":{"kind":"wave","scale":1.18}},{"type":"Feature","geometry":{"type":"Point","coordinates":[3960,3071]},"properties":{"kind":"wave","scale":1.05}},{"type":"Feature","geometry":{"type":"Point","coordinates":[4425,3039]},"properties":{"kind":"wave","scale":0.93}},{"type":"Feature","geometry":{"type":"Point","coordinates":[4504,3041]},"properties":{"kind":"wave","scale":0.75}},{"type":"Feature","geometry":{"type":"Point","coordinates":[4550,3065]},"properties":{"kind":"wave","scale":1.23}},{"type":"Feature","geometry":{"type":"Point","coordinates":[4675,3055]},"properties":{"kind":"wave","scale":1.03}},{"type":"Feature","geometry":{"type":"Point","coordinates":[4763,3071]},"properties":{"kind":"wave","scale":0.76}},{"type":"Feature","geometry":{"type":"Point","coordinates":[4874,3028]},"properties":{"kind":"wave","scale":0.77}},{"type":"Feature","geometry":{"type":"Point","coordinates":[4948,3060]},"properties":{"kind":"wave","scale":0.95}},{"type":"Feature","geometry":{"type":"Point","coordinates":[5039,3051]},"properties":{"kind":"wave","scale":1.05}},{"type":"Feature","geometry":{"type":"Point","coordinates":[5126,3061]},"properties":{"kind":"wave","scale":0.86}},{"type":"Feature","geometry":{"type":"Point","coordinates":[5234,3045]},"properties":{"kind":"wave","scale":1.23}},{"type":"Feature","geometry":{"type":"Point","coordinates":[5326,3083]},"properties":{"kind":"wave","scale":1.23}},{"type":"Feature","geometry":{"type":"Point","coordinates":[5381,3086]},"properties":{"kind":"wave","scale":0.81}},{"type":"Feature","geometry":{"type":"Point","coordinates":[5448,3087]},"properties":{"kind":"wave","scale":0.97}},{"type":"Feature","geometry":{"type":"Point","coordinates":[5580,3036]},"properties":{"kind":"wave","scale":0.88}},{"type":"Feature","geometry":{"type":"Point","coordinates":[5641,3051]},"properties":{"kind":"wave","scale":0.8}},{"type":"Feature","geometry":{"type":"Point","coordinates":[6187,3062]},"properties":{"kind":"wave","scale":1.15}},{"type":"Feature","geometry":{"type":"Point","coordinates":[6609,3093]},"properties":{"kind":"wave","scale":1.03}},{"type":"Feature","geometry":{"type":"Point","coordinates":[6665,3040]},"properties":{"kind":"wave","scale":1.07}},{"type":"Feature","geometry":{"type":"Point","coordinates":[6718,3051]},"properties":{"kind":"wave","scale":0.77}},{"type":"Feature","geometry":{"type":"Point","coordinates":[6872,3093]},"properties":{"kind":"wave","scale":1.13}},{"type":"Feature","geometry":{"type":"Point","coordinates":[6898,3040]},"properties":{"kind":"wave","scale":1.19}},{"type":"Feature","geometry":{"type":"Point","coordinates":[6993,3084]},"properties":{"kind":"wave","scale":0.94}},{"type":"Feature","geometry":{"type":"Point","coordinates":[7130,3070]},"properties":{"kind":"wave","scale":0.82}},{"type":"Feature","geometry":{"type":"Point","coordinates":[7162,3059]},"properties":{"kind":"wave","scale":0.82}},{"type":"Feature","geometry":{"type":"Point","coordinates":[7596,3043]},"properties":{"kind":"wave","scale":0.93}},{"type":"Feature","geometry":{"type":"Point","coordinates":[7616,3040]},"properties":{"kind":"wave","scale":1.11}},{"type":"Feature","geometry":{"type":"Point","coordinates":[8022,3033]},"properties":{"kind":"wave","scale":1.05}},{"type":"Feature","geometry":{"type":"Point","coordinates":[8140,3027]},"properties":{"kind":"wave","scale":1.14}},{"type":"Feature","geometry":{"type":"Point","coordinates":[8179,3077]},"properties":{"kind":"wave","scale":0.85}},{"type":"Feature","geometry":{"type":"Point","coordinates":[715,3161]},"properties":{"kind":"wave","scale":1.25}},{"type":"Feature","geometry":{"type":"Point","coordinates":[846,3154]},"properties":{"kind":"wave","scale":1.16}},{"type":"Feature","geometry":{"type":"Point","coordinates":[897,3194]},"properties":{"kind":"wave","scale":1.04}},{"type":"Feature","geometry":{"type":"Point","coordinates":[962,3119]},"properties":{"kind":"wave","scale":1.1}},{"type":"Feature","geometry":{"type":"Point","coordinates":[1084,3152]},"properties":{"kind":"wave","scale":0.76}},{"type":"Feature","geometry":{"type":"Point","coordinates":[1995,3144]},"properties":{"kind":"wave","scale":1.19}},{"type":"Feature","geometry":{"type":"Point","coordinates":[2098,3137]},"properties":{"kind":"wave","scale":0.88}},{"type":"Feature","geometry":{"type":"Point","coordinates":[2204,3127]},"properties":{"kind":"wave","scale":0.93}},{"type":"Feature","geometry":{"type":"Point","coordinates":[2220,3158]},"properties":{"kind":"wave","scale":0.98}},{"type":"Feature","geometry":{"type":"Point","coordinates":[2533,3193]},"properties":{"kind":"wave","scale":0.92}},{"type":"Feature","geometry":{"type":"Point","coordinates":[2595,3110]},"properties":{"kind":"wave","scale":1.23}},{"type":"Feature","geometry":{"type":"Point","coordinates":[2694,3182]},"properties":{"kind":"wave","scale":0.96}},{"type":"Feature","geometry":{"type":"Point","coordinates":[2795,3157]},"properties":{"kind":"wave","scale":0.88}},{"type":"Feature","geometry":{"type":"Point","coordinates":[2924,3176]},"properties":{"kind":"wave","scale":0.79}},{"type":"Feature","geometry":{"type":"Point","coordinates":[2969,3156]},"properties":{"kind":"wave","scale":0.98}},{"type":"Feature","geometry":{"type":"Point","coordinates":[3056,3171]},"properties":{"kind":"wave","scale":0.89}},{"type":"Feature","geometry":{"type":"Point","coordinates":[3198,3190]},"properties":{"kind":"wave","scale":0.79}},{"type":"Feature","geometry":{"type":"Point","coordinates":[3377,3119]},"properties":{"kind":"wave","scale":1.14}},{"type":"Feature","geometry":{"type":"Point","coordinates":[3504,3107]},"properties":{"kind":"wave","scale":1.08}},{"type":"Feature","geometry":{"type":"Point","coordinates":[3642,3179]},"properties":{"kind":"wave","scale":1.14}},{"type":"Feature","geometry":{"type":"Point","coordinates":[3646,3166]},"properties":{"kind":"wave","scale":0.8}},{"type":"Feature","geometry":{"type":"Point","coordinates":[3755,3194]},"properties":{"kind":"wave","scale":1.07}},{"type":"Feature","geometry":{"type":"Point","coordinates":[3888,3147]},"properties":{"kind":"wave","scale":0.98}},{"type":"Feature","geometry":{"type":"Point","coordinates":[3947,3177]},"properties":{"kind":"wave","scale":1.17}},{"type":"Feature","geometry":{"type":"Point","coordinates":[4028,3123]},"properties":{"kind":"wave","scale":0.81}},{"type":"Feature","geometry":{"type":"Point","coordinates":[4356,3106]},"properties":{"kind":"wave","scale":1}},{"type":"Feature","geometry":{"type":"Point","coordinates":[4413,3154]},"properties":{"kind":"wave","scale":1.09}},{"type":"Feature","geometry":{"type":"Point","coordinates":[4470,3145]},"properties":{"kind":"wave","scale":1.03}},{"type":"Feature","geometry":{"type":"Point","coordinates":[4583,3164]},"properties":{"kind":"wave","scale":1}},{"type":"Feature","geometry":{"type":"Point","coordinates":[4684,3115]},"properties":{"kind":"wave","scale":1.14}},{"type":"Feature","geometry":{"type":"Point","coordinates":[4758,3158]},"properties":{"kind":"wave","scale":0.78}},{"type":"Feature","geometry":{"type":"Point","coordinates":[4879,3106]},"properties":{"kind":"wave","scale":1.13}},{"type":"Feature","geometry":{"type":"Point","coordinates":[4975,3133]},"properties":{"kind":"wave","scale":1.13}},{"type":"Feature","geometry":{"type":"Point","coordinates":[5005,3118]},"properties":{"kind":"wave","scale":1.01}},{"type":"Feature","geometry":{"type":"Point","coordinates":[5264,3171]},"properties":{"kind":"wave","scale":1.11}},{"type":"Feature","geometry":{"type":"Point","coordinates":[5287,3127]},"properties":{"kind":"wave","scale":0.85}},{"type":"Feature","geometry":{"type":"Point","coordinates":[5420,3128]},"properties":{"kind":"wave","scale":1.14}},{"type":"Feature","geometry":{"type":"Point","coordinates":[5464,3191]},"properties":{"kind":"wave","scale":1.06}},{"type":"Feature","geometry":{"type":"Point","coordinates":[6214,3114]},"properties":{"kind":"wave","scale":0.82}},{"type":"Feature","geometry":{"type":"Point","coordinates":[6577,3148]},"properties":{"kind":"wave","scale":1.1}},{"type":"Feature","geometry":{"type":"Point","coordinates":[6670,3149]},"properties":{"kind":"wave","scale":0.9}},{"type":"Feature","geometry":{"type":"Point","coordinates":[6826,3177]},"properties":{"kind":"wave","scale":0.8}},{"type":"Feature","geometry":{"type":"Point","coordinates":[6894,3157]},"properties":{"kind":"wave","scale":0.84}},{"type":"Feature","geometry":{"type":"Point","coordinates":[7004,3146]},"properties":{"kind":"wave","scale":0.94}},{"type":"Feature","geometry":{"type":"Point","coordinates":[7149,3144]},"properties":{"kind":"wave","scale":0.96}},{"type":"Feature","geometry":{"type":"Point","coordinates":[7178,3177]},"properties":{"kind":"wave","scale":1.18}},{"type":"Feature","geometry":{"type":"Point","coordinates":[7979,3134]},"properties":{"kind":"wave","scale":0.77}},{"type":"Feature","geometry":{"type":"Point","coordinates":[8083,3127]},"properties":{"kind":"wave","scale":1.14}},{"type":"Feature","geometry":{"type":"Point","coordinates":[9037,3172]},"properties":{"kind":"wave","scale":0.99}},{"type":"Feature","geometry":{"type":"Point","coordinates":[9165,3165]},"properties":{"kind":"wave","scale":0.84}},{"type":"Feature","geometry":{"type":"Point","coordinates":[630,3218]},"properties":{"kind":"wave","scale":0.85}},{"type":"Feature","geometry":{"type":"Point","coordinates":[704,3261]},"properties":{"kind":"wave","scale":0.85}},{"type":"Feature","geometry":{"type":"Point","coordinates":[832,3267]},"properties":{"kind":"wave","scale":1.12}},{"type":"Feature","geometry":{"type":"Point","coordinates":[877,3240]},"properties":{"kind":"wave","scale":0.99}},{"type":"Feature","geometry":{"type":"Point","coordinates":[1009,3283]},"properties":{"kind":"wave","scale":0.98}},{"type":"Feature","geometry":{"type":"Point","coordinates":[1953,3213]},"properties":{"kind":"wave","scale":0.85}},{"type":"Feature","geometry":{"type":"Point","coordinates":[2113,3235]},"properties":{"kind":"wave","scale":0.92}},{"type":"Feature","geometry":{"type":"Point","coordinates":[2138,3247]},"properties":{"kind":"wave","scale":1.15}},{"type":"Feature","geometry":{"type":"Point","coordinates":[2265,3274]},"properties":{"kind":"wave","scale":0.93}},{"type":"Feature","geometry":{"type":"Point","coordinates":[2353,3259]},"properties":{"kind":"wave","scale":1.2}},{"type":"Feature","geometry":{"type":"Point","coordinates":[2473,3250]},"properties":{"kind":"wave","scale":1.01}},{"type":"Feature","geometry":{"type":"Point","coordinates":[2478,3205]},"properties":{"kind":"wave","scale":0.87}},{"type":"Feature","geometry":{"type":"Point","coordinates":[2610,3205]},"properties":{"kind":"wave","scale":0.8}},{"type":"Feature","geometry":{"type":"Point","coordinates":[2703,3226]},"properties":{"kind":"wave","scale":1.02}},{"type":"Feature","geometry":{"type":"Point","coordinates":[2747,3271]},"properties":{"kind":"wave","scale":0.8}},{"type":"Feature","geometry":{"type":"Point","coordinates":[2872,3243]},"properties":{"kind":"wave","scale":1.08}},{"type":"Feature","geometry":{"type":"Point","coordinates":[3000,3259]},"properties":{"kind":"wave","scale":1.24}},{"type":"Feature","geometry":{"type":"Point","coordinates":[3095,3225]},"properties":{"kind":"wave","scale":1.13}},{"type":"Feature","geometry":{"type":"Point","coordinates":[3132,3271]},"properties":{"kind":"wave","scale":1.22}},{"type":"Feature","geometry":{"type":"Point","coordinates":[3260,3280]},"properties":{"kind":"wave","scale":1.1}},{"type":"Feature","geometry":{"type":"Point","coordinates":[3379,3244]},"properties":{"kind":"wave","scale":0.95}},{"type":"Feature","geometry":{"type":"Point","coordinates":[3518,3268]},"properties":{"kind":"wave","scale":0.87}},{"type":"Feature","geometry":{"type":"Point","coordinates":[3604,3209]},"properties":{"kind":"wave","scale":1.18}},{"type":"Feature","geometry":{"type":"Point","coordinates":[3729,3255]},"properties":{"kind":"wave","scale":1.22}},{"type":"Feature","geometry":{"type":"Point","coordinates":[3809,3208]},"properties":{"kind":"wave","scale":0.92}},{"type":"Feature","geometry":{"type":"Point","coordinates":[3841,3221]},"properties":{"kind":"wave","scale":1.05}},{"type":"Feature","geometry":{"type":"Point","coordinates":[3968,3261]},"properties":{"kind":"wave","scale":1.05}},{"type":"Feature","geometry":{"type":"Point","coordinates":[4033,3256]},"properties":{"kind":"wave","scale":1.23}},{"type":"Feature","geometry":{"type":"Point","coordinates":[4422,3239]},"properties":{"kind":"wave","scale":1.18}},{"type":"Feature","geometry":{"type":"Point","coordinates":[4488,3244]},"properties":{"kind":"wave","scale":0.84}},{"type":"Feature","geometry":{"type":"Point","coordinates":[4547,3202]},"properties":{"kind":"wave","scale":0.87}},{"type":"Feature","geometry":{"type":"Point","coordinates":[4656,3198]},"properties":{"kind":"wave","scale":1.23}},{"type":"Feature","geometry":{"type":"Point","coordinates":[4773,3255]},"properties":{"kind":"wave","scale":1.17}},{"type":"Feature","geometry":{"type":"Point","coordinates":[4852,3245]},"properties":{"kind":"wave","scale":0.87}},{"type":"Feature","geometry":{"type":"Point","coordinates":[4927,3242]},"properties":{"kind":"wave","scale":1.25}},{"type":"Feature","geometry":{"type":"Point","coordinates":[5121,3199]},"properties":{"kind":"wave","scale":1.15}},{"type":"Feature","geometry":{"type":"Point","coordinates":[5239,3263]},"properties":{"kind":"wave","scale":0.76}},{"type":"Feature","geometry":{"type":"Point","coordinates":[5283,3209]},"properties":{"kind":"wave","scale":1.07}},{"type":"Feature","geometry":{"type":"Point","coordinates":[5442,3234]},"properties":{"kind":"wave","scale":0.86}},{"type":"Feature","geometry":{"type":"Point","coordinates":[5524,3209]},"properties":{"kind":"wave","scale":1.03}},{"type":"Feature","geometry":{"type":"Point","coordinates":[6055,3270]},"properties":{"kind":"wave","scale":0.81}},{"type":"Feature","geometry":{"type":"Point","coordinates":[6495,3234]},"properties":{"kind":"wave","scale":1.18}},{"type":"Feature","geometry":{"type":"Point","coordinates":[6689,3214]},"properties":{"kind":"wave","scale":1.24}},{"type":"Feature","geometry":{"type":"Point","coordinates":[6713,3223]},"properties":{"kind":"wave","scale":1.24}},{"type":"Feature","geometry":{"type":"Point","coordinates":[6829,3238]},"properties":{"kind":"wave","scale":1.22}},{"type":"Feature","geometry":{"type":"Point","coordinates":[6897,3245]},"properties":{"kind":"wave","scale":1.04}},{"type":"Feature","geometry":{"type":"Point","coordinates":[7043,3211]},"properties":{"kind":"wave","scale":0.92}},{"type":"Feature","geometry":{"type":"Point","coordinates":[7094,3223]},"properties":{"kind":"wave","scale":0.78}},{"type":"Feature","geometry":{"type":"Point","coordinates":[7169,3268]},"properties":{"kind":"wave","scale":1.06}},{"type":"Feature","geometry":{"type":"Point","coordinates":[7944,3230]},"properties":{"kind":"wave","scale":0.85}},{"type":"Feature","geometry":{"type":"Point","coordinates":[7996,3273]},"properties":{"kind":"wave","scale":0.79}},{"type":"Feature","geometry":{"type":"Point","coordinates":[8070,3228]},"properties":{"kind":"wave","scale":1.15}},{"type":"Feature","geometry":{"type":"Point","coordinates":[8167,3247]},"properties":{"kind":"wave","scale":0.95}},{"type":"Feature","geometry":{"type":"Point","coordinates":[8634,3220]},"properties":{"kind":"wave","scale":0.78}},{"type":"Feature","geometry":{"type":"Point","coordinates":[8768,3203]},"properties":{"kind":"wave","scale":1.12}},{"type":"Feature","geometry":{"type":"Point","coordinates":[8777,3271]},"properties":{"kind":"wave","scale":0.99}},{"type":"Feature","geometry":{"type":"Point","coordinates":[8937,3203]},"properties":{"kind":"wave","scale":1.03}},{"type":"Feature","geometry":{"type":"Point","coordinates":[8957,3240]},"properties":{"kind":"wave","scale":0.92}},{"type":"Feature","geometry":{"type":"Point","coordinates":[9060,3232]},"properties":{"kind":"wave","scale":0.88}},{"type":"Feature","geometry":{"type":"Point","coordinates":[9163,3249]},"properties":{"kind":"wave","scale":0.91}},{"type":"Feature","geometry":{"type":"Point","coordinates":[9282,3208]},"properties":{"kind":"wave","scale":1.07}},{"type":"Feature","geometry":{"type":"Point","coordinates":[9362,3236]},"properties":{"kind":"wave","scale":0.89}},{"type":"Feature","geometry":{"type":"Point","coordinates":[9470,3276]},"properties":{"kind":"wave","scale":0.97}},{"type":"Feature","geometry":{"type":"Point","coordinates":[9545,3217]},"properties":{"kind":"wave","scale":1.17}},{"type":"Feature","geometry":{"type":"Point","coordinates":[521,3327]},"properties":{"kind":"wave","scale":0.99}},{"type":"Feature","geometry":{"type":"Point","coordinates":[660,3359]},"properties":{"kind":"wave","scale":0.85}},{"type":"Feature","geometry":{"type":"Point","coordinates":[699,3359]},"properties":{"kind":"wave","scale":1.02}},{"type":"Feature","geometry":{"type":"Point","coordinates":[846,3355]},"properties":{"kind":"wave","scale":0.82}},{"type":"Feature","geometry":{"type":"Point","coordinates":[1013,3288]},"properties":{"kind":"wave","scale":1.07}},{"type":"Feature","geometry":{"type":"Point","coordinates":[1919,3312]},"properties":{"kind":"wave","scale":1}},{"type":"Feature","geometry":{"type":"Point","coordinates":[1994,3342]},"properties":{"kind":"wave","scale":1.12}},{"type":"Feature","geometry":{"type":"Point","coordinates":[2110,3330]},"properties":{"kind":"wave","scale":1.09}},{"type":"Feature","geometry":{"type":"Point","coordinates":[2126,3325]},"properties":{"kind":"wave","scale":1.19}},{"type":"Feature","geometry":{"type":"Point","coordinates":[2295,3324]},"properties":{"kind":"wave","scale":1.15}},{"type":"Feature","geometry":{"type":"Point","coordinates":[2376,3308]},"properties":{"kind":"wave","scale":1.2}},{"type":"Feature","geometry":{"type":"Point","coordinates":[2451,3352]},"properties":{"kind":"wave","scale":0.84}},{"type":"Feature","geometry":{"type":"Point","coordinates":[2698,3345]},"properties":{"kind":"wave","scale":1.03}},{"type":"Feature","geometry":{"type":"Point","coordinates":[2768,3330]},"properties":{"kind":"wave","scale":0.95}},{"type":"Feature","geometry":{"type":"Point","coordinates":[2840,3316]},"properties":{"kind":"wave","scale":0.89}},{"type":"Feature","geometry":{"type":"Point","coordinates":[3013,3335]},"properties":{"kind":"wave","scale":0.77}},{"type":"Feature","geometry":{"type":"Point","coordinates":[3093,3313]},"properties":{"kind":"wave","scale":1.08}},{"type":"Feature","geometry":{"type":"Point","coordinates":[3132,3358]},"properties":{"kind":"wave","scale":1.24}},{"type":"Feature","geometry":{"type":"Point","coordinates":[3225,3332]},"properties":{"kind":"wave","scale":0.86}},{"type":"Feature","geometry":{"type":"Point","coordinates":[3339,3294]},"properties":{"kind":"wave","scale":0.84}},{"type":"Feature","geometry":{"type":"Point","coordinates":[3463,3307]},"properties":{"kind":"wave","scale":1.23}},{"type":"Feature","geometry":{"type":"Point","coordinates":[3472,3356]},"properties":{"kind":"wave","scale":0.93}},{"type":"Feature","geometry":{"type":"Point","coordinates":[3612,3336]},"properties":{"kind":"wave","scale":1.18}},{"type":"Feature","geometry":{"type":"Point","coordinates":[4350,3300]},"properties":{"kind":"wave","scale":0.91}},{"type":"Feature","geometry":{"type":"Point","coordinates":[4449,3293]},"properties":{"kind":"wave","scale":0.77}},{"type":"Feature","geometry":{"type":"Point","coordinates":[4737,3323]},"properties":{"kind":"wave","scale":1.12}},{"type":"Feature","geometry":{"type":"Point","coordinates":[4839,3307]},"properties":{"kind":"wave","scale":1.23}},{"type":"Feature","geometry":{"type":"Point","coordinates":[5332,3319]},"properties":{"kind":"wave","scale":0.77}},{"type":"Feature","geometry":{"type":"Point","coordinates":[5370,3350]},"properties":{"kind":"wave","scale":1.15}},{"type":"Feature","geometry":{"type":"Point","coordinates":[6751,3360]},"properties":{"kind":"wave","scale":1.14}},{"type":"Feature","geometry":{"type":"Point","coordinates":[6867,3361]},"properties":{"kind":"wave","scale":1.19}},{"type":"Feature","geometry":{"type":"Point","coordinates":[6914,3329]},"properties":{"kind":"wave","scale":1.21}},{"type":"Feature","geometry":{"type":"Point","coordinates":[6983,3330]},"properties":{"kind":"wave","scale":1.07}},{"type":"Feature","geometry":{"type":"Point","coordinates":[7102,3375]},"properties":{"kind":"wave","scale":1.1}},{"type":"Feature","geometry":{"type":"Point","coordinates":[8013,3325]},"properties":{"kind":"wave","scale":0.96}},{"type":"Feature","geometry":{"type":"Point","coordinates":[8130,3372]},"properties":{"kind":"wave","scale":0.79}},{"type":"Feature","geometry":{"type":"Point","coordinates":[8651,3286]},"properties":{"kind":"wave","scale":0.97}},{"type":"Feature","geometry":{"type":"Point","coordinates":[8772,3309]},"properties":{"kind":"wave","scale":1.09}},{"type":"Feature","geometry":{"type":"Point","coordinates":[8832,3341]},"properties":{"kind":"wave","scale":0.85}},{"type":"Feature","geometry":{"type":"Point","coordinates":[8876,3293]},"properties":{"kind":"wave","scale":0.77}},{"type":"Feature","geometry":{"type":"Point","coordinates":[8966,3346]},"properties":{"kind":"wave","scale":1}},{"type":"Feature","geometry":{"type":"Point","coordinates":[9077,3362]},"properties":{"kind":"wave","scale":1.17}},{"type":"Feature","geometry":{"type":"Point","coordinates":[9225,3335]},"properties":{"kind":"wave","scale":0.95}},{"type":"Feature","geometry":{"type":"Point","coordinates":[9288,3299]},"properties":{"kind":"wave","scale":1.06}},{"type":"Feature","geometry":{"type":"Point","coordinates":[9362,3332]},"properties":{"kind":"wave","scale":0.96}},{"type":"Feature","geometry":{"type":"Point","coordinates":[9410,3324]},"properties":{"kind":"wave","scale":0.87}},{"type":"Feature","geometry":{"type":"Point","coordinates":[9497,3315]},"properties":{"kind":"wave","scale":0.86}},{"type":"Feature","geometry":{"type":"Point","coordinates":[558,3454]},"properties":{"kind":"wave","scale":1.23}},{"type":"Feature","geometry":{"type":"Point","coordinates":[592,3458]},"properties":{"kind":"wave","scale":0.76}},{"type":"Feature","geometry":{"type":"Point","coordinates":[1966,3417]},"properties":{"kind":"wave","scale":1.13}},{"type":"Feature","geometry":{"type":"Point","coordinates":[2346,3412]},"properties":{"kind":"wave","scale":0.94}},{"type":"Feature","geometry":{"type":"Point","coordinates":[3135,3440]},"properties":{"kind":"wave","scale":1.23}},{"type":"Feature","geometry":{"type":"Point","coordinates":[3262,3413]},"properties":{"kind":"wave","scale":0.76}},{"type":"Feature","geometry":{"type":"Point","coordinates":[3352,3423]},"properties":{"kind":"wave","scale":0.8}},{"type":"Feature","geometry":{"type":"Point","coordinates":[3392,3416]},"properties":{"kind":"wave","scale":0.92}},{"type":"Feature","geometry":{"type":"Point","coordinates":[3549,3441]},"properties":{"kind":"wave","scale":1.13}},{"type":"Feature","geometry":{"type":"Point","coordinates":[3563,3464]},"properties":{"kind":"wave","scale":0.99}},{"type":"Feature","geometry":{"type":"Point","coordinates":[3651,3379]},"properties":{"kind":"wave","scale":0.98}},{"type":"Feature","geometry":{"type":"Point","coordinates":[4185,3428]},"properties":{"kind":"wave","scale":1.14}},{"type":"Feature","geometry":{"type":"Point","coordinates":[4262,3382]},"properties":{"kind":"wave","scale":1.03}},{"type":"Feature","geometry":{"type":"Point","coordinates":[4812,3401]},"properties":{"kind":"wave","scale":1.12}},{"type":"Feature","geometry":{"type":"Point","coordinates":[4890,3404]},"properties":{"kind":"wave","scale":0.9}},{"type":"Feature","geometry":{"type":"Point","coordinates":[4944,3462]},"properties":{"kind":"wave","scale":1.07}},{"type":"Feature","geometry":{"type":"Point","coordinates":[5316,3453]},"properties":{"kind":"wave","scale":0.9}},{"type":"Feature","geometry":{"type":"Point","coordinates":[5422,3454]},"properties":{"kind":"wave","scale":0.79}},{"type":"Feature","geometry":{"type":"Point","coordinates":[6414,3383]},"properties":{"kind":"wave","scale":1.08}},{"type":"Feature","geometry":{"type":"Point","coordinates":[6606,3457]},"properties":{"kind":"wave","scale":0.78}},{"type":"Feature","geometry":{"type":"Point","coordinates":[6630,3461]},"properties":{"kind":"wave","scale":1.08}},{"type":"Feature","geometry":{"type":"Point","coordinates":[6733,3428]},"properties":{"kind":"wave","scale":1.15}},{"type":"Feature","geometry":{"type":"Point","coordinates":[6874,3422]},"properties":{"kind":"wave","scale":1}},{"type":"Feature","geometry":{"type":"Point","coordinates":[6956,3381]},"properties":{"kind":"wave","scale":1.24}},{"type":"Feature","geometry":{"type":"Point","coordinates":[7072,3414]},"properties":{"kind":"wave","scale":0.83}},{"type":"Feature","geometry":{"type":"Point","coordinates":[7237,3435]},"properties":{"kind":"wave","scale":1.21}},{"type":"Feature","geometry":{"type":"Point","coordinates":[7886,3455]},"properties":{"kind":"wave","scale":0.86}},{"type":"Feature","geometry":{"type":"Point","coordinates":[8030,3390]},"properties":{"kind":"wave","scale":1.07}},{"type":"Feature","geometry":{"type":"Point","coordinates":[8098,3393]},"properties":{"kind":"wave","scale":0.97}},{"type":"Feature","geometry":{"type":"Point","coordinates":[8681,3455]},"properties":{"kind":"wave","scale":1.2}},{"type":"Feature","geometry":{"type":"Point","coordinates":[8716,3388]},"properties":{"kind":"wave","scale":1.22}},{"type":"Feature","geometry":{"type":"Point","coordinates":[8783,3416]},"properties":{"kind":"wave","scale":0.78}},{"type":"Feature","geometry":{"type":"Point","coordinates":[8896,3396]},"properties":{"kind":"wave","scale":1.01}},{"type":"Feature","geometry":{"type":"Point","coordinates":[9012,3436]},"properties":{"kind":"wave","scale":1.23}},{"type":"Feature","geometry":{"type":"Point","coordinates":[9085,3411]},"properties":{"kind":"wave","scale":0.99}},{"type":"Feature","geometry":{"type":"Point","coordinates":[9182,3416]},"properties":{"kind":"wave","scale":0.93}},{"type":"Feature","geometry":{"type":"Point","coordinates":[9270,3394]},"properties":{"kind":"wave","scale":1.17}},{"type":"Feature","geometry":{"type":"Point","coordinates":[9348,3398]},"properties":{"kind":"wave","scale":1.05}},{"type":"Feature","geometry":{"type":"Point","coordinates":[9458,3431]},"properties":{"kind":"wave","scale":1.14}},{"type":"Feature","geometry":{"type":"Point","coordinates":[9564,3438]},"properties":{"kind":"wave","scale":1.01}},{"type":"Feature","geometry":{"type":"Point","coordinates":[138,3551]},"properties":{"kind":"wave","scale":0.76}},{"type":"Feature","geometry":{"type":"Point","coordinates":[272,3545]},"properties":{"kind":"wave","scale":1.11}},{"type":"Feature","geometry":{"type":"Point","coordinates":[564,3491]},"properties":{"kind":"wave","scale":1.25}},{"type":"Feature","geometry":{"type":"Point","coordinates":[638,3537]},"properties":{"kind":"wave","scale":0.97}},{"type":"Feature","geometry":{"type":"Point","coordinates":[778,3488]},"properties":{"kind":"wave","scale":0.82}},{"type":"Feature","geometry":{"type":"Point","coordinates":[2847,3530]},"properties":{"kind":"wave","scale":0.96}},{"type":"Feature","geometry":{"type":"Point","coordinates":[3391,3552]},"properties":{"kind":"wave","scale":0.9}},{"type":"Feature","geometry":{"type":"Point","coordinates":[3550,3525]},"properties":{"kind":"wave","scale":1.24}},{"type":"Feature","geometry":{"type":"Point","coordinates":[3615,3534]},"properties":{"kind":"wave","scale":0.82}},{"type":"Feature","geometry":{"type":"Point","coordinates":[3732,3551]},"properties":{"kind":"wave","scale":0.79}},{"type":"Feature","geometry":{"type":"Point","coordinates":[4082,3473]},"properties":{"kind":"wave","scale":0.78}},{"type":"Feature","geometry":{"type":"Point","coordinates":[4130,3517]},"properties":{"kind":"wave","scale":0.96}},{"type":"Feature","geometry":{"type":"Point","coordinates":[4801,3521]},"properties":{"kind":"wave","scale":0.76}},{"type":"Feature","geometry":{"type":"Point","coordinates":[4846,3489]},"properties":{"kind":"wave","scale":0.86}},{"type":"Feature","geometry":{"type":"Point","coordinates":[4981,3490]},"properties":{"kind":"wave","scale":1.19}},{"type":"Feature","geometry":{"type":"Point","coordinates":[5324,3505]},"properties":{"kind":"wave","scale":1.25}},{"type":"Feature","geometry":{"type":"Point","coordinates":[5947,3476]},"properties":{"kind":"wave","scale":1.24}},{"type":"Feature","geometry":{"type":"Point","coordinates":[5993,3474]},"properties":{"kind":"wave","scale":0.9}},{"type":"Feature","geometry":{"type":"Point","coordinates":[6388,3535]},"properties":{"kind":"wave","scale":1.08}},{"type":"Feature","geometry":{"type":"Point","coordinates":[6510,3521]},"properties":{"kind":"wave","scale":0.98}},{"type":"Feature","geometry":{"type":"Point","coordinates":[6752,3538]},"properties":{"kind":"wave","scale":0.91}},{"type":"Feature","geometry":{"type":"Point","coordinates":[6823,3504]},"properties":{"kind":"wave","scale":0.84}},{"type":"Feature","geometry":{"type":"Point","coordinates":[6945,3525]},"properties":{"kind":"wave","scale":0.87}},{"type":"Feature","geometry":{"type":"Point","coordinates":[7036,3484]},"properties":{"kind":"wave","scale":1.14}},{"type":"Feature","geometry":{"type":"Point","coordinates":[7137,3472]},"properties":{"kind":"wave","scale":0.77}},{"type":"Feature","geometry":{"type":"Point","coordinates":[7168,3524]},"properties":{"kind":"wave","scale":0.98}},{"type":"Feature","geometry":{"type":"Point","coordinates":[7259,3540]},"properties":{"kind":"wave","scale":0.77}},{"type":"Feature","geometry":{"type":"Point","coordinates":[7857,3516]},"properties":{"kind":"wave","scale":0.93}},{"type":"Feature","geometry":{"type":"Point","coordinates":[7952,3520]},"properties":{"kind":"wave","scale":0.94}},{"type":"Feature","geometry":{"type":"Point","coordinates":[8025,3535]},"properties":{"kind":"wave","scale":0.78}},{"type":"Feature","geometry":{"type":"Point","coordinates":[8075,3492]},"properties":{"kind":"wave","scale":1.21}},{"type":"Feature","geometry":{"type":"Point","coordinates":[8626,3475]},"properties":{"kind":"wave","scale":1.2}},{"type":"Feature","geometry":{"type":"Point","coordinates":[8749,3545]},"properties":{"kind":"wave","scale":0.88}},{"type":"Feature","geometry":{"type":"Point","coordinates":[8814,3516]},"properties":{"kind":"wave","scale":0.87}},{"type":"Feature","geometry":{"type":"Point","coordinates":[8911,3486]},"properties":{"kind":"wave","scale":1}},{"type":"Feature","geometry":{"type":"Point","coordinates":[8985,3488]},"properties":{"kind":"wave","scale":1.01}},{"type":"Feature","geometry":{"type":"Point","coordinates":[9066,3510]},"properties":{"kind":"wave","scale":0.77}},{"type":"Feature","geometry":{"type":"Point","coordinates":[9165,3470]},"properties":{"kind":"wave","scale":1.07}},{"type":"Feature","geometry":{"type":"Point","coordinates":[9281,3477]},"properties":{"kind":"wave","scale":1.09}},{"type":"Feature","geometry":{"type":"Point","coordinates":[9399,3536]},"properties":{"kind":"wave","scale":0.85}},{"type":"Feature","geometry":{"type":"Point","coordinates":[9465,3493]},"properties":{"kind":"wave","scale":0.87}},{"type":"Feature","geometry":{"type":"Point","coordinates":[9533,3535]},"properties":{"kind":"wave","scale":1.11}},{"type":"Feature","geometry":{"type":"Point","coordinates":[40,3600]},"properties":{"kind":"wave","scale":1.02}},{"type":"Feature","geometry":{"type":"Point","coordinates":[113,3566]},"properties":{"kind":"wave","scale":1.09}},{"type":"Feature","geometry":{"type":"Point","coordinates":[215,3629]},"properties":{"kind":"wave","scale":1.04}},{"type":"Feature","geometry":{"type":"Point","coordinates":[236,3638]},"properties":{"kind":"wave","scale":1.2}},{"type":"Feature","geometry":{"type":"Point","coordinates":[376,3610]},"properties":{"kind":"wave","scale":1.25}},{"type":"Feature","geometry":{"type":"Point","coordinates":[457,3578]},"properties":{"kind":"wave","scale":1.01}},{"type":"Feature","geometry":{"type":"Point","coordinates":[578,3601]},"properties":{"kind":"wave","scale":0.89}},{"type":"Feature","geometry":{"type":"Point","coordinates":[589,3638]},"properties":{"kind":"wave","scale":1.04}},{"type":"Feature","geometry":{"type":"Point","coordinates":[733,3635]},"properties":{"kind":"wave","scale":1.03}},{"type":"Feature","geometry":{"type":"Point","coordinates":[776,3588]},"properties":{"kind":"wave","scale":1.2}},{"type":"Feature","geometry":{"type":"Point","coordinates":[870,3589]},"properties":{"kind":"wave","scale":1.18}},{"type":"Feature","geometry":{"type":"Point","coordinates":[2890,3568]},"properties":{"kind":"wave","scale":0.92}},{"type":"Feature","geometry":{"type":"Point","coordinates":[3341,3602]},"properties":{"kind":"wave","scale":0.81}},{"type":"Feature","geometry":{"type":"Point","coordinates":[3431,3565]},"properties":{"kind":"wave","scale":0.89}},{"type":"Feature","geometry":{"type":"Point","coordinates":[3486,3645]},"properties":{"kind":"wave","scale":1.07}},{"type":"Feature","geometry":{"type":"Point","coordinates":[3569,3628]},"properties":{"kind":"wave","scale":1.05}},{"type":"Feature","geometry":{"type":"Point","coordinates":[3730,3573]},"properties":{"kind":"wave","scale":1.15}},{"type":"Feature","geometry":{"type":"Point","coordinates":[4145,3631]},"properties":{"kind":"wave","scale":1.02}},{"type":"Feature","geometry":{"type":"Point","coordinates":[4198,3555]},"properties":{"kind":"wave","scale":0.94}},{"type":"Feature","geometry":{"type":"Point","coordinates":[4850,3578]},"properties":{"kind":"wave","scale":0.89}},{"type":"Feature","geometry":{"type":"Point","coordinates":[4966,3564]},"properties":{"kind":"wave","scale":1.1}},{"type":"Feature","geometry":{"type":"Point","coordinates":[5280,3583]},"properties":{"kind":"wave","scale":0.91}},{"type":"Feature","geometry":{"type":"Point","coordinates":[5372,3638]},"properties":{"kind":"wave","scale":1.02}},{"type":"Feature","geometry":{"type":"Point","coordinates":[6489,3637]},"properties":{"kind":"wave","scale":0.81}},{"type":"Feature","geometry":{"type":"Point","coordinates":[6777,3637]},"properties":{"kind":"wave","scale":0.9}},{"type":"Feature","geometry":{"type":"Point","coordinates":[6866,3613]},"properties":{"kind":"wave","scale":0.86}},{"type":"Feature","geometry":{"type":"Point","coordinates":[6953,3634]},"properties":{"kind":"wave","scale":0.97}},{"type":"Feature","geometry":{"type":"Point","coordinates":[7038,3614]},"properties":{"kind":"wave","scale":1.01}},{"type":"Feature","geometry":{"type":"Point","coordinates":[7087,3627]},"properties":{"kind":"wave","scale":1.16}},{"type":"Feature","geometry":{"type":"Point","coordinates":[7200,3605]},"properties":{"kind":"wave","scale":0.76}},{"type":"Feature","geometry":{"type":"Point","coordinates":[7261,3572]},"properties":{"kind":"wave","scale":0.79}},{"type":"Feature","geometry":{"type":"Point","coordinates":[7859,3604]},"properties":{"kind":"wave","scale":1.12}},{"type":"Feature","geometry":{"type":"Point","coordinates":[7924,3643]},"properties":{"kind":"wave","scale":1.16}},{"type":"Feature","geometry":{"type":"Point","coordinates":[8032,3560]},"properties":{"kind":"wave","scale":1}},{"type":"Feature","geometry":{"type":"Point","coordinates":[8081,3626]},"properties":{"kind":"wave","scale":1.14}},{"type":"Feature","geometry":{"type":"Point","coordinates":[8674,3560]},"properties":{"kind":"wave","scale":0.82}},{"type":"Feature","geometry":{"type":"Point","coordinates":[8700,3577]},"properties":{"kind":"wave","scale":0.9}},{"type":"Feature","geometry":{"type":"Point","coordinates":[8946,3607]},"properties":{"kind":"wave","scale":1.22}},{"type":"Feature","geometry":{"type":"Point","coordinates":[8965,3580]},"properties":{"kind":"wave","scale":0.82}},{"type":"Feature","geometry":{"type":"Point","coordinates":[9062,3588]},"properties":{"kind":"wave","scale":0.76}},{"type":"Feature","geometry":{"type":"Point","coordinates":[9151,3602]},"properties":{"kind":"wave","scale":1.12}},{"type":"Feature","geometry":{"type":"Point","coordinates":[9285,3575]},"properties":{"kind":"wave","scale":0.76}},{"type":"Feature","geometry":{"type":"Point","coordinates":[9326,3596]},"properties":{"kind":"wave","scale":1.03}},{"type":"Feature","geometry":{"type":"Point","coordinates":[9484,3607]},"properties":{"kind":"wave","scale":1.11}},{"type":"Feature","geometry":{"type":"Point","coordinates":[103,3666]},"properties":{"kind":"wave","scale":0.95}},{"type":"Feature","geometry":{"type":"Point","coordinates":[215,3688]},"properties":{"kind":"wave","scale":1.11}},{"type":"Feature","geometry":{"type":"Point","coordinates":[276,3698]},"properties":{"kind":"wave","scale":0.84}},{"type":"Feature","geometry":{"type":"Point","coordinates":[373,3733]},"properties":{"kind":"wave","scale":1.09}},{"type":"Feature","geometry":{"type":"Point","coordinates":[461,3703]},"properties":{"kind":"wave","scale":0.89}},{"type":"Feature","geometry":{"type":"Point","coordinates":[578,3701]},"properties":{"kind":"wave","scale":1.18}},{"type":"Feature","geometry":{"type":"Point","coordinates":[651,3667]},"properties":{"kind":"wave","scale":0.98}},{"type":"Feature","geometry":{"type":"Point","coordinates":[702,3653]},"properties":{"kind":"wave","scale":0.88}},{"type":"Feature","geometry":{"type":"Point","coordinates":[821,3732]},"properties":{"kind":"wave","scale":0.93}},{"type":"Feature","geometry":{"type":"Point","coordinates":[3337,3718]},"properties":{"kind":"wave","scale":0.86}},{"type":"Feature","geometry":{"type":"Point","coordinates":[3462,3676]},"properties":{"kind":"wave","scale":1.17}},{"type":"Feature","geometry":{"type":"Point","coordinates":[3482,3731]},"properties":{"kind":"wave","scale":1.01}},{"type":"Feature","geometry":{"type":"Point","coordinates":[3606,3728]},"properties":{"kind":"wave","scale":0.98}},{"type":"Feature","geometry":{"type":"Point","coordinates":[3693,3728]},"properties":{"kind":"wave","scale":0.94}},{"type":"Feature","geometry":{"type":"Point","coordinates":[3796,3700]},"properties":{"kind":"wave","scale":0.93}},{"type":"Feature","geometry":{"type":"Point","coordinates":[3887,3706]},"properties":{"kind":"wave","scale":0.9}},{"type":"Feature","geometry":{"type":"Point","coordinates":[4162,3729]},"properties":{"kind":"wave","scale":1.09}},{"type":"Feature","geometry":{"type":"Point","coordinates":[4205,3714]},"properties":{"kind":"wave","scale":0.82}},{"type":"Feature","geometry":{"type":"Point","coordinates":[4866,3657]},"properties":{"kind":"wave","scale":1.12}},{"type":"Feature","geometry":{"type":"Point","coordinates":[4917,3715]},"properties":{"kind":"wave","scale":1.11}},{"type":"Feature","geometry":{"type":"Point","coordinates":[5353,3712]},"properties":{"kind":"wave","scale":0.78}},{"type":"Feature","geometry":{"type":"Point","coordinates":[6636,3708]},"properties":{"kind":"wave","scale":0.94}},{"type":"Feature","geometry":{"type":"Point","coordinates":[6789,3731]},"properties":{"kind":"wave","scale":1.19}},{"type":"Feature","geometry":{"type":"Point","coordinates":[6806,3702]},"properties":{"kind":"wave","scale":1.25}},{"type":"Feature","geometry":{"type":"Point","coordinates":[6925,3667]},"properties":{"kind":"wave","scale":0.79}},{"type":"Feature","geometry":{"type":"Point","coordinates":[7028,3732]},"properties":{"kind":"wave","scale":0.97}},{"type":"Feature","geometry":{"type":"Point","coordinates":[7134,3705]},"properties":{"kind":"wave","scale":1.13}},{"type":"Feature","geometry":{"type":"Point","coordinates":[7197,3681]},"properties":{"kind":"wave","scale":1.08}},{"type":"Feature","geometry":{"type":"Point","coordinates":[7770,3713]},"properties":{"kind":"wave","scale":0.8}},{"type":"Feature","geometry":{"type":"Point","coordinates":[7817,3676]},"properties":{"kind":"wave","scale":1.1}},{"type":"Feature","geometry":{"type":"Point","coordinates":[7939,3672]},"properties":{"kind":"wave","scale":0.98}},{"type":"Feature","geometry":{"type":"Point","coordinates":[8036,3708]},"properties":{"kind":"wave","scale":0.91}},{"type":"Feature","geometry":{"type":"Point","coordinates":[8069,3659]},"properties":{"kind":"wave","scale":1.07}},{"type":"Feature","geometry":{"type":"Point","coordinates":[8166,3727]},"properties":{"kind":"wave","scale":0.77}},{"type":"Feature","geometry":{"type":"Point","coordinates":[8248,3713]},"properties":{"kind":"wave","scale":0.86}},{"type":"Feature","geometry":{"type":"Point","coordinates":[24,3755]},"properties":{"kind":"wave","scale":0.84}},{"type":"Feature","geometry":{"type":"Point","coordinates":[74,3822]},"properties":{"kind":"wave","scale":1.01}},{"type":"Feature","geometry":{"type":"Point","coordinates":[186,3755]},"properties":{"kind":"wave","scale":0.79}},{"type":"Feature","geometry":{"type":"Point","coordinates":[302,3808]},"properties":{"kind":"wave","scale":1.12}},{"type":"Feature","geometry":{"type":"Point","coordinates":[317,3777]},"properties":{"kind":"wave","scale":1.07}},{"type":"Feature","geometry":{"type":"Point","coordinates":[438,3786]},"properties":{"kind":"wave","scale":1.16}},{"type":"Feature","geometry":{"type":"Point","coordinates":[514,3792]},"properties":{"kind":"wave","scale":0.92}},{"type":"Feature","geometry":{"type":"Point","coordinates":[595,3757]},"properties":{"kind":"wave","scale":0.78}},{"type":"Feature","geometry":{"type":"Point","coordinates":[737,3762]},"properties":{"kind":"wave","scale":0.81}},{"type":"Feature","geometry":{"type":"Point","coordinates":[837,3768]},"properties":{"kind":"wave","scale":0.93}},{"type":"Feature","geometry":{"type":"Point","coordinates":[894,3758]},"properties":{"kind":"wave","scale":1.13}},{"type":"Feature","geometry":{"type":"Point","coordinates":[977,3766]},"properties":{"kind":"wave","scale":0.77}},{"type":"Feature","geometry":{"type":"Point","coordinates":[3361,3764]},"properties":{"kind":"wave","scale":0.96}},{"type":"Feature","geometry":{"type":"Point","coordinates":[3450,3771]},"properties":{"kind":"wave","scale":1}},{"type":"Feature","geometry":{"type":"Point","coordinates":[3469,3780]},"properties":{"kind":"wave","scale":0.96}},{"type":"Feature","geometry":{"type":"Point","coordinates":[3599,3809]},"properties":{"kind":"wave","scale":0.95}},{"type":"Feature","geometry":{"type":"Point","coordinates":[3666,3774]},"properties":{"kind":"wave","scale":0.8}},{"type":"Feature","geometry":{"type":"Point","coordinates":[3767,3784]},"properties":{"kind":"wave","scale":0.79}},{"type":"Feature","geometry":{"type":"Point","coordinates":[3896,3745]},"properties":{"kind":"wave","scale":1}},{"type":"Feature","geometry":{"type":"Point","coordinates":[3950,3741]},"properties":{"kind":"wave","scale":0.79}},{"type":"Feature","geometry":{"type":"Point","coordinates":[4036,3785]},"properties":{"kind":"wave","scale":0.82}},{"type":"Feature","geometry":{"type":"Point","coordinates":[4179,3822]},"properties":{"kind":"wave","scale":1.2}},{"type":"Feature","geometry":{"type":"Point","coordinates":[4244,3801]},"properties":{"kind":"wave","scale":1.01}},{"type":"Feature","geometry":{"type":"Point","coordinates":[4292,3819]},"properties":{"kind":"wave","scale":0.8}},{"type":"Feature","geometry":{"type":"Point","coordinates":[4913,3746]},"properties":{"kind":"wave","scale":1.2}},{"type":"Feature","geometry":{"type":"Point","coordinates":[5312,3812]},"properties":{"kind":"wave","scale":0.96}},{"type":"Feature","geometry":{"type":"Point","coordinates":[6635,3800]},"properties":{"kind":"wave","scale":0.93}},{"type":"Feature","geometry":{"type":"Point","coordinates":[6783,3739]},"properties":{"kind":"wave","scale":1.08}},{"type":"Feature","geometry":{"type":"Point","coordinates":[6796,3821]},"properties":{"kind":"wave","scale":1.22}},{"type":"Feature","geometry":{"type":"Point","coordinates":[6957,3773]},"properties":{"kind":"wave","scale":0.76}},{"type":"Feature","geometry":{"type":"Point","coordinates":[7007,3791]},"properties":{"kind":"wave","scale":1.2}},{"type":"Feature","geometry":{"type":"Point","coordinates":[7129,3787]},"properties":{"kind":"wave","scale":0.85}},{"type":"Feature","geometry":{"type":"Point","coordinates":[7223,3740]},"properties":{"kind":"wave","scale":0.94}},{"type":"Feature","geometry":{"type":"Point","coordinates":[7828,3776]},"properties":{"kind":"wave","scale":1.21}},{"type":"Feature","geometry":{"type":"Point","coordinates":[7882,3736]},"properties":{"kind":"wave","scale":1.16}},{"type":"Feature","geometry":{"type":"Point","coordinates":[8022,3797]},"properties":{"kind":"wave","scale":1.19}},{"type":"Feature","geometry":{"type":"Point","coordinates":[8087,3745]},"properties":{"kind":"wave","scale":1.18}},{"type":"Feature","geometry":{"type":"Point","coordinates":[8210,3740]},"properties":{"kind":"wave","scale":1.07}},{"type":"Feature","geometry":{"type":"Point","coordinates":[8254,3798]},"properties":{"kind":"wave","scale":0.9}},{"type":"Feature","geometry":{"type":"Point","coordinates":[37,3894]},"properties":{"kind":"wave","scale":1.09}},{"type":"Feature","geometry":{"type":"Point","coordinates":[69,3871]},"properties":{"kind":"wave","scale":0.78}},{"type":"Feature","geometry":{"type":"Point","coordinates":[145,3900]},"properties":{"kind":"wave","scale":1.06}},{"type":"Feature","geometry":{"type":"Point","coordinates":[310,3900]},"properties":{"kind":"wave","scale":0.96}},{"type":"Feature","geometry":{"type":"Point","coordinates":[398,3875]},"properties":{"kind":"wave","scale":1.04}},{"type":"Feature","geometry":{"type":"Point","coordinates":[418,3908]},"properties":{"kind":"wave","scale":0.83}},{"type":"Feature","geometry":{"type":"Point","coordinates":[574,3872]},"properties":{"kind":"wave","scale":1.05}},{"type":"Feature","geometry":{"type":"Point","coordinates":[621,3856]},"properties":{"kind":"wave","scale":0.98}},{"type":"Feature","geometry":{"type":"Point","coordinates":[762,3874]},"properties":{"kind":"wave","scale":0.8}},{"type":"Feature","geometry":{"type":"Point","coordinates":[789,3868]},"properties":{"kind":"wave","scale":1.05}},{"type":"Feature","geometry":{"type":"Point","coordinates":[3366,3836]},"properties":{"kind":"wave","scale":1.12}},{"type":"Feature","geometry":{"type":"Point","coordinates":[3461,3863]},"properties":{"kind":"wave","scale":1.19}},{"type":"Feature","geometry":{"type":"Point","coordinates":[3550,3890]},"properties":{"kind":"wave","scale":1.01}},{"type":"Feature","geometry":{"type":"Point","coordinates":[3573,3888]},"properties":{"kind":"wave","scale":1.23}},{"type":"Feature","geometry":{"type":"Point","coordinates":[3666,3837]},"properties":{"kind":"wave","scale":0.81}},{"type":"Feature","geometry":{"type":"Point","coordinates":[3779,3890]},"properties":{"kind":"wave","scale":1.05}},{"type":"Feature","geometry":{"type":"Point","coordinates":[3873,3890]},"properties":{"kind":"wave","scale":0.84}},{"type":"Feature","geometry":{"type":"Point","coordinates":[4021,3855]},"properties":{"kind":"wave","scale":1.02}},{"type":"Feature","geometry":{"type":"Point","coordinates":[4119,3895]},"properties":{"kind":"wave","scale":0.88}},{"type":"Feature","geometry":{"type":"Point","coordinates":[4241,3825]},"properties":{"kind":"wave","scale":0.96}},{"type":"Feature","geometry":{"type":"Point","coordinates":[4872,3869]},"properties":{"kind":"wave","scale":0.87}},{"type":"Feature","geometry":{"type":"Point","coordinates":[5207,3898]},"properties":{"kind":"wave","scale":1.04}},{"type":"Feature","geometry":{"type":"Point","coordinates":[5298,3894]},"properties":{"kind":"wave","scale":0.95}},{"type":"Feature","geometry":{"type":"Point","coordinates":[5443,3860]},"properties":{"kind":"wave","scale":0.97}},{"type":"Feature","geometry":{"type":"Point","coordinates":[6773,3897]},"properties":{"kind":"wave","scale":1.22}},{"type":"Feature","geometry":{"type":"Point","coordinates":[6839,3844]},"properties":{"kind":"wave","scale":1.08}},{"type":"Feature","geometry":{"type":"Point","coordinates":[6947,3895]},"properties":{"kind":"wave","scale":0.98}},{"type":"Feature","geometry":{"type":"Point","coordinates":[7001,3905]},"properties":{"kind":"wave","scale":1.06}},{"type":"Feature","geometry":{"type":"Point","coordinates":[7128,3843]},"properties":{"kind":"wave","scale":0.79}},{"type":"Feature","geometry":{"type":"Point","coordinates":[7162,3828]},"properties":{"kind":"wave","scale":1.02}},{"type":"Feature","geometry":{"type":"Point","coordinates":[7284,3911]},"properties":{"kind":"wave","scale":0.83}},{"type":"Feature","geometry":{"type":"Point","coordinates":[7923,3906]},"properties":{"kind":"wave","scale":0.77}},{"type":"Feature","geometry":{"type":"Point","coordinates":[7991,3842]},"properties":{"kind":"wave","scale":0.97}},{"type":"Feature","geometry":{"type":"Point","coordinates":[8225,3895]},"properties":{"kind":"wave","scale":1.25}},{"type":"Feature","geometry":{"type":"Point","coordinates":[8318,3841]},"properties":{"kind":"wave","scale":1.21}},{"type":"Feature","geometry":{"type":"Point","coordinates":[8380,3896]},"properties":{"kind":"wave","scale":1.21}},{"type":"Feature","geometry":{"type":"Point","coordinates":[8434,3902]},"properties":{"kind":"wave","scale":0.99}},{"type":"Feature","geometry":{"type":"Point","coordinates":[78,3950]},"properties":{"kind":"wave","scale":0.8}},{"type":"Feature","geometry":{"type":"Point","coordinates":[208,3937]},"properties":{"kind":"wave","scale":1.09}},{"type":"Feature","geometry":{"type":"Point","coordinates":[296,3969]},"properties":{"kind":"wave","scale":1.22}},{"type":"Feature","geometry":{"type":"Point","coordinates":[351,3929]},"properties":{"kind":"wave","scale":0.93}},{"type":"Feature","geometry":{"type":"Point","coordinates":[558,3976]},"properties":{"kind":"wave","scale":1.02}},{"type":"Feature","geometry":{"type":"Point","coordinates":[620,3935]},"properties":{"kind":"wave","scale":1.09}},{"type":"Feature","geometry":{"type":"Point","coordinates":[709,3964]},"properties":{"kind":"wave","scale":1.01}},{"type":"Feature","geometry":{"type":"Point","coordinates":[777,3969]},"properties":{"kind":"wave","scale":0.97}},{"type":"Feature","geometry":{"type":"Point","coordinates":[1194,3930]},"properties":{"kind":"wave","scale":0.97}},{"type":"Feature","geometry":{"type":"Point","coordinates":[3550,3994]},"properties":{"kind":"wave","scale":1.09}},{"type":"Feature","geometry":{"type":"Point","coordinates":[3593,3951]},"properties":{"kind":"wave","scale":1.01}},{"type":"Feature","geometry":{"type":"Point","coordinates":[4079,3917]},"properties":{"kind":"wave","scale":0.76}},{"type":"Feature","geometry":{"type":"Point","coordinates":[4096,4003]},"properties":{"kind":"wave","scale":0.83}},{"type":"Feature","geometry":{"type":"Point","coordinates":[4210,3987]},"properties":{"kind":"wave","scale":0.81}},{"type":"Feature","geometry":{"type":"Point","coordinates":[4744,4001]},"properties":{"kind":"wave","scale":0.97}},{"type":"Feature","geometry":{"type":"Point","coordinates":[4852,3969]},"properties":{"kind":"wave","scale":0.97}},{"type":"Feature","geometry":{"type":"Point","coordinates":[5162,3996]},"properties":{"kind":"wave","scale":1.06}},{"type":"Feature","geometry":{"type":"Point","coordinates":[5193,3999]},"properties":{"kind":"wave","scale":1.03}},{"type":"Feature","geometry":{"type":"Point","coordinates":[5354,3957]},"properties":{"kind":"wave","scale":0.95}},{"type":"Feature","geometry":{"type":"Point","coordinates":[6498,3921]},"properties":{"kind":"wave","scale":0.95}},{"type":"Feature","geometry":{"type":"Point","coordinates":[6608,3927]},"properties":{"kind":"wave","scale":1.08}},{"type":"Feature","geometry":{"type":"Point","coordinates":[6646,3918]},"properties":{"kind":"wave","scale":0.93}},{"type":"Feature","geometry":{"type":"Point","coordinates":[6729,3997]},"properties":{"kind":"wave","scale":0.98}},{"type":"Feature","geometry":{"type":"Point","coordinates":[6853,3972]},"properties":{"kind":"wave","scale":0.99}},{"type":"Feature","geometry":{"type":"Point","coordinates":[7059,3979]},"properties":{"kind":"wave","scale":1.16}},{"type":"Feature","geometry":{"type":"Point","coordinates":[7095,3943]},"properties":{"kind":"wave","scale":1.07}},{"type":"Feature","geometry":{"type":"Point","coordinates":[7168,3926]},"properties":{"kind":"wave","scale":1.09}},{"type":"Feature","geometry":{"type":"Point","coordinates":[7271,3983]},"properties":{"kind":"wave","scale":0.8}},{"type":"Feature","geometry":{"type":"Point","coordinates":[7847,3992]},"properties":{"kind":"wave","scale":0.89}},{"type":"Feature","geometry":{"type":"Point","coordinates":[7967,3998]},"properties":{"kind":"wave","scale":0.89}},{"type":"Feature","geometry":{"type":"Point","coordinates":[8075,3982]},"properties":{"kind":"wave","scale":1.06}},{"type":"Feature","geometry":{"type":"Point","coordinates":[8188,3942]},"properties":{"kind":"wave","scale":1.1}},{"type":"Feature","geometry":{"type":"Point","coordinates":[8293,3943]},"properties":{"kind":"wave","scale":0.92}},{"type":"Feature","geometry":{"type":"Point","coordinates":[8389,3994]},"properties":{"kind":"wave","scale":1.07}},{"type":"Feature","geometry":{"type":"Point","coordinates":[8483,3945]},"properties":{"kind":"wave","scale":0.81}},{"type":"Feature","geometry":{"type":"Point","coordinates":[8728,3999]},"properties":{"kind":"wave","scale":1.21}},{"type":"Feature","geometry":{"type":"Point","coordinates":[8861,3993]},"properties":{"kind":"wave","scale":0.85}},{"type":"Feature","geometry":{"type":"Point","coordinates":[8899,4002]},"properties":{"kind":"wave","scale":1.04}},{"type":"Feature","geometry":{"type":"Point","coordinates":[513,4007]},"properties":{"kind":"wave","scale":0.84}},{"type":"Feature","geometry":{"type":"Point","coordinates":[714,4010]},"properties":{"kind":"wave","scale":0.96}},{"type":"Feature","geometry":{"type":"Point","coordinates":[778,4049]},"properties":{"kind":"wave","scale":1.07}},{"type":"Feature","geometry":{"type":"Point","coordinates":[1381,4077]},"properties":{"kind":"wave","scale":0.84}},{"type":"Feature","geometry":{"type":"Point","coordinates":[1594,4081]},"properties":{"kind":"wave","scale":1.02}},{"type":"Feature","geometry":{"type":"Point","coordinates":[3539,4047]},"properties":{"kind":"wave","scale":0.78}},{"type":"Feature","geometry":{"type":"Point","coordinates":[3610,4048]},"properties":{"kind":"wave","scale":0.8}},{"type":"Feature","geometry":{"type":"Point","coordinates":[4051,4033]},"properties":{"kind":"wave","scale":1.23}},{"type":"Feature","geometry":{"type":"Point","coordinates":[4168,4070]},"properties":{"kind":"wave","scale":1.12}},{"type":"Feature","geometry":{"type":"Point","coordinates":[4244,4092]},"properties":{"kind":"wave","scale":1.16}},{"type":"Feature","geometry":{"type":"Point","coordinates":[4414,4089]},"properties":{"kind":"wave","scale":1.12}},{"type":"Feature","geometry":{"type":"Point","coordinates":[4721,4012]},"properties":{"kind":"wave","scale":1.23}},{"type":"Feature","geometry":{"type":"Point","coordinates":[4727,4048]},"properties":{"kind":"wave","scale":1.21}},{"type":"Feature","geometry":{"type":"Point","coordinates":[4855,4035]},"properties":{"kind":"wave","scale":0.78}},{"type":"Feature","geometry":{"type":"Point","coordinates":[5082,4092]},"properties":{"kind":"wave","scale":1.05}},{"type":"Feature","geometry":{"type":"Point","coordinates":[5166,4080]},"properties":{"kind":"wave","scale":0.99}},{"type":"Feature","geometry":{"type":"Point","coordinates":[5231,4029]},"properties":{"kind":"wave","scale":1.12}},{"type":"Feature","geometry":{"type":"Point","coordinates":[5274,4028]},"properties":{"kind":"wave","scale":0.94}},{"type":"Feature","geometry":{"type":"Point","coordinates":[6011,4026]},"properties":{"kind":"wave","scale":1.05}},{"type":"Feature","geometry":{"type":"Point","coordinates":[6146,4085]},"properties":{"kind":"wave","scale":0.98}},{"type":"Feature","geometry":{"type":"Point","coordinates":[6195,4062]},"properties":{"kind":"wave","scale":1.22}},{"type":"Feature","geometry":{"type":"Point","coordinates":[6593,4010]},"properties":{"kind":"wave","scale":0.77}},{"type":"Feature","geometry":{"type":"Point","coordinates":[6789,4007]},"properties":{"kind":"wave","scale":1.15}},{"type":"Feature","geometry":{"type":"Point","coordinates":[6840,4021]},"properties":{"kind":"wave","scale":1.22}},{"type":"Feature","geometry":{"type":"Point","coordinates":[7049,4080]},"properties":{"kind":"wave","scale":1.2}},{"type":"Feature","geometry":{"type":"Point","coordinates":[7117,4015]},"properties":{"kind":"wave","scale":0.87}},{"type":"Feature","geometry":{"type":"Point","coordinates":[7225,4059]},"properties":{"kind":"wave","scale":1.13}},{"type":"Feature","geometry":{"type":"Point","coordinates":[7246,4013]},"properties":{"kind":"wave","scale":0.92}},{"type":"Feature","geometry":{"type":"Point","coordinates":[7761,4076]},"properties":{"kind":"wave","scale":0.9}},{"type":"Feature","geometry":{"type":"Point","coordinates":[7975,4051]},"properties":{"kind":"wave","scale":1.11}},{"type":"Feature","geometry":{"type":"Point","coordinates":[8098,4080]},"properties":{"kind":"wave","scale":0.88}},{"type":"Feature","geometry":{"type":"Point","coordinates":[8148,4046]},"properties":{"kind":"wave","scale":1.22}},{"type":"Feature","geometry":{"type":"Point","coordinates":[8376,4061]},"properties":{"kind":"wave","scale":0.97}},{"type":"Feature","geometry":{"type":"Point","coordinates":[8457,4026]},"properties":{"kind":"wave","scale":1.13}},{"type":"Feature","geometry":{"type":"Point","coordinates":[8514,4009]},"properties":{"kind":"wave","scale":0.98}},{"type":"Feature","geometry":{"type":"Point","coordinates":[8623,4073]},"properties":{"kind":"wave","scale":0.8}},{"type":"Feature","geometry":{"type":"Point","coordinates":[8769,4092]},"properties":{"kind":"wave","scale":1.1}},{"type":"Feature","geometry":{"type":"Point","coordinates":[8817,4060]},"properties":{"kind":"wave","scale":0.75}},{"type":"Feature","geometry":{"type":"Point","coordinates":[8937,4050]},"properties":{"kind":"wave","scale":0.79}},{"type":"Feature","geometry":{"type":"Point","coordinates":[8997,4075]},"properties":{"kind":"wave","scale":0.76}},{"type":"Feature","geometry":{"type":"Point","coordinates":[9079,4092]},"properties":{"kind":"wave","scale":1.14}},{"type":"Feature","geometry":{"type":"Point","coordinates":[9141,4013]},"properties":{"kind":"wave","scale":1.03}},{"type":"Feature","geometry":{"type":"Point","coordinates":[9263,4091]},"properties":{"kind":"wave","scale":1.2}},{"type":"Feature","geometry":{"type":"Point","coordinates":[636,4110]},"properties":{"kind":"wave","scale":0.8}},{"type":"Feature","geometry":{"type":"Point","coordinates":[694,4172]},"properties":{"kind":"wave","scale":0.77}},{"type":"Feature","geometry":{"type":"Point","coordinates":[1021,4156]},"properties":{"kind":"wave","scale":1.14}},{"type":"Feature","geometry":{"type":"Point","coordinates":[1116,4151]},"properties":{"kind":"wave","scale":0.76}},{"type":"Feature","geometry":{"type":"Point","coordinates":[1139,4113]},"properties":{"kind":"wave","scale":0.87}},{"type":"Feature","geometry":{"type":"Point","coordinates":[1534,4146]},"properties":{"kind":"wave","scale":1.19}},{"type":"Feature","geometry":{"type":"Point","coordinates":[1579,4131]},"properties":{"kind":"wave","scale":1.13}},{"type":"Feature","geometry":{"type":"Point","coordinates":[1749,4132]},"properties":{"kind":"wave","scale":1.08}},{"type":"Feature","geometry":{"type":"Point","coordinates":[1802,4102]},"properties":{"kind":"wave","scale":0.97}},{"type":"Feature","geometry":{"type":"Point","coordinates":[1846,4106]},"properties":{"kind":"wave","scale":1.24}},{"type":"Feature","geometry":{"type":"Point","coordinates":[3487,4106]},"properties":{"kind":"wave","scale":0.83}},{"type":"Feature","geometry":{"type":"Point","coordinates":[3606,4184]},"properties":{"kind":"wave","scale":1.15}},{"type":"Feature","geometry":{"type":"Point","coordinates":[4115,4136]},"properties":{"kind":"wave","scale":1.09}},{"type":"Feature","geometry":{"type":"Point","coordinates":[4190,4178]},"properties":{"kind":"wave","scale":0.83}},{"type":"Feature","geometry":{"type":"Point","coordinates":[4305,4123]},"properties":{"kind":"wave","scale":0.76}},{"type":"Feature","geometry":{"type":"Point","coordinates":[4387,4111]},"properties":{"kind":"wave","scale":0.82}},{"type":"Feature","geometry":{"type":"Point","coordinates":[4498,4140]},"properties":{"kind":"wave","scale":0.98}},{"type":"Feature","geometry":{"type":"Point","coordinates":[4574,4099]},"properties":{"kind":"wave","scale":1.07}},{"type":"Feature","geometry":{"type":"Point","coordinates":[4654,4112]},"properties":{"kind":"wave","scale":0.8}},{"type":"Feature","geometry":{"type":"Point","coordinates":[4811,4106]},"properties":{"kind":"wave","scale":0.86}},{"type":"Feature","geometry":{"type":"Point","coordinates":[4875,4124]},"properties":{"kind":"wave","scale":0.87}},{"type":"Feature","geometry":{"type":"Point","coordinates":[4919,4127]},"properties":{"kind":"wave","scale":1.16}},{"type":"Feature","geometry":{"type":"Point","coordinates":[5057,4127]},"properties":{"kind":"wave","scale":0.86}},{"type":"Feature","geometry":{"type":"Point","coordinates":[5162,4110]},"properties":{"kind":"wave","scale":0.87}},{"type":"Feature","geometry":{"type":"Point","coordinates":[5191,4143]},"properties":{"kind":"wave","scale":0.99}},{"type":"Feature","geometry":{"type":"Point","coordinates":[6199,4097]},"properties":{"kind":"wave","scale":0.84}},{"type":"Feature","geometry":{"type":"Point","coordinates":[6765,4179]},"properties":{"kind":"wave","scale":1.19}},{"type":"Feature","geometry":{"type":"Point","coordinates":[6838,4105]},"properties":{"kind":"wave","scale":1.19}},{"type":"Feature","geometry":{"type":"Point","coordinates":[7095,4117]},"properties":{"kind":"wave","scale":0.92}},{"type":"Feature","geometry":{"type":"Point","coordinates":[7237,4167]},"properties":{"kind":"wave","scale":0.85}},{"type":"Feature","geometry":{"type":"Point","coordinates":[7284,4101]},"properties":{"kind":"wave","scale":1.01}},{"type":"Feature","geometry":{"type":"Point","coordinates":[7498,4112]},"properties":{"kind":"wave","scale":0.77}},{"type":"Feature","geometry":{"type":"Point","coordinates":[7682,4133]},"properties":{"kind":"wave","scale":0.95}},{"type":"Feature","geometry":{"type":"Point","coordinates":[7751,4179]},"properties":{"kind":"wave","scale":1.23}},{"type":"Feature","geometry":{"type":"Point","coordinates":[7971,4139]},"properties":{"kind":"wave","scale":0.91}},{"type":"Feature","geometry":{"type":"Point","coordinates":[8103,4130]},"properties":{"kind":"wave","scale":0.88}},{"type":"Feature","geometry":{"type":"Point","coordinates":[8210,4123]},"properties":{"kind":"wave","scale":1.17}},{"type":"Feature","geometry":{"type":"Point","coordinates":[8253,4130]},"properties":{"kind":"wave","scale":0.96}},{"type":"Feature","geometry":{"type":"Point","coordinates":[8379,4109]},"properties":{"kind":"wave","scale":1.04}},{"type":"Feature","geometry":{"type":"Point","coordinates":[8431,4131]},"properties":{"kind":"wave","scale":1.1}},{"type":"Feature","geometry":{"type":"Point","coordinates":[8594,4174]},"properties":{"kind":"wave","scale":0.81}},{"type":"Feature","geometry":{"type":"Point","coordinates":[8682,4157]},"properties":{"kind":"wave","scale":1.21}},{"type":"Feature","geometry":{"type":"Point","coordinates":[8718,4142]},"properties":{"kind":"wave","scale":1.21}},{"type":"Feature","geometry":{"type":"Point","coordinates":[8807,4101]},"properties":{"kind":"wave","scale":1.02}},{"type":"Feature","geometry":{"type":"Point","coordinates":[8900,4104]},"properties":{"kind":"wave","scale":0.84}},{"type":"Feature","geometry":{"type":"Point","coordinates":[9029,4171]},"properties":{"kind":"wave","scale":0.96}},{"type":"Feature","geometry":{"type":"Point","coordinates":[9124,4122]},"properties":{"kind":"wave","scale":1.14}},{"type":"Feature","geometry":{"type":"Point","coordinates":[9200,4103]},"properties":{"kind":"wave","scale":1.2}},{"type":"Feature","geometry":{"type":"Point","coordinates":[9235,4098]},"properties":{"kind":"wave","scale":1.23}},{"type":"Feature","geometry":{"type":"Point","coordinates":[9319,4105]},"properties":{"kind":"wave","scale":0.86}},{"type":"Feature","geometry":{"type":"Point","coordinates":[9495,4167]},"properties":{"kind":"wave","scale":1.16}},{"type":"Feature","geometry":{"type":"Point","coordinates":[664,4212]},"properties":{"kind":"wave","scale":0.8}},{"type":"Feature","geometry":{"type":"Point","coordinates":[694,4255]},"properties":{"kind":"wave","scale":1.06}},{"type":"Feature","geometry":{"type":"Point","coordinates":[841,4271]},"properties":{"kind":"wave","scale":0.88}},{"type":"Feature","geometry":{"type":"Point","coordinates":[886,4193]},"properties":{"kind":"wave","scale":1.22}},{"type":"Feature","geometry":{"type":"Point","coordinates":[998,4261]},"properties":{"kind":"wave","scale":1.06}},{"type":"Feature","geometry":{"type":"Point","coordinates":[1107,4191]},"properties":{"kind":"wave","scale":1.16}},{"type":"Feature","geometry":{"type":"Point","coordinates":[1355,4215]},"properties":{"kind":"wave","scale":0.81}},{"type":"Feature","geometry":{"type":"Point","coordinates":[1525,4203]},"properties":{"kind":"wave","scale":0.89}},{"type":"Feature","geometry":{"type":"Point","coordinates":[1645,4265]},"properties":{"kind":"wave","scale":0.89}},{"type":"Feature","geometry":{"type":"Point","coordinates":[1667,4243]},"properties":{"kind":"wave","scale":1}},{"type":"Feature","geometry":{"type":"Point","coordinates":[1757,4250]},"properties":{"kind":"wave","scale":0.87}},{"type":"Feature","geometry":{"type":"Point","coordinates":[1875,4248]},"properties":{"kind":"wave","scale":1.24}},{"type":"Feature","geometry":{"type":"Point","coordinates":[2274,4250]},"properties":{"kind":"wave","scale":0.82}},{"type":"Feature","geometry":{"type":"Point","coordinates":[2431,4270]},"properties":{"kind":"wave","scale":0.85}},{"type":"Feature","geometry":{"type":"Point","coordinates":[2487,4272]},"properties":{"kind":"wave","scale":0.95}},{"type":"Feature","geometry":{"type":"Point","coordinates":[2685,4274]},"properties":{"kind":"wave","scale":0.99}},{"type":"Feature","geometry":{"type":"Point","coordinates":[3459,4238]},"properties":{"kind":"wave","scale":0.77}},{"type":"Feature","geometry":{"type":"Point","coordinates":[3509,4235]},"properties":{"kind":"wave","scale":1.16}},{"type":"Feature","geometry":{"type":"Point","coordinates":[3577,4260]},"properties":{"kind":"wave","scale":0.8}},{"type":"Feature","geometry":{"type":"Point","coordinates":[3974,4275]},"properties":{"kind":"wave","scale":1.18}},{"type":"Feature","geometry":{"type":"Point","coordinates":[4094,4215]},"properties":{"kind":"wave","scale":0.93}},{"type":"Feature","geometry":{"type":"Point","coordinates":[4182,4268]},"properties":{"kind":"wave","scale":0.92}},{"type":"Feature","geometry":{"type":"Point","coordinates":[4251,4189]},"properties":{"kind":"wave","scale":0.77}},{"type":"Feature","geometry":{"type":"Point","coordinates":[4301,4250]},"properties":{"kind":"wave","scale":0.88}},{"type":"Feature","geometry":{"type":"Point","coordinates":[4385,4249]},"properties":{"kind":"wave","scale":0.95}},{"type":"Feature","geometry":{"type":"Point","coordinates":[4462,4193]},"properties":{"kind":"wave","scale":1.12}},{"type":"Feature","geometry":{"type":"Point","coordinates":[4584,4188]},"properties":{"kind":"wave","scale":1.06}},{"type":"Feature","geometry":{"type":"Point","coordinates":[4662,4194]},"properties":{"kind":"wave","scale":0.75}},{"type":"Feature","geometry":{"type":"Point","coordinates":[4766,4228]},"properties":{"kind":"wave","scale":0.82}},{"type":"Feature","geometry":{"type":"Point","coordinates":[4843,4200]},"properties":{"kind":"wave","scale":1.06}},{"type":"Feature","geometry":{"type":"Point","coordinates":[4973,4198]},"properties":{"kind":"wave","scale":1.18}},{"type":"Feature","geometry":{"type":"Point","coordinates":[5042,4201]},"properties":{"kind":"wave","scale":1.11}},{"type":"Feature","geometry":{"type":"Point","coordinates":[5107,4241]},"properties":{"kind":"wave","scale":1.13}},{"type":"Feature","geometry":{"type":"Point","coordinates":[5252,4236]},"properties":{"kind":"wave","scale":0.98}},{"type":"Feature","geometry":{"type":"Point","coordinates":[5320,4249]},"properties":{"kind":"wave","scale":0.96}},{"type":"Feature","geometry":{"type":"Point","coordinates":[5382,4267]},"properties":{"kind":"wave","scale":1.06}},{"type":"Feature","geometry":{"type":"Point","coordinates":[6475,4200]},"properties":{"kind":"wave","scale":1.16}},{"type":"Feature","geometry":{"type":"Point","coordinates":[6594,4257]},"properties":{"kind":"wave","scale":1.21}},{"type":"Feature","geometry":{"type":"Point","coordinates":[6616,4247]},"properties":{"kind":"wave","scale":1.16}},{"type":"Feature","geometry":{"type":"Point","coordinates":[6776,4194]},"properties":{"kind":"wave","scale":1.16}},{"type":"Feature","geometry":{"type":"Point","coordinates":[6818,4209]},"properties":{"kind":"wave","scale":0.9}},{"type":"Feature","geometry":{"type":"Point","coordinates":[7022,4237]},"properties":{"kind":"wave","scale":0.96}},{"type":"Feature","geometry":{"type":"Point","coordinates":[7106,4208]},"properties":{"kind":"wave","scale":0.97}},{"type":"Feature","geometry":{"type":"Point","coordinates":[7222,4205]},"properties":{"kind":"wave","scale":0.8}},{"type":"Feature","geometry":{"type":"Point","coordinates":[7352,4239]},"properties":{"kind":"wave","scale":0.93}},{"type":"Feature","geometry":{"type":"Point","coordinates":[7509,4231]},"properties":{"kind":"wave","scale":0.86}},{"type":"Feature","geometry":{"type":"Point","coordinates":[7579,4268]},"properties":{"kind":"wave","scale":1.2}},{"type":"Feature","geometry":{"type":"Point","coordinates":[7633,4267]},"properties":{"kind":"wave","scale":1.01}},{"type":"Feature","geometry":{"type":"Point","coordinates":[7753,4231]},"properties":{"kind":"wave","scale":0.78}},{"type":"Feature","geometry":{"type":"Point","coordinates":[7851,4215]},"properties":{"kind":"wave","scale":1.17}},{"type":"Feature","geometry":{"type":"Point","coordinates":[7917,4262]},"properties":{"kind":"wave","scale":0.85}},{"type":"Feature","geometry":{"type":"Point","coordinates":[8009,4242]},"properties":{"kind":"wave","scale":1.12}},{"type":"Feature","geometry":{"type":"Point","coordinates":[8115,4196]},"properties":{"kind":"wave","scale":0.96}},{"type":"Feature","geometry":{"type":"Point","coordinates":[8173,4193]},"properties":{"kind":"wave","scale":1}},{"type":"Feature","geometry":{"type":"Point","coordinates":[8412,4248]},"properties":{"kind":"wave","scale":0.97}},{"type":"Feature","geometry":{"type":"Point","coordinates":[8488,4194]},"properties":{"kind":"wave","scale":1.04}},{"type":"Feature","geometry":{"type":"Point","coordinates":[8539,4237]},"properties":{"kind":"wave","scale":1.18}},{"type":"Feature","geometry":{"type":"Point","coordinates":[8619,4231]},"properties":{"kind":"wave","scale":1.21}},{"type":"Feature","geometry":{"type":"Point","coordinates":[8700,4260]},"properties":{"kind":"wave","scale":0.97}},{"type":"Feature","geometry":{"type":"Point","coordinates":[8959,4208]},"properties":{"kind":"wave","scale":1.21}},{"type":"Feature","geometry":{"type":"Point","coordinates":[9122,4187]},"properties":{"kind":"wave","scale":0.98}},{"type":"Feature","geometry":{"type":"Point","coordinates":[9184,4198]},"properties":{"kind":"wave","scale":0.94}},{"type":"Feature","geometry":{"type":"Point","coordinates":[9287,4254]},"properties":{"kind":"wave","scale":1.17}},{"type":"Feature","geometry":{"type":"Point","coordinates":[9366,4214]},"properties":{"kind":"wave","scale":0.76}},{"type":"Feature","geometry":{"type":"Point","coordinates":[9458,4231]},"properties":{"kind":"wave","scale":0.8}},{"type":"Feature","geometry":{"type":"Point","coordinates":[9516,4197]},"properties":{"kind":"wave","scale":1.11}},{"type":"Feature","geometry":{"type":"Point","coordinates":[817,4287]},"properties":{"kind":"wave","scale":1.07}},{"type":"Feature","geometry":{"type":"Point","coordinates":[922,4351]},"properties":{"kind":"wave","scale":1.04}},{"type":"Feature","geometry":{"type":"Point","coordinates":[982,4281]},"properties":{"kind":"wave","scale":0.77}},{"type":"Feature","geometry":{"type":"Point","coordinates":[1076,4332]},"properties":{"kind":"wave","scale":0.93}},{"type":"Feature","geometry":{"type":"Point","coordinates":[1160,4330]},"properties":{"kind":"wave","scale":0.82}},{"type":"Feature","geometry":{"type":"Point","coordinates":[1433,4312]},"properties":{"kind":"wave","scale":0.87}},{"type":"Feature","geometry":{"type":"Point","coordinates":[1521,4289]},"properties":{"kind":"wave","scale":1}},{"type":"Feature","geometry":{"type":"Point","coordinates":[1595,4345]},"properties":{"kind":"wave","scale":0.97}},{"type":"Feature","geometry":{"type":"Point","coordinates":[1718,4278]},"properties":{"kind":"wave","scale":0.81}},{"type":"Feature","geometry":{"type":"Point","coordinates":[1831,4327]},"properties":{"kind":"wave","scale":1.06}},{"type":"Feature","geometry":{"type":"Point","coordinates":[2100,4352]},"properties":{"kind":"wave","scale":0.95}},{"type":"Feature","geometry":{"type":"Point","coordinates":[2188,4342]},"properties":{"kind":"wave","scale":1.03}},{"type":"Feature","geometry":{"type":"Point","coordinates":[2278,4363]},"properties":{"kind":"wave","scale":1.12}},{"type":"Feature","geometry":{"type":"Point","coordinates":[2306,4335]},"properties":{"kind":"wave","scale":0.92}},{"type":"Feature","geometry":{"type":"Point","coordinates":[2474,4296]},"properties":{"kind":"wave","scale":1.06}},{"type":"Feature","geometry":{"type":"Point","coordinates":[2535,4359]},"properties":{"kind":"wave","scale":1.07}},{"type":"Feature","geometry":{"type":"Point","coordinates":[2648,4283]},"properties":{"kind":"wave","scale":0.86}},{"type":"Feature","geometry":{"type":"Point","coordinates":[2736,4298]},"properties":{"kind":"wave","scale":0.96}},{"type":"Feature","geometry":{"type":"Point","coordinates":[2770,4285]},"properties":{"kind":"wave","scale":1.23}},{"type":"Feature","geometry":{"type":"Point","coordinates":[3456,4312]},"properties":{"kind":"wave","scale":0.96}},{"type":"Feature","geometry":{"type":"Point","coordinates":[3530,4306]},"properties":{"kind":"wave","scale":0.94}},{"type":"Feature","geometry":{"type":"Point","coordinates":[3615,4323]},"properties":{"kind":"wave","scale":0.96}},{"type":"Feature","geometry":{"type":"Point","coordinates":[4010,4290]},"properties":{"kind":"wave","scale":0.88}},{"type":"Feature","geometry":{"type":"Point","coordinates":[4131,4313]},"properties":{"kind":"wave","scale":1.25}},{"type":"Feature","geometry":{"type":"Point","coordinates":[4234,4298]},"properties":{"kind":"wave","scale":0.91}},{"type":"Feature","geometry":{"type":"Point","coordinates":[4287,4299]},"properties":{"kind":"wave","scale":1.08}},{"type":"Feature","geometry":{"type":"Point","coordinates":[4373,4328]},"properties":{"kind":"wave","scale":0.97}},{"type":"Feature","geometry":{"type":"Point","coordinates":[4510,4321]},"properties":{"kind":"wave","scale":0.91}},{"type":"Feature","geometry":{"type":"Point","coordinates":[4553,4318]},"properties":{"kind":"wave","scale":1.01}},{"type":"Feature","geometry":{"type":"Point","coordinates":[4682,4306]},"properties":{"kind":"wave","scale":0.91}},{"type":"Feature","geometry":{"type":"Point","coordinates":[4858,4344]},"properties":{"kind":"wave","scale":1.13}},{"type":"Feature","geometry":{"type":"Point","coordinates":[4987,4350]},"properties":{"kind":"wave","scale":0.77}},{"type":"Feature","geometry":{"type":"Point","coordinates":[5099,4312]},"properties":{"kind":"wave","scale":1.2}},{"type":"Feature","geometry":{"type":"Point","coordinates":[5217,4302]},"properties":{"kind":"wave","scale":1.08}},{"type":"Feature","geometry":{"type":"Point","coordinates":[5267,4294]},"properties":{"kind":"wave","scale":0.98}},{"type":"Feature","geometry":{"type":"Point","coordinates":[5377,4322]},"properties":{"kind":"wave","scale":1.24}},{"type":"Feature","geometry":{"type":"Point","coordinates":[5518,4342]},"properties":{"kind":"wave","scale":1.09}},{"type":"Feature","geometry":{"type":"Point","coordinates":[5545,4333]},"properties":{"kind":"wave","scale":0.81}},{"type":"Feature","geometry":{"type":"Point","coordinates":[5637,4344]},"properties":{"kind":"wave","scale":0.81}},{"type":"Feature","geometry":{"type":"Point","coordinates":[6339,4345]},"properties":{"kind":"wave","scale":1.08}},{"type":"Feature","geometry":{"type":"Point","coordinates":[6430,4351]},"properties":{"kind":"wave","scale":1.1}},{"type":"Feature","geometry":{"type":"Point","coordinates":[6512,4352]},"properties":{"kind":"wave","scale":1.03}},{"type":"Feature","geometry":{"type":"Point","coordinates":[6562,4310]},"properties":{"kind":"wave","scale":0.97}},{"type":"Feature","geometry":{"type":"Point","coordinates":[6789,4316]},"properties":{"kind":"wave","scale":0.77}},{"type":"Feature","geometry":{"type":"Point","coordinates":[6870,4310]},"properties":{"kind":"wave","scale":1.07}},{"type":"Feature","geometry":{"type":"Point","coordinates":[7014,4330]},"properties":{"kind":"wave","scale":0.84}},{"type":"Feature","geometry":{"type":"Point","coordinates":[7090,4280]},"properties":{"kind":"wave","scale":1.13}},{"type":"Feature","geometry":{"type":"Point","coordinates":[7367,4349]},"properties":{"kind":"wave","scale":1.02}},{"type":"Feature","geometry":{"type":"Point","coordinates":[7595,4299]},"properties":{"kind":"wave","scale":0.92}},{"type":"Feature","geometry":{"type":"Point","coordinates":[7684,4302]},"properties":{"kind":"wave","scale":0.9}},{"type":"Feature","geometry":{"type":"Point","coordinates":[7736,4287]},"properties":{"kind":"wave","scale":0.82}},{"type":"Feature","geometry":{"type":"Point","coordinates":[7809,4342]},"properties":{"kind":"wave","scale":1.02}},{"type":"Feature","geometry":{"type":"Point","coordinates":[7918,4328]},"properties":{"kind":"wave","scale":0.95}},{"type":"Feature","geometry":{"type":"Point","coordinates":[7998,4296]},"properties":{"kind":"wave","scale":0.78}},{"type":"Feature","geometry":{"type":"Point","coordinates":[8070,4360]},"properties":{"kind":"wave","scale":0.92}},{"type":"Feature","geometry":{"type":"Point","coordinates":[8409,4298]},"properties":{"kind":"wave","scale":0.78}},{"type":"Feature","geometry":{"type":"Point","coordinates":[8467,4279]},"properties":{"kind":"wave","scale":1.07}},{"type":"Feature","geometry":{"type":"Point","coordinates":[8590,4316]},"properties":{"kind":"wave","scale":1.21}},{"type":"Feature","geometry":{"type":"Point","coordinates":[8635,4306]},"properties":{"kind":"wave","scale":1.21}},{"type":"Feature","geometry":{"type":"Point","coordinates":[9129,4284]},"properties":{"kind":"wave","scale":1.18}},{"type":"Feature","geometry":{"type":"Point","coordinates":[9379,4283]},"properties":{"kind":"wave","scale":1.24}},{"type":"Feature","geometry":{"type":"Point","coordinates":[9461,4326]},"properties":{"kind":"wave","scale":1.23}},{"type":"Feature","geometry":{"type":"Point","coordinates":[9580,4341]},"properties":{"kind":"wave","scale":1}},{"type":"Feature","geometry":{"type":"Point","coordinates":[9607,4279]},"properties":{"kind":"wave","scale":0.79}},{"type":"Feature","geometry":{"type":"Point","coordinates":[9751,4355]},"properties":{"kind":"wave","scale":1.02}},{"type":"Feature","geometry":{"type":"Point","coordinates":[9793,4353]},"properties":{"kind":"wave","scale":1.22}},{"type":"Feature","geometry":{"type":"Point","coordinates":[9890,4297]},"properties":{"kind":"wave","scale":1.25}},{"type":"Feature","geometry":{"type":"Point","coordinates":[9985,4312]},"properties":{"kind":"wave","scale":1.08}},{"type":"Feature","geometry":{"type":"Point","coordinates":[780,4379]},"properties":{"kind":"wave","scale":0.76}},{"type":"Feature","geometry":{"type":"Point","coordinates":[926,4376]},"properties":{"kind":"wave","scale":0.95}},{"type":"Feature","geometry":{"type":"Point","coordinates":[1030,4366]},"properties":{"kind":"wave","scale":1.18}},{"type":"Feature","geometry":{"type":"Point","coordinates":[1208,4451]},"properties":{"kind":"wave","scale":1.2}},{"type":"Feature","geometry":{"type":"Point","coordinates":[1287,4422]},"properties":{"kind":"wave","scale":0.96}},{"type":"Feature","geometry":{"type":"Point","coordinates":[1355,4454]},"properties":{"kind":"wave","scale":0.9}},{"type":"Feature","geometry":{"type":"Point","coordinates":[1435,4413]},"properties":{"kind":"wave","scale":0.76}},{"type":"Feature","geometry":{"type":"Point","coordinates":[1547,4413]},"properties":{"kind":"wave","scale":1.12}},{"type":"Feature","geometry":{"type":"Point","coordinates":[1609,4396]},"properties":{"kind":"wave","scale":0.83}},{"type":"Feature","geometry":{"type":"Point","coordinates":[1668,4404]},"properties":{"kind":"wave","scale":1.23}},{"type":"Feature","geometry":{"type":"Point","coordinates":[1781,4443]},"properties":{"kind":"wave","scale":1.18}},{"type":"Feature","geometry":{"type":"Point","coordinates":[1856,4399]},"properties":{"kind":"wave","scale":1.17}},{"type":"Feature","geometry":{"type":"Point","coordinates":[1977,4391]},"properties":{"kind":"wave","scale":1.03}},{"type":"Feature","geometry":{"type":"Point","coordinates":[2025,4368]},"properties":{"kind":"wave","scale":0.79}},{"type":"Feature","geometry":{"type":"Point","coordinates":[2146,4380]},"properties":{"kind":"wave","scale":0.93}},{"type":"Feature","geometry":{"type":"Point","coordinates":[2221,4400]},"properties":{"kind":"wave","scale":0.82}},{"type":"Feature","geometry":{"type":"Point","coordinates":[2348,4418]},"properties":{"kind":"wave","scale":0.99}},{"type":"Feature","geometry":{"type":"Point","coordinates":[2439,4387]},"properties":{"kind":"wave","scale":0.96}},{"type":"Feature","geometry":{"type":"Point","coordinates":[2541,4426]},"properties":{"kind":"wave","scale":1.23}},{"type":"Feature","geometry":{"type":"Point","coordinates":[2763,4367]},"properties":{"kind":"wave","scale":0.79}},{"type":"Feature","geometry":{"type":"Point","coordinates":[2941,4418]},"properties":{"kind":"wave","scale":0.78}},{"type":"Feature","geometry":{"type":"Point","coordinates":[3058,4446]},"properties":{"kind":"wave","scale":0.89}},{"type":"Feature","geometry":{"type":"Point","coordinates":[3463,4419]},"properties":{"kind":"wave","scale":1.14}},{"type":"Feature","geometry":{"type":"Point","coordinates":[3501,4406]},"properties":{"kind":"wave","scale":0.77}},{"type":"Feature","geometry":{"type":"Point","coordinates":[3570,4377]},"properties":{"kind":"wave","scale":1.08}},{"type":"Feature","geometry":{"type":"Point","coordinates":[3982,4374]},"properties":{"kind":"wave","scale":0.78}},{"type":"Feature","geometry":{"type":"Point","coordinates":[4073,4442]},"properties":{"kind":"wave","scale":0.95}},{"type":"Feature","geometry":{"type":"Point","coordinates":[4263,4416]},"properties":{"kind":"wave","scale":1.16}},{"type":"Feature","geometry":{"type":"Point","coordinates":[4309,4378]},"properties":{"kind":"wave","scale":0.86}},{"type":"Feature","geometry":{"type":"Point","coordinates":[4584,4439]},"properties":{"kind":"wave","scale":0.96}},{"type":"Feature","geometry":{"type":"Point","coordinates":[4653,4378]},"properties":{"kind":"wave","scale":1.15}},{"type":"Feature","geometry":{"type":"Point","coordinates":[4740,4366]},"properties":{"kind":"wave","scale":0.85}},{"type":"Feature","geometry":{"type":"Point","coordinates":[4819,4426]},"properties":{"kind":"wave","scale":1}},{"type":"Feature","geometry":{"type":"Point","coordinates":[4948,4385]},"properties":{"kind":"wave","scale":1.04}},{"type":"Feature","geometry":{"type":"Point","coordinates":[5053,4385]},"properties":{"kind":"wave","scale":0.92}},{"type":"Feature","geometry":{"type":"Point","coordinates":[5165,4401]},"properties":{"kind":"wave","scale":0.88}},{"type":"Feature","geometry":{"type":"Point","coordinates":[5238,4380]},"properties":{"kind":"wave","scale":1.06}},{"type":"Feature","geometry":{"type":"Point","coordinates":[5313,4426]},"properties":{"kind":"wave","scale":0.92}},{"type":"Feature","geometry":{"type":"Point","coordinates":[5409,4441]},"properties":{"kind":"wave","scale":0.98}},{"type":"Feature","geometry":{"type":"Point","coordinates":[5447,4443]},"properties":{"kind":"wave","scale":1}},{"type":"Feature","geometry":{"type":"Point","coordinates":[5613,4384]},"properties":{"kind":"wave","scale":0.95}},{"type":"Feature","geometry":{"type":"Point","coordinates":[5670,4411]},"properties":{"kind":"wave","scale":1.18}},{"type":"Feature","geometry":{"type":"Point","coordinates":[6153,4432]},"properties":{"kind":"wave","scale":1.18}},{"type":"Feature","geometry":{"type":"Point","coordinates":[6241,4396]},"properties":{"kind":"wave","scale":1.02}},{"type":"Feature","geometry":{"type":"Point","coordinates":[6296,4389]},"properties":{"kind":"wave","scale":1.1}},{"type":"Feature","geometry":{"type":"Point","coordinates":[6401,4417]},"properties":{"kind":"wave","scale":1.15}},{"type":"Feature","geometry":{"type":"Point","coordinates":[6479,4452]},"properties":{"kind":"wave","scale":0.99}},{"type":"Feature","geometry":{"type":"Point","coordinates":[6603,4368]},"properties":{"kind":"wave","scale":0.9}},{"type":"Feature","geometry":{"type":"Point","coordinates":[7151,4444]},"properties":{"kind":"wave","scale":1.04}},{"type":"Feature","geometry":{"type":"Point","coordinates":[7227,4390]},"properties":{"kind":"wave","scale":0.89}},{"type":"Feature","geometry":{"type":"Point","coordinates":[7269,4447]},"properties":{"kind":"wave","scale":0.98}},{"type":"Feature","geometry":{"type":"Point","coordinates":[7360,4368]},"properties":{"kind":"wave","scale":0.97}},{"type":"Feature","geometry":{"type":"Point","coordinates":[7644,4441]},"properties":{"kind":"wave","scale":0.94}},{"type":"Feature","geometry":{"type":"Point","coordinates":[7742,4380]},"properties":{"kind":"wave","scale":1.02}},{"type":"Feature","geometry":{"type":"Point","coordinates":[7862,4365]},"properties":{"kind":"wave","scale":1.23}},{"type":"Feature","geometry":{"type":"Point","coordinates":[7880,4443]},"properties":{"kind":"wave","scale":0.78}},{"type":"Feature","geometry":{"type":"Point","coordinates":[7982,4432]},"properties":{"kind":"wave","scale":0.8}},{"type":"Feature","geometry":{"type":"Point","coordinates":[8061,4422]},"properties":{"kind":"wave","scale":1.15}},{"type":"Feature","geometry":{"type":"Point","coordinates":[8514,4403]},"properties":{"kind":"wave","scale":1.03}},{"type":"Feature","geometry":{"type":"Point","coordinates":[8597,4428]},"properties":{"kind":"wave","scale":1.17}},{"type":"Feature","geometry":{"type":"Point","coordinates":[9393,4374]},"properties":{"kind":"wave","scale":0.76}},{"type":"Feature","geometry":{"type":"Point","coordinates":[9411,4435]},"properties":{"kind":"wave","scale":1.02}},{"type":"Feature","geometry":{"type":"Point","coordinates":[9582,4454]},"properties":{"kind":"wave","scale":0.97}},{"type":"Feature","geometry":{"type":"Point","coordinates":[9616,4439]},"properties":{"kind":"wave","scale":0.81}},{"type":"Feature","geometry":{"type":"Point","coordinates":[9684,4420]},"properties":{"kind":"wave","scale":0.8}},{"type":"Feature","geometry":{"type":"Point","coordinates":[9808,4400]},"properties":{"kind":"wave","scale":1.01}},{"type":"Feature","geometry":{"type":"Point","coordinates":[9871,4379]},"properties":{"kind":"wave","scale":1.17}},{"type":"Feature","geometry":{"type":"Point","coordinates":[9967,4390]},"properties":{"kind":"wave","scale":1.14}},{"type":"Feature","geometry":{"type":"Point","coordinates":[1004,4528]},"properties":{"kind":"wave","scale":0.98}},{"type":"Feature","geometry":{"type":"Point","coordinates":[1091,4510]},"properties":{"kind":"wave","scale":0.8}},{"type":"Feature","geometry":{"type":"Point","coordinates":[1184,4482]},"properties":{"kind":"wave","scale":0.95}},{"type":"Feature","geometry":{"type":"Point","coordinates":[1249,4457]},"properties":{"kind":"wave","scale":0.84}},{"type":"Feature","geometry":{"type":"Point","coordinates":[1315,4540]},"properties":{"kind":"wave","scale":0.93}},{"type":"Feature","geometry":{"type":"Point","coordinates":[1430,4475]},"properties":{"kind":"wave","scale":0.77}},{"type":"Feature","geometry":{"type":"Point","coordinates":[1561,4539]},"properties":{"kind":"wave","scale":1.17}},{"type":"Feature","geometry":{"type":"Point","coordinates":[1658,4484]},"properties":{"kind":"wave","scale":1.21}},{"type":"Feature","geometry":{"type":"Point","coordinates":[1677,4485]},"properties":{"kind":"wave","scale":0.8}},{"type":"Feature","geometry":{"type":"Point","coordinates":[1767,4542]},"properties":{"kind":"wave","scale":1.12}},{"type":"Feature","geometry":{"type":"Point","coordinates":[1918,4488]},"properties":{"kind":"wave","scale":1.01}},{"type":"Feature","geometry":{"type":"Point","coordinates":[1999,4456]},"properties":{"kind":"wave","scale":1}},{"type":"Feature","geometry":{"type":"Point","coordinates":[2074,4487]},"properties":{"kind":"wave","scale":0.78}},{"type":"Feature","geometry":{"type":"Point","coordinates":[2157,4462]},"properties":{"kind":"wave","scale":0.88}},{"type":"Feature","geometry":{"type":"Point","coordinates":[2280,4457]},"properties":{"kind":"wave","scale":0.89}},{"type":"Feature","geometry":{"type":"Point","coordinates":[2467,4542]},"properties":{"kind":"wave","scale":1.16}},{"type":"Feature","geometry":{"type":"Point","coordinates":[2475,4533]},"properties":{"kind":"wave","scale":0.93}},{"type":"Feature","geometry":{"type":"Point","coordinates":[2811,4513]},"properties":{"kind":"wave","scale":1.09}},{"type":"Feature","geometry":{"type":"Point","coordinates":[2855,4543]},"properties":{"kind":"wave","scale":1.21}},{"type":"Feature","geometry":{"type":"Point","coordinates":[2958,4459]},"properties":{"kind":"wave","scale":1.2}},{"type":"Feature","geometry":{"type":"Point","coordinates":[3043,4457]},"properties":{"kind":"wave","scale":0.92}},{"type":"Feature","geometry":{"type":"Point","coordinates":[3123,4493]},"properties":{"kind":"wave","scale":1.03}},{"type":"Feature","geometry":{"type":"Point","coordinates":[3225,4537]},"properties":{"kind":"wave","scale":1.08}},{"type":"Feature","geometry":{"type":"Point","coordinates":[3332,4517]},"properties":{"kind":"wave","scale":0.98}},{"type":"Feature","geometry":{"type":"Point","coordinates":[3378,4531]},"properties":{"kind":"wave","scale":0.95}},{"type":"Feature","geometry":{"type":"Point","coordinates":[3548,4535]},"properties":{"kind":"wave","scale":1.21}},{"type":"Feature","geometry":{"type":"Point","coordinates":[3592,4526]},"properties":{"kind":"wave","scale":0.92}},{"type":"Feature","geometry":{"type":"Point","coordinates":[4046,4515]},"properties":{"kind":"wave","scale":0.99}},{"type":"Feature","geometry":{"type":"Point","coordinates":[4115,4469]},"properties":{"kind":"wave","scale":0.84}},{"type":"Feature","geometry":{"type":"Point","coordinates":[4233,4509]},"properties":{"kind":"wave","scale":1.2}},{"type":"Feature","geometry":{"type":"Point","coordinates":[4290,4480]},"properties":{"kind":"wave","scale":0.75}},{"type":"Feature","geometry":{"type":"Point","coordinates":[4432,4464]},"properties":{"kind":"wave","scale":1.01}},{"type":"Feature","geometry":{"type":"Point","coordinates":[4463,4502]},"properties":{"kind":"wave","scale":1.16}},{"type":"Feature","geometry":{"type":"Point","coordinates":[4622,4538]},"properties":{"kind":"wave","scale":0.82}},{"type":"Feature","geometry":{"type":"Point","coordinates":[4689,4527]},"properties":{"kind":"wave","scale":0.97}},{"type":"Feature","geometry":{"type":"Point","coordinates":[4771,4502]},"properties":{"kind":"wave","scale":0.95}},{"type":"Feature","geometry":{"type":"Point","coordinates":[4839,4508]},"properties":{"kind":"wave","scale":0.86}},{"type":"Feature","geometry":{"type":"Point","coordinates":[4942,4476]},"properties":{"kind":"wave","scale":0.77}},{"type":"Feature","geometry":{"type":"Point","coordinates":[5061,4501]},"properties":{"kind":"wave","scale":1.07}},{"type":"Feature","geometry":{"type":"Point","coordinates":[5354,4471]},"properties":{"kind":"wave","scale":1.1}},{"type":"Feature","geometry":{"type":"Point","coordinates":[5498,4517]},"properties":{"kind":"wave","scale":1.02}},{"type":"Feature","geometry":{"type":"Point","coordinates":[5623,4543]},"properties":{"kind":"wave","scale":0.96}},{"type":"Feature","geometry":{"type":"Point","coordinates":[5631,4521]},"properties":{"kind":"wave","scale":0.87}},{"type":"Feature","geometry":{"type":"Point","coordinates":[5729,4479]},"properties":{"kind":"wave","scale":0.75}},{"type":"Feature","geometry":{"type":"Point","coordinates":[5810,4471]},"properties":{"kind":"wave","scale":0.77}},{"type":"Feature","geometry":{"type":"Point","coordinates":[5951,4510]},"properties":{"kind":"wave","scale":1.13}},{"type":"Feature","geometry":{"type":"Point","coordinates":[6149,4489]},"properties":{"kind":"wave","scale":1.14}},{"type":"Feature","geometry":{"type":"Point","coordinates":[6229,4471]},"properties":{"kind":"wave","scale":1.25}},{"type":"Feature","geometry":{"type":"Point","coordinates":[6321,4482]},"properties":{"kind":"wave","scale":0.81}},{"type":"Feature","geometry":{"type":"Point","coordinates":[6433,4459]},"properties":{"kind":"wave","scale":0.76}},{"type":"Feature","geometry":{"type":"Point","coordinates":[6462,4503]},"properties":{"kind":"wave","scale":0.79}},{"type":"Feature","geometry":{"type":"Point","coordinates":[7020,4487]},"properties":{"kind":"wave","scale":1.02}},{"type":"Feature","geometry":{"type":"Point","coordinates":[7149,4516]},"properties":{"kind":"wave","scale":0.94}},{"type":"Feature","geometry":{"type":"Point","coordinates":[7168,4495]},"properties":{"kind":"wave","scale":1.04}},{"type":"Feature","geometry":{"type":"Point","coordinates":[7324,4514]},"properties":{"kind":"wave","scale":0.79}},{"type":"Feature","geometry":{"type":"Point","coordinates":[7397,4512]},"properties":{"kind":"wave","scale":1.22}},{"type":"Feature","geometry":{"type":"Point","coordinates":[7459,4460]},"properties":{"kind":"wave","scale":0.87}},{"type":"Feature","geometry":{"type":"Point","coordinates":[7601,4541]},"properties":{"kind":"wave","scale":1.22}},{"type":"Feature","geometry":{"type":"Point","coordinates":[7623,4538]},"properties":{"kind":"wave","scale":1.09}},{"type":"Feature","geometry":{"type":"Point","coordinates":[7770,4539]},"properties":{"kind":"wave","scale":1.12}},{"type":"Feature","geometry":{"type":"Point","coordinates":[7809,4529]},"properties":{"kind":"wave","scale":1.15}},{"type":"Feature","geometry":{"type":"Point","coordinates":[7960,4516]},"properties":{"kind":"wave","scale":1.13}},{"type":"Feature","geometry":{"type":"Point","coordinates":[8048,4539]},"properties":{"kind":"wave","scale":1.24}},{"type":"Feature","geometry":{"type":"Point","coordinates":[8099,4465]},"properties":{"kind":"wave","scale":0.85}},{"type":"Feature","geometry":{"type":"Point","coordinates":[9507,4532]},"properties":{"kind":"wave","scale":1.17}},{"type":"Feature","geometry":{"type":"Point","coordinates":[9905,4524]},"properties":{"kind":"wave","scale":1.12}},{"type":"Feature","geometry":{"type":"Point","coordinates":[9954,4525]},"properties":{"kind":"wave","scale":0.78}},{"type":"Feature","geometry":{"type":"Point","coordinates":[1097,4578]},"properties":{"kind":"wave","scale":0.9}},{"type":"Feature","geometry":{"type":"Point","coordinates":[1289,4573]},"properties":{"kind":"wave","scale":1.08}},{"type":"Feature","geometry":{"type":"Point","coordinates":[1708,4579]},"properties":{"kind":"wave","scale":0.88}},{"type":"Feature","geometry":{"type":"Point","coordinates":[1997,4570]},"properties":{"kind":"wave","scale":1.16}},{"type":"Feature","geometry":{"type":"Point","coordinates":[2051,4568]},"properties":{"kind":"wave","scale":1.14}},{"type":"Feature","geometry":{"type":"Point","coordinates":[2442,4552]},"properties":{"kind":"wave","scale":1.06}},{"type":"Feature","geometry":{"type":"Point","coordinates":[2517,4558]},"properties":{"kind":"wave","scale":1.23}},{"type":"Feature","geometry":{"type":"Point","coordinates":[2612,4618]},"properties":{"kind":"wave","scale":1.21}},{"type":"Feature","geometry":{"type":"Point","coordinates":[2661,4550]},"properties":{"kind":"wave","scale":1.16}},{"type":"Feature","geometry":{"type":"Point","coordinates":[2818,4594]},"properties":{"kind":"wave","scale":0.96}},{"type":"Feature","geometry":{"type":"Point","coordinates":[2859,4562]},"properties":{"kind":"wave","scale":1.04}},{"type":"Feature","geometry":{"type":"Point","coordinates":[2976,4558]},"properties":{"kind":"wave","scale":0.95}},{"type":"Feature","geometry":{"type":"Point","coordinates":[3093,4546]},"properties":{"kind":"wave","scale":0.98}},{"type":"Feature","geometry":{"type":"Point","coordinates":[3190,4585]},"properties":{"kind":"wave","scale":1.08}},{"type":"Feature","geometry":{"type":"Point","coordinates":[3257,4561]},"properties":{"kind":"wave","scale":0.95}},{"type":"Feature","geometry":{"type":"Point","coordinates":[3366,4565]},"properties":{"kind":"wave","scale":0.98}},{"type":"Feature","geometry":{"type":"Point","coordinates":[3437,4595]},"properties":{"kind":"wave","scale":1.07}},{"type":"Feature","geometry":{"type":"Point","coordinates":[3995,4610]},"properties":{"kind":"wave","scale":1.16}},{"type":"Feature","geometry":{"type":"Point","coordinates":[4005,4628]},"properties":{"kind":"wave","scale":0.78}},{"type":"Feature","geometry":{"type":"Point","coordinates":[4164,4557]},"properties":{"kind":"wave","scale":1.01}},{"type":"Feature","geometry":{"type":"Point","coordinates":[4192,4582]},"properties":{"kind":"wave","scale":1}},{"type":"Feature","geometry":{"type":"Point","coordinates":[4302,4625]},"properties":{"kind":"wave","scale":0.82}},{"type":"Feature","geometry":{"type":"Point","coordinates":[4410,4585]},"properties":{"kind":"wave","scale":0.91}},{"type":"Feature","geometry":{"type":"Point","coordinates":[4486,4567]},"properties":{"kind":"wave","scale":0.78}},{"type":"Feature","geometry":{"type":"Point","coordinates":[4558,4559]},"properties":{"kind":"wave","scale":0.88}},{"type":"Feature","geometry":{"type":"Point","coordinates":[4678,4577]},"properties":{"kind":"wave","scale":1}},{"type":"Feature","geometry":{"type":"Point","coordinates":[4798,4631]},"properties":{"kind":"wave","scale":1.14}},{"type":"Feature","geometry":{"type":"Point","coordinates":[4824,4591]},"properties":{"kind":"wave","scale":0.87}},{"type":"Feature","geometry":{"type":"Point","coordinates":[4908,4574]},"properties":{"kind":"wave","scale":0.97}},{"type":"Feature","geometry":{"type":"Point","coordinates":[5045,4557]},"properties":{"kind":"wave","scale":0.81}},{"type":"Feature","geometry":{"type":"Point","coordinates":[5532,4574]},"properties":{"kind":"wave","scale":1.09}},{"type":"Feature","geometry":{"type":"Point","coordinates":[5550,4574]},"properties":{"kind":"wave","scale":0.87}},{"type":"Feature","geometry":{"type":"Point","coordinates":[5662,4588]},"properties":{"kind":"wave","scale":0.97}},{"type":"Feature","geometry":{"type":"Point","coordinates":[5728,4622]},"properties":{"kind":"wave","scale":0.89}},{"type":"Feature","geometry":{"type":"Point","coordinates":[5857,4594]},"properties":{"kind":"wave","scale":1.19}},{"type":"Feature","geometry":{"type":"Point","coordinates":[5922,4574]},"properties":{"kind":"wave","scale":1.09}},{"type":"Feature","geometry":{"type":"Point","coordinates":[6150,4589]},"properties":{"kind":"wave","scale":0.96}},{"type":"Feature","geometry":{"type":"Point","coordinates":[6166,4633]},"properties":{"kind":"wave","scale":1.07}},{"type":"Feature","geometry":{"type":"Point","coordinates":[6333,4581]},"properties":{"kind":"wave","scale":0.75}},{"type":"Feature","geometry":{"type":"Point","coordinates":[7301,4579]},"properties":{"kind":"wave","scale":1.23}},{"type":"Feature","geometry":{"type":"Point","coordinates":[7350,4573]},"properties":{"kind":"wave","scale":0.77}},{"type":"Feature","geometry":{"type":"Point","coordinates":[7455,4580]},"properties":{"kind":"wave","scale":1.2}},{"type":"Feature","geometry":{"type":"Point","coordinates":[7582,4588]},"properties":{"kind":"wave","scale":1.22}},{"type":"Feature","geometry":{"type":"Point","coordinates":[7629,4567]},"properties":{"kind":"wave","scale":1.02}},{"type":"Feature","geometry":{"type":"Point","coordinates":[7718,4590]},"properties":{"kind":"wave","scale":0.79}},{"type":"Feature","geometry":{"type":"Point","coordinates":[7868,4580]},"properties":{"kind":"wave","scale":1.06}},{"type":"Feature","geometry":{"type":"Point","coordinates":[7936,4590]},"properties":{"kind":"wave","scale":0.99}},{"type":"Feature","geometry":{"type":"Point","coordinates":[8028,4622]},"properties":{"kind":"wave","scale":1.18}},{"type":"Feature","geometry":{"type":"Point","coordinates":[9458,4571]},"properties":{"kind":"wave","scale":1.08}},{"type":"Feature","geometry":{"type":"Point","coordinates":[9562,4562]},"properties":{"kind":"wave","scale":1.05}},{"type":"Feature","geometry":{"type":"Point","coordinates":[2453,4638]},"properties":{"kind":"wave","scale":0.9}},{"type":"Feature","geometry":{"type":"Point","coordinates":[2561,4639]},"properties":{"kind":"wave","scale":1.1}},{"type":"Feature","geometry":{"type":"Point","coordinates":[2572,4651]},"properties":{"kind":"wave","scale":0.92}},{"type":"Feature","geometry":{"type":"Point","coordinates":[2739,4673]},"properties":{"kind":"wave","scale":1.17}},{"type":"Feature","geometry":{"type":"Point","coordinates":[2768,4639]},"properties":{"kind":"wave","scale":1.15}},{"type":"Feature","geometry":{"type":"Point","coordinates":[2890,4636]},"properties":{"kind":"wave","scale":0.87}},{"type":"Feature","geometry":{"type":"Point","coordinates":[3085,4643]},"properties":{"kind":"wave","scale":0.81}},{"type":"Feature","geometry":{"type":"Point","coordinates":[3998,4639]},"properties":{"kind":"wave","scale":1.06}},{"type":"Feature","geometry":{"type":"Point","coordinates":[4027,4690]},"properties":{"kind":"wave","scale":0.88}},{"type":"Feature","geometry":{"type":"Point","coordinates":[4124,4648]},"properties":{"kind":"wave","scale":1.16}},{"type":"Feature","geometry":{"type":"Point","coordinates":[4270,4692]},"properties":{"kind":"wave","scale":1.23}},{"type":"Feature","geometry":{"type":"Point","coordinates":[4311,4644]},"properties":{"kind":"wave","scale":1.18}},{"type":"Feature","geometry":{"type":"Point","coordinates":[4387,4673]},"properties":{"kind":"wave","scale":0.82}},{"type":"Feature","geometry":{"type":"Point","coordinates":[4736,4668]},"properties":{"kind":"wave","scale":0.99}},{"type":"Feature","geometry":{"type":"Point","coordinates":[4886,4637]},"properties":{"kind":"wave","scale":1.16}},{"type":"Feature","geometry":{"type":"Point","coordinates":[5614,4656]},"properties":{"kind":"wave","scale":1}},{"type":"Feature","geometry":{"type":"Point","coordinates":[5670,4684]},"properties":{"kind":"wave","scale":0.91}},{"type":"Feature","geometry":{"type":"Point","coordinates":[5770,4655]},"properties":{"kind":"wave","scale":0.91}},{"type":"Feature","geometry":{"type":"Point","coordinates":[5806,4714]},"properties":{"kind":"wave","scale":1.17}},{"type":"Feature","geometry":{"type":"Point","coordinates":[6071,4713]},"properties":{"kind":"wave","scale":1}},{"type":"Feature","geometry":{"type":"Point","coordinates":[6108,4675]},"properties":{"kind":"wave","scale":1.04}},{"type":"Feature","geometry":{"type":"Point","coordinates":[6254,4660]},"properties":{"kind":"wave","scale":0.81}},{"type":"Feature","geometry":{"type":"Point","coordinates":[7480,4656]},"properties":{"kind":"wave","scale":0.76}},{"type":"Feature","geometry":{"type":"Point","coordinates":[7518,4645]},"properties":{"kind":"wave","scale":0.91}},{"type":"Feature","geometry":{"type":"Point","coordinates":[7853,4647]},"properties":{"kind":"wave","scale":1.02}},{"type":"Feature","geometry":{"type":"Point","coordinates":[7960,4667]},"properties":{"kind":"wave","scale":1.07}},{"type":"Feature","geometry":{"type":"Point","coordinates":[7998,4647]},"properties":{"kind":"wave","scale":1.04}},{"type":"Feature","geometry":{"type":"Point","coordinates":[9216,4657]},"properties":{"kind":"wave","scale":0.98}},{"type":"Feature","geometry":{"type":"Point","coordinates":[9292,4662]},"properties":{"kind":"wave","scale":0.81}},{"type":"Feature","geometry":{"type":"Point","coordinates":[9361,4721]},"properties":{"kind":"wave","scale":1.06}},{"type":"Feature","geometry":{"type":"Point","coordinates":[9446,4666]},"properties":{"kind":"wave","scale":0.99}},{"type":"Feature","geometry":{"type":"Point","coordinates":[5353,4788]},"properties":{"kind":"wave","scale":1.25}},{"type":"Feature","geometry":{"type":"Point","coordinates":[5444,4747]},"properties":{"kind":"wave","scale":1.02}},{"type":"Feature","geometry":{"type":"Point","coordinates":[5489,4734]},"properties":{"kind":"wave","scale":1.24}},{"type":"Feature","geometry":{"type":"Point","coordinates":[5570,4744]},"properties":{"kind":"wave","scale":0.81}},{"type":"Feature","geometry":{"type":"Point","coordinates":[5658,4760]},"properties":{"kind":"wave","scale":1.1}},{"type":"Feature","geometry":{"type":"Point","coordinates":[5721,4795]},"properties":{"kind":"wave","scale":1.16}},{"type":"Feature","geometry":{"type":"Point","coordinates":[5845,4757]},"properties":{"kind":"wave","scale":1.08}},{"type":"Feature","geometry":{"type":"Point","coordinates":[5899,4757]},"properties":{"kind":"wave","scale":0.97}},{"type":"Feature","geometry":{"type":"Point","coordinates":[6039,4788]},"properties":{"kind":"wave","scale":0.87}},{"type":"Feature","geometry":{"type":"Point","coordinates":[6108,4812]},"properties":{"kind":"wave","scale":0.91}},{"type":"Feature","geometry":{"type":"Point","coordinates":[6192,4740]},"properties":{"kind":"wave","scale":1.1}},{"type":"Feature","geometry":{"type":"Point","coordinates":[7761,4809]},"properties":{"kind":"wave","scale":1}},{"type":"Feature","geometry":{"type":"Point","coordinates":[7788,4778]},"properties":{"kind":"wave","scale":0.95}},{"type":"Feature","geometry":{"type":"Point","coordinates":[7900,4749]},"properties":{"kind":"wave","scale":0.94}},{"type":"Feature","geometry":{"type":"Point","coordinates":[8000,4751]},"properties":{"kind":"wave","scale":1.03}},{"type":"Feature","geometry":{"type":"Point","coordinates":[9562,4743]},"properties":{"kind":"wave","scale":0.9}},{"type":"Feature","geometry":{"type":"Point","coordinates":[9988,4756]},"properties":{"kind":"wave","scale":1.16}},{"type":"Feature","geometry":{"type":"Point","coordinates":[1035,4891]},"properties":{"kind":"wave","scale":1.22}},{"type":"Feature","geometry":{"type":"Point","coordinates":[1098,4897]},"properties":{"kind":"wave","scale":0.78}},{"type":"Feature","geometry":{"type":"Point","coordinates":[4294,4905]},"properties":{"kind":"wave","scale":1.23}},{"type":"Feature","geometry":{"type":"Point","coordinates":[4921,4887]},"properties":{"kind":"wave","scale":1.19}},{"type":"Feature","geometry":{"type":"Point","coordinates":[5019,4838]},"properties":{"kind":"wave","scale":0.88}},{"type":"Feature","geometry":{"type":"Point","coordinates":[5172,4844]},"properties":{"kind":"wave","scale":1.01}},{"type":"Feature","geometry":{"type":"Point","coordinates":[5199,4849]},"properties":{"kind":"wave","scale":0.89}},{"type":"Feature","geometry":{"type":"Point","coordinates":[5332,4882]},"properties":{"kind":"wave","scale":0.8}},{"type":"Feature","geometry":{"type":"Point","coordinates":[5384,4844]},"properties":{"kind":"wave","scale":0.88}},{"type":"Feature","geometry":{"type":"Point","coordinates":[5527,4816]},"properties":{"kind":"wave","scale":0.85}},{"type":"Feature","geometry":{"type":"Point","coordinates":[5620,4882]},"properties":{"kind":"wave","scale":0.75}},{"type":"Feature","geometry":{"type":"Point","coordinates":[5639,4851]},"properties":{"kind":"wave","scale":1.17}},{"type":"Feature","geometry":{"type":"Point","coordinates":[5802,4877]},"properties":{"kind":"wave","scale":0.77}},{"type":"Feature","geometry":{"type":"Point","coordinates":[5830,4839]},"properties":{"kind":"wave","scale":0.87}},{"type":"Feature","geometry":{"type":"Point","coordinates":[5947,4829]},"properties":{"kind":"wave","scale":1.08}},{"type":"Feature","geometry":{"type":"Point","coordinates":[6011,4841]},"properties":{"kind":"wave","scale":0.93}},{"type":"Feature","geometry":{"type":"Point","coordinates":[6110,4843]},"properties":{"kind":"wave","scale":0.77}},{"type":"Feature","geometry":{"type":"Point","coordinates":[6183,4869]},"properties":{"kind":"wave","scale":0.97}},{"type":"Feature","geometry":{"type":"Point","coordinates":[6396,4872]},"properties":{"kind":"wave","scale":1.24}},{"type":"Feature","geometry":{"type":"Point","coordinates":[6462,4849]},"properties":{"kind":"wave","scale":1.04}},{"type":"Feature","geometry":{"type":"Point","coordinates":[6590,4861]},"properties":{"kind":"wave","scale":0.99}},{"type":"Feature","geometry":{"type":"Point","coordinates":[6661,4900]},"properties":{"kind":"wave","scale":0.9}},{"type":"Feature","geometry":{"type":"Point","coordinates":[6724,4893]},"properties":{"kind":"wave","scale":1.14}},{"type":"Feature","geometry":{"type":"Point","coordinates":[6972,4843]},"properties":{"kind":"wave","scale":0.97}},{"type":"Feature","geometry":{"type":"Point","coordinates":[7009,4835]},"properties":{"kind":"wave","scale":1.1}},{"type":"Feature","geometry":{"type":"Point","coordinates":[7067,4816]},"properties":{"kind":"wave","scale":0.89}},{"type":"Feature","geometry":{"type":"Point","coordinates":[7182,4886]},"properties":{"kind":"wave","scale":1.06}},{"type":"Feature","geometry":{"type":"Point","coordinates":[7303,4863]},"properties":{"kind":"wave","scale":1.01}},{"type":"Feature","geometry":{"type":"Point","coordinates":[7425,4891]},"properties":{"kind":"wave","scale":1.14}},{"type":"Feature","geometry":{"type":"Point","coordinates":[7643,4861]},"properties":{"kind":"wave","scale":1.15}},{"type":"Feature","geometry":{"type":"Point","coordinates":[7709,4829]},"properties":{"kind":"wave","scale":1.13}},{"type":"Feature","geometry":{"type":"Point","coordinates":[7853,4828]},"properties":{"kind":"wave","scale":1}},{"type":"Feature","geometry":{"type":"Point","coordinates":[7961,4888]},"properties":{"kind":"wave","scale":1.01}},{"type":"Feature","geometry":{"type":"Point","coordinates":[7986,4852]},"properties":{"kind":"wave","scale":1.03}},{"type":"Feature","geometry":{"type":"Point","coordinates":[9652,4830]},"properties":{"kind":"wave","scale":0.79}},{"type":"Feature","geometry":{"type":"Point","coordinates":[9696,4871]},"properties":{"kind":"wave","scale":0.81}},{"type":"Feature","geometry":{"type":"Point","coordinates":[9802,4888]},"properties":{"kind":"wave","scale":1.02}},{"type":"Feature","geometry":{"type":"Point","coordinates":[9911,4857]},"properties":{"kind":"wave","scale":1.19}},{"type":"Feature","geometry":{"type":"Point","coordinates":[208,4967]},"properties":{"kind":"wave","scale":1.24}},{"type":"Feature","geometry":{"type":"Point","coordinates":[246,4980]},"properties":{"kind":"wave","scale":0.98}},{"type":"Feature","geometry":{"type":"Point","coordinates":[363,4990]},"properties":{"kind":"wave","scale":1.14}},{"type":"Feature","geometry":{"type":"Point","coordinates":[431,4945]},"properties":{"kind":"wave","scale":0.86}},{"type":"Feature","geometry":{"type":"Point","coordinates":[539,4970]},"properties":{"kind":"wave","scale":0.81}},{"type":"Feature","geometry":{"type":"Point","coordinates":[610,4978]},"properties":{"kind":"wave","scale":0.97}},{"type":"Feature","geometry":{"type":"Point","coordinates":[735,4922]},"properties":{"kind":"wave","scale":0.99}},{"type":"Feature","geometry":{"type":"Point","coordinates":[800,4918]},"properties":{"kind":"wave","scale":0.91}},{"type":"Feature","geometry":{"type":"Point","coordinates":[934,4954]},"properties":{"kind":"wave","scale":0.81}},{"type":"Feature","geometry":{"type":"Point","coordinates":[1008,4922]},"properties":{"kind":"wave","scale":1.14}},{"type":"Feature","geometry":{"type":"Point","coordinates":[1081,4976]},"properties":{"kind":"wave","scale":0.79}},{"type":"Feature","geometry":{"type":"Point","coordinates":[1161,4940]},"properties":{"kind":"wave","scale":0.75}},{"type":"Feature","geometry":{"type":"Point","coordinates":[1271,4965]},"properties":{"kind":"wave","scale":0.85}},{"type":"Feature","geometry":{"type":"Point","coordinates":[1347,4938]},"properties":{"kind":"wave","scale":1.11}},{"type":"Feature","geometry":{"type":"Point","coordinates":[1449,4975]},"properties":{"kind":"wave","scale":0.85}},{"type":"Feature","geometry":{"type":"Point","coordinates":[1516,4960]},"properties":{"kind":"wave","scale":0.88}},{"type":"Feature","geometry":{"type":"Point","coordinates":[1602,4972]},"properties":{"kind":"wave","scale":0.97}},{"type":"Feature","geometry":{"type":"Point","coordinates":[1690,4984]},"properties":{"kind":"wave","scale":1.07}},{"type":"Feature","geometry":{"type":"Point","coordinates":[1804,4920]},"properties":{"kind":"wave","scale":1.15}},{"type":"Feature","geometry":{"type":"Point","coordinates":[1859,4968]},"properties":{"kind":"wave","scale":1.11}},{"type":"Feature","geometry":{"type":"Point","coordinates":[2023,4909]},"properties":{"kind":"wave","scale":1.02}},{"type":"Feature","geometry":{"type":"Point","coordinates":[2034,4976]},"properties":{"kind":"wave","scale":1.03}},{"type":"Feature","geometry":{"type":"Point","coordinates":[2189,4905]},"properties":{"kind":"wave","scale":1.12}},{"type":"Feature","geometry":{"type":"Point","coordinates":[2212,4938]},"properties":{"kind":"wave","scale":1.05}},{"type":"Feature","geometry":{"type":"Point","coordinates":[2348,4988]},"properties":{"kind":"wave","scale":1.07}},{"type":"Feature","geometry":{"type":"Point","coordinates":[2474,4953]},"properties":{"kind":"wave","scale":0.84}},{"type":"Feature","geometry":{"type":"Point","coordinates":[2506,4965]},"properties":{"kind":"wave","scale":0.98}},{"type":"Feature","geometry":{"type":"Point","coordinates":[2566,4977]},"properties":{"kind":"wave","scale":1.06}},{"type":"Feature","geometry":{"type":"Point","coordinates":[2677,4927]},"properties":{"kind":"wave","scale":0.97}},{"type":"Feature","geometry":{"type":"Point","coordinates":[2750,4936]},"properties":{"kind":"wave","scale":0.96}},{"type":"Feature","geometry":{"type":"Point","coordinates":[2856,4922]},"properties":{"kind":"wave","scale":1.23}},{"type":"Feature","geometry":{"type":"Point","coordinates":[3106,4939]},"properties":{"kind":"wave","scale":0.97}},{"type":"Feature","geometry":{"type":"Point","coordinates":[3238,4978]},"properties":{"kind":"wave","scale":0.78}},{"type":"Feature","geometry":{"type":"Point","coordinates":[3464,4985]},"properties":{"kind":"wave","scale":0.82}},{"type":"Feature","geometry":{"type":"Point","coordinates":[3532,4916]},"properties":{"kind":"wave","scale":1.22}},{"type":"Feature","geometry":{"type":"Point","coordinates":[3605,4943]},"properties":{"kind":"wave","scale":0.79}},{"type":"Feature","geometry":{"type":"Point","coordinates":[3678,4980]},"properties":{"kind":"wave","scale":0.92}},{"type":"Feature","geometry":{"type":"Point","coordinates":[3736,4924]},"properties":{"kind":"wave","scale":1.15}},{"type":"Feature","geometry":{"type":"Point","coordinates":[3892,4982]},"properties":{"kind":"wave","scale":1.25}},{"type":"Feature","geometry":{"type":"Point","coordinates":[3916,4981]},"properties":{"kind":"wave","scale":1.01}},{"type":"Feature","geometry":{"type":"Point","coordinates":[4095,4982]},"properties":{"kind":"wave","scale":0.82}},{"type":"Feature","geometry":{"type":"Point","coordinates":[4176,4984]},"properties":{"kind":"wave","scale":1.05}},{"type":"Feature","geometry":{"type":"Point","coordinates":[4221,4991]},"properties":{"kind":"wave","scale":0.87}},{"type":"Feature","geometry":{"type":"Point","coordinates":[4279,4930]},"properties":{"kind":"wave","scale":1.12}},{"type":"Feature","geometry":{"type":"Point","coordinates":[4448,4984]},"properties":{"kind":"wave","scale":0.98}},{"type":"Feature","geometry":{"type":"Point","coordinates":[4507,4959]},"properties":{"kind":"wave","scale":0.98}},{"type":"Feature","geometry":{"type":"Point","coordinates":[4618,4945]},"properties":{"kind":"wave","scale":1.2}},{"type":"Feature","geometry":{"type":"Point","coordinates":[4666,4931]},"properties":{"kind":"wave","scale":1.25}},{"type":"Feature","geometry":{"type":"Point","coordinates":[4787,4916]},"properties":{"kind":"wave","scale":1.23}},{"type":"Feature","geometry":{"type":"Point","coordinates":[4856,4981]},"properties":{"kind":"wave","scale":0.83}},{"type":"Feature","geometry":{"type":"Point","coordinates":[4934,4970]},"properties":{"kind":"wave","scale":1.03}},{"type":"Feature","geometry":{"type":"Point","coordinates":[5061,4972]},"properties":{"kind":"wave","scale":1.19}},{"type":"Feature","geometry":{"type":"Point","coordinates":[5114,4981]},"properties":{"kind":"wave","scale":0.79}},{"type":"Feature","geometry":{"type":"Point","coordinates":[5253,4953]},"properties":{"kind":"wave","scale":1}},{"type":"Feature","geometry":{"type":"Point","coordinates":[5340,4979]},"properties":{"kind":"wave","scale":0.91}},{"type":"Feature","geometry":{"type":"Point","coordinates":[5389,4943]},"properties":{"kind":"wave","scale":0.79}},{"type":"Feature","geometry":{"type":"Point","coordinates":[5525,4963]},"properties":{"kind":"wave","scale":1.23}},{"type":"Feature","geometry":{"type":"Point","coordinates":[5675,4967]},"properties":{"kind":"wave","scale":0.79}},{"type":"Feature","geometry":{"type":"Point","coordinates":[5736,4987]},"properties":{"kind":"wave","scale":1}},{"type":"Feature","geometry":{"type":"Point","coordinates":[5875,4929]},"properties":{"kind":"wave","scale":1.24}},{"type":"Feature","geometry":{"type":"Point","coordinates":[5927,4920]},"properties":{"kind":"wave","scale":0.83}},{"type":"Feature","geometry":{"type":"Point","coordinates":[5994,4917]},"properties":{"kind":"wave","scale":1.21}},{"type":"Feature","geometry":{"type":"Point","coordinates":[6158,4921]},"properties":{"kind":"wave","scale":1.04}},{"type":"Feature","geometry":{"type":"Point","coordinates":[6237,4980]},"properties":{"kind":"wave","scale":0.81}},{"type":"Feature","geometry":{"type":"Point","coordinates":[6332,4927]},"properties":{"kind":"wave","scale":0.98}},{"type":"Feature","geometry":{"type":"Point","coordinates":[6393,4908]},"properties":{"kind":"wave","scale":1.01}},{"type":"Feature","geometry":{"type":"Point","coordinates":[6490,4908]},"properties":{"kind":"wave","scale":0.84}},{"type":"Feature","geometry":{"type":"Point","coordinates":[6586,4973]},"properties":{"kind":"wave","scale":1.08}},{"type":"Feature","geometry":{"type":"Point","coordinates":[6689,4916]},"properties":{"kind":"wave","scale":1.05}},{"type":"Feature","geometry":{"type":"Point","coordinates":[6751,4970]},"properties":{"kind":"wave","scale":1.08}},{"type":"Feature","geometry":{"type":"Point","coordinates":[6864,4933]},"properties":{"kind":"wave","scale":1.13}},{"type":"Feature","geometry":{"type":"Point","coordinates":[6959,4918]},"properties":{"kind":"wave","scale":0.9}},{"type":"Feature","geometry":{"type":"Point","coordinates":[7014,4956]},"properties":{"kind":"wave","scale":1.12}},{"type":"Feature","geometry":{"type":"Point","coordinates":[7069,4967]},"properties":{"kind":"wave","scale":1.07}},{"type":"Feature","geometry":{"type":"Point","coordinates":[7225,4988]},"properties":{"kind":"wave","scale":0.9}},{"type":"Feature","geometry":{"type":"Point","coordinates":[7249,4929]},"properties":{"kind":"wave","scale":0.8}},{"type":"Feature","geometry":{"type":"Point","coordinates":[7343,4921]},"properties":{"kind":"wave","scale":1.24}},{"type":"Feature","geometry":{"type":"Point","coordinates":[7464,4930]},"properties":{"kind":"wave","scale":1.14}},{"type":"Feature","geometry":{"type":"Point","coordinates":[7580,4945]},"properties":{"kind":"wave","scale":1.04}},{"type":"Feature","geometry":{"type":"Point","coordinates":[7686,4907]},"properties":{"kind":"wave","scale":1.17}},{"type":"Feature","geometry":{"type":"Point","coordinates":[7766,4930]},"properties":{"kind":"wave","scale":0.88}},{"type":"Feature","geometry":{"type":"Point","coordinates":[7794,4989]},"properties":{"kind":"wave","scale":1.03}},{"type":"Feature","geometry":{"type":"Point","coordinates":[9693,4938]},"properties":{"kind":"wave","scale":1.16}},{"type":"Feature","geometry":{"type":"Point","coordinates":[9835,4959]},"properties":{"kind":"wave","scale":1.09}},{"type":"Feature","geometry":{"type":"Point","coordinates":[9886,4979]},"properties":{"kind":"wave","scale":1.1}},{"type":"Feature","geometry":{"type":"Point","coordinates":[9956,4972]},"properties":{"kind":"wave","scale":0.93}},{"type":"Feature","geometry":{"type":"Point","coordinates":[38,5010]},"properties":{"kind":"wave","scale":0.97}},{"type":"Feature","geometry":{"type":"Point","coordinates":[127,5072]},"properties":{"kind":"wave","scale":0.79}},{"type":"Feature","geometry":{"type":"Point","coordinates":[202,5025]},"properties":{"kind":"wave","scale":0.94}},{"type":"Feature","geometry":{"type":"Point","coordinates":[246,5026]},"properties":{"kind":"wave","scale":1.15}},{"type":"Feature","geometry":{"type":"Point","coordinates":[324,5084]},"properties":{"kind":"wave","scale":1.2}},{"type":"Feature","geometry":{"type":"Point","coordinates":[483,4999]},"properties":{"kind":"wave","scale":0.8}},{"type":"Feature","geometry":{"type":"Point","coordinates":[567,5042]},"properties":{"kind":"wave","scale":0.76}},{"type":"Feature","geometry":{"type":"Point","coordinates":[628,5081]},"properties":{"kind":"wave","scale":0.79}},{"type":"Feature","geometry":{"type":"Point","coordinates":[729,5035]},"properties":{"kind":"wave","scale":1.09}},{"type":"Feature","geometry":{"type":"Point","coordinates":[847,5068]},"properties":{"kind":"wave","scale":1.04}},{"type":"Feature","geometry":{"type":"Point","coordinates":[945,5039]},"properties":{"kind":"wave","scale":0.79}},{"type":"Feature","geometry":{"type":"Point","coordinates":[1011,5070]},"properties":{"kind":"wave","scale":0.85}},{"type":"Feature","geometry":{"type":"Point","coordinates":[1056,5002]},"properties":{"kind":"wave","scale":1.15}},{"type":"Feature","geometry":{"type":"Point","coordinates":[1174,5045]},"properties":{"kind":"wave","scale":0.88}},{"type":"Feature","geometry":{"type":"Point","coordinates":[1267,5074]},"properties":{"kind":"wave","scale":1.09}},{"type":"Feature","geometry":{"type":"Point","coordinates":[1361,5017]},"properties":{"kind":"wave","scale":0.82}},{"type":"Feature","geometry":{"type":"Point","coordinates":[1461,5011]},"properties":{"kind":"wave","scale":0.92}},{"type":"Feature","geometry":{"type":"Point","coordinates":[1547,5068]},"properties":{"kind":"wave","scale":1.19}},{"type":"Feature","geometry":{"type":"Point","coordinates":[1633,5082]},"properties":{"kind":"wave","scale":1.03}},{"type":"Feature","geometry":{"type":"Point","coordinates":[1678,5037]},"properties":{"kind":"wave","scale":0.76}},{"type":"Feature","geometry":{"type":"Point","coordinates":[1835,5040]},"properties":{"kind":"wave","scale":0.95}},{"type":"Feature","geometry":{"type":"Point","coordinates":[1934,5052]},"properties":{"kind":"wave","scale":0.81}},{"type":"Feature","geometry":{"type":"Point","coordinates":[2024,4999]},"properties":{"kind":"wave","scale":1}},{"type":"Feature","geometry":{"type":"Point","coordinates":[2032,5034]},"properties":{"kind":"wave","scale":0.94}},{"type":"Feature","geometry":{"type":"Point","coordinates":[2119,5061]},"properties":{"kind":"wave","scale":1.2}},{"type":"Feature","geometry":{"type":"Point","coordinates":[2215,5071]},"properties":{"kind":"wave","scale":1.24}},{"type":"Feature","geometry":{"type":"Point","coordinates":[2371,5015]},"properties":{"kind":"wave","scale":0.94}},{"type":"Feature","geometry":{"type":"Point","coordinates":[2428,5024]},"properties":{"kind":"wave","scale":1.21}},{"type":"Feature","geometry":{"type":"Point","coordinates":[2494,5015]},"properties":{"kind":"wave","scale":1.08}},{"type":"Feature","geometry":{"type":"Point","coordinates":[2620,4996]},"properties":{"kind":"wave","scale":0.94}},{"type":"Feature","geometry":{"type":"Point","coordinates":[2668,4997]},"properties":{"kind":"wave","scale":0.75}},{"type":"Feature","geometry":{"type":"Point","coordinates":[2794,5073]},"properties":{"kind":"wave","scale":0.8}},{"type":"Feature","geometry":{"type":"Point","coordinates":[2891,5029]},"properties":{"kind":"wave","scale":0.84}},{"type":"Feature","geometry":{"type":"Point","coordinates":[2986,5027]},"properties":{"kind":"wave","scale":0.82}},{"type":"Feature","geometry":{"type":"Point","coordinates":[3052,5016]},"properties":{"kind":"wave","scale":1.08}},{"type":"Feature","geometry":{"type":"Point","coordinates":[3149,5083]},"properties":{"kind":"wave","scale":1.04}},{"type":"Feature","geometry":{"type":"Point","coordinates":[3207,5053]},"properties":{"kind":"wave","scale":0.96}},{"type":"Feature","geometry":{"type":"Point","coordinates":[3351,5041]},"properties":{"kind":"wave","scale":1.06}},{"type":"Feature","geometry":{"type":"Point","coordinates":[3429,5001]},"properties":{"kind":"wave","scale":1.14}},{"type":"Feature","geometry":{"type":"Point","coordinates":[3489,5073]},"properties":{"kind":"wave","scale":1.22}},{"type":"Feature","geometry":{"type":"Point","coordinates":[3640,5004]},"properties":{"kind":"wave","scale":1.18}},{"type":"Feature","geometry":{"type":"Point","coordinates":[3684,5081]},"properties":{"kind":"wave","scale":1.12}},{"type":"Feature","geometry":{"type":"Point","coordinates":[3777,5053]},"properties":{"kind":"wave","scale":1.06}},{"type":"Feature","geometry":{"type":"Point","coordinates":[3853,5055]},"properties":{"kind":"wave","scale":1.05}},{"type":"Feature","geometry":{"type":"Point","coordinates":[3967,5080]},"properties":{"kind":"wave","scale":1.21}},{"type":"Feature","geometry":{"type":"Point","coordinates":[4074,5079]},"properties":{"kind":"wave","scale":1.18}},{"type":"Feature","geometry":{"type":"Point","coordinates":[4134,5043]},"properties":{"kind":"wave","scale":1.22}},{"type":"Feature","geometry":{"type":"Point","coordinates":[4203,5032]},"properties":{"kind":"wave","scale":0.92}},{"type":"Feature","geometry":{"type":"Point","coordinates":[4356,5080]},"properties":{"kind":"wave","scale":0.82}},{"type":"Feature","geometry":{"type":"Point","coordinates":[4367,5055]},"properties":{"kind":"wave","scale":1.19}},{"type":"Feature","geometry":{"type":"Point","coordinates":[4536,5047]},"properties":{"kind":"wave","scale":0.78}},{"type":"Feature","geometry":{"type":"Point","coordinates":[4550,5043]},"properties":{"kind":"wave","scale":0.96}},{"type":"Feature","geometry":{"type":"Point","coordinates":[4716,5023]},"properties":{"kind":"wave","scale":0.81}},{"type":"Feature","geometry":{"type":"Point","coordinates":[4725,5068]},"properties":{"kind":"wave","scale":0.99}},{"type":"Feature","geometry":{"type":"Point","coordinates":[4869,5085]},"properties":{"kind":"wave","scale":0.84}},{"type":"Feature","geometry":{"type":"Point","coordinates":[4944,5060]},"properties":{"kind":"wave","scale":0.9}},{"type":"Feature","geometry":{"type":"Point","coordinates":[5002,5041]},"properties":{"kind":"wave","scale":1.17}},{"type":"Feature","geometry":{"type":"Point","coordinates":[5557,5076]},"properties":{"kind":"wave","scale":1.19}},{"type":"Feature","geometry":{"type":"Point","coordinates":[6160,5031]},"properties":{"kind":"wave","scale":0.85}},{"type":"Feature","geometry":{"type":"Point","coordinates":[6170,5074]},"properties":{"kind":"wave","scale":1.1}},{"type":"Feature","geometry":{"type":"Point","coordinates":[6366,5026]},"properties":{"kind":"wave","scale":0.83}},{"type":"Feature","geometry":{"type":"Point","coordinates":[6480,5006]},"properties":{"kind":"wave","scale":1.08}},{"type":"Feature","geometry":{"type":"Point","coordinates":[6543,5039]},"properties":{"kind":"wave","scale":0.91}},{"type":"Feature","geometry":{"type":"Point","coordinates":[6686,5036]},"properties":{"kind":"wave","scale":1.13}},{"type":"Feature","geometry":{"type":"Point","coordinates":[6777,5013]},"properties":{"kind":"wave","scale":1.08}},{"type":"Feature","geometry":{"type":"Point","coordinates":[6832,5044]},"properties":{"kind":"wave","scale":0.93}},{"type":"Feature","geometry":{"type":"Point","coordinates":[6918,5039]},"properties":{"kind":"wave","scale":0.84}},{"type":"Feature","geometry":{"type":"Point","coordinates":[7006,5061]},"properties":{"kind":"wave","scale":0.91}},{"type":"Feature","geometry":{"type":"Point","coordinates":[7207,5054]},"properties":{"kind":"wave","scale":0.81}},{"type":"Feature","geometry":{"type":"Point","coordinates":[7276,5067]},"properties":{"kind":"wave","scale":0.89}},{"type":"Feature","geometry":{"type":"Point","coordinates":[7349,5070]},"properties":{"kind":"wave","scale":1.14}},{"type":"Feature","geometry":{"type":"Point","coordinates":[7486,5000]},"properties":{"kind":"wave","scale":1.09}},{"type":"Feature","geometry":{"type":"Point","coordinates":[7578,5005]},"properties":{"kind":"wave","scale":0.89}},{"type":"Feature","geometry":{"type":"Point","coordinates":[7748,4998]},"properties":{"kind":"wave","scale":0.92}},{"type":"Feature","geometry":{"type":"Point","coordinates":[9781,5018]},"properties":{"kind":"wave","scale":1.21}},{"type":"Feature","geometry":{"type":"Point","coordinates":[9907,5068]},"properties":{"kind":"wave","scale":1.22}},{"type":"Feature","geometry":{"type":"Point","coordinates":[9947,5072]},"properties":{"kind":"wave","scale":1.23}},{"type":"Feature","geometry":{"type":"Point","coordinates":[47,5098]},"properties":{"kind":"wave","scale":1.1}},{"type":"Feature","geometry":{"type":"Point","coordinates":[185,5170]},"properties":{"kind":"wave","scale":1.2}},{"type":"Feature","geometry":{"type":"Point","coordinates":[261,5133]},"properties":{"kind":"wave","scale":0.76}},{"type":"Feature","geometry":{"type":"Point","coordinates":[326,5116]},"properties":{"kind":"wave","scale":0.97}},{"type":"Feature","geometry":{"type":"Point","coordinates":[473,5152]},"properties":{"kind":"wave","scale":0.86}},{"type":"Feature","geometry":{"type":"Point","coordinates":[572,5105]},"properties":{"kind":"wave","scale":0.81}},{"type":"Feature","geometry":{"type":"Point","coordinates":[669,5165]},"properties":{"kind":"wave","scale":1.1}},{"type":"Feature","geometry":{"type":"Point","coordinates":[747,5132]},"properties":{"kind":"wave","scale":0.89}},{"type":"Feature","geometry":{"type":"Point","coordinates":[805,5154]},"properties":{"kind":"wave","scale":0.96}},{"type":"Feature","geometry":{"type":"Point","coordinates":[1020,5089]},"properties":{"kind":"wave","scale":1.22}},{"type":"Feature","geometry":{"type":"Point","coordinates":[1124,5123]},"properties":{"kind":"wave","scale":1.24}},{"type":"Feature","geometry":{"type":"Point","coordinates":[1136,5174]},"properties":{"kind":"wave","scale":0.96}},{"type":"Feature","geometry":{"type":"Point","coordinates":[1276,5158]},"properties":{"kind":"wave","scale":1.15}},{"type":"Feature","geometry":{"type":"Point","coordinates":[1340,5104]},"properties":{"kind":"wave","scale":1.02}},{"type":"Feature","geometry":{"type":"Point","coordinates":[1858,5097]},"properties":{"kind":"wave","scale":1}},{"type":"Feature","geometry":{"type":"Point","coordinates":[1997,5095]},"properties":{"kind":"wave","scale":0.85}},{"type":"Feature","geometry":{"type":"Point","coordinates":[2349,5101]},"properties":{"kind":"wave","scale":1.25}},{"type":"Feature","geometry":{"type":"Point","coordinates":[2440,5125]},"properties":{"kind":"wave","scale":0.84}},{"type":"Feature","geometry":{"type":"Point","coordinates":[2506,5101]},"properties":{"kind":"wave","scale":0.88}},{"type":"Feature","geometry":{"type":"Point","coordinates":[2777,5121]},"properties":{"kind":"wave","scale":1.08}},{"type":"Feature","geometry":{"type":"Point","coordinates":[2870,5119]},"properties":{"kind":"wave","scale":0.92}},{"type":"Feature","geometry":{"type":"Point","coordinates":[2936,5119]},"properties":{"kind":"wave","scale":0.78}},{"type":"Feature","geometry":{"type":"Point","coordinates":[3078,5120]},"properties":{"kind":"wave","scale":1.12}},{"type":"Feature","geometry":{"type":"Point","coordinates":[3144,5130]},"properties":{"kind":"wave","scale":1.19}},{"type":"Feature","geometry":{"type":"Point","coordinates":[3221,5141]},"properties":{"kind":"wave","scale":0.75}},{"type":"Feature","geometry":{"type":"Point","coordinates":[3481,5111]},"properties":{"kind":"wave","scale":1.19}},{"type":"Feature","geometry":{"type":"Point","coordinates":[3854,5135]},"properties":{"kind":"wave","scale":0.88}},{"type":"Feature","geometry":{"type":"Point","coordinates":[3931,5128]},"properties":{"kind":"wave","scale":1.2}},{"type":"Feature","geometry":{"type":"Point","coordinates":[4036,5116]},"properties":{"kind":"wave","scale":0.79}},{"type":"Feature","geometry":{"type":"Point","coordinates":[4143,5106]},"properties":{"kind":"wave","scale":0.78}},{"type":"Feature","geometry":{"type":"Point","coordinates":[4211,5114]},"properties":{"kind":"wave","scale":0.75}},{"type":"Feature","geometry":{"type":"Point","coordinates":[4676,5094]},"properties":{"kind":"wave","scale":1.02}},{"type":"Feature","geometry":{"type":"Point","coordinates":[4730,5101]},"properties":{"kind":"wave","scale":0.84}},{"type":"Feature","geometry":{"type":"Point","coordinates":[6857,5122]},"properties":{"kind":"wave","scale":0.83}},{"type":"Feature","geometry":{"type":"Point","coordinates":[9941,5126]},"properties":{"kind":"wave","scale":0.99}},{"type":"Feature","geometry":{"type":"Point","coordinates":[439,5182]},"properties":{"kind":"wave","scale":1.12}},{"type":"Feature","geometry":{"type":"Point","coordinates":[706,5187]},"properties":{"kind":"wave","scale":1.19}},{"type":"Feature","geometry":{"type":"Point","coordinates":[507,3065]},"properties":{"kind":"monster","scale":1.19}},{"type":"Feature","geometry":{"type":"Point","coordinates":[3193,3039]},"properties":{"kind":"monster","scale":0.92}},{"type":"Feature","geometry":{"type":"Point","coordinates":[8687,3730]},"properties":{"kind":"monster","scale":0.93}},{"type":"Feature","geometry":{"type":"Point","coordinates":[5093,4429]},"properties":{"kind":"monster","scale":1.1}},{"type":"Feature","geometry":{"type":"Point","coordinates":[1783,505]},"properties":{"kind":"ship","scale":0.99}},{"type":"Feature","geometry":{"type":"Point","coordinates":[8847,322]},"properties":{"kind":"ship","scale":1.04}},{"type":"Feature","geometry":{"type":"Point","coordinates":[487,4629]},"properties":{"kind":"ship","scale":1.18}},{"type":"Feature","geometry":{"type":"Point","coordinates":[6973,4537]},"properties":{"kind":"ship","scale":1}},{"type":"Feature","geometry":{"type":"Point","coordinates":[7537,4704]},"properties":{"kind":"ship","scale":1.1}},{"type":"Feature","geometry":{"type":"Point","coordinates":[3913,1854]},"properties":{"kind":"dune","scale":1.13}},{"type":"Feature","geometry":{"type":"Point","coordinates":[3982,1851]},"properties":{"kind":"dune","scale":0.92}},{"type":"Feature","geometry":{"type":"Point","coordinates":[3996,1879]},"properties":{"kind":"dune","scale":0.83}},{"type":"Feature","geometry":{"type":"Point","coordinates":[4042,1948]},"properties":{"kind":"dune","scale":1.06}},{"type":"Feature","geometry":{"type":"Point","coordinates":[3750,1954]},"properties":{"kind":"dune","scale":1.03}},{"type":"Feature","geometry":{"type":"Point","coordinates":[3930,1995]},"properties":{"kind":"dune","scale":1.13}},{"type":"Feature","geometry":{"type":"Point","coordinates":[4025,1997]},"properties":{"kind":"dune","scale":1.15}},{"type":"Feature","geometry":{"type":"Point","coordinates":[2499,3443]},"properties":{"kind":"dune","scale":1.11}},{"type":"Feature","geometry":{"type":"Point","coordinates":[2656,3416]},"properties":{"kind":"dune","scale":0.84}},{"type":"Feature","geometry":{"type":"Point","coordinates":[2482,3478]},"properties":{"kind":"dune","scale":0.97}},{"type":"Feature","geometry":{"type":"Point","coordinates":[2546,3481]},"properties":{"kind":"dune","scale":0.97}},{"type":"Feature","geometry":{"type":"Point","coordinates":[2571,3482]},"properties":{"kind":"dune","scale":0.84}},{"type":"Feature","geometry":{"type":"Point","coordinates":[2660,3506]},"properties":{"kind":"dune","scale":1.21}},{"type":"Feature","geometry":{"type":"Point","coordinates":[2676,3478]},"properties":{"kind":"dune","scale":1.14}},{"type":"Feature","geometry":{"type":"Point","coordinates":[2471,3564]},"properties":{"kind":"dune","scale":1.03}},{"type":"Feature","geometry":{"type":"Point","coordinates":[2508,3511]},"properties":{"kind":"dune","scale":0.76}},{"type":"Feature","geometry":{"type":"Point","coordinates":[2573,3518]},"properties":{"kind":"dune","scale":0.81}},{"type":"Feature","geometry":{"type":"Point","coordinates":[2633,3561]},"properties":{"kind":"dune","scale":1.04}},{"type":"Feature","geometry":{"type":"Point","coordinates":[2671,3554]},"properties":{"kind":"dune","scale":1.09}},{"type":"Feature","geometry":{"type":"Point","coordinates":[2429,3618]},"properties":{"kind":"dune","scale":0.85}},{"type":"Feature","geometry":{"type":"Point","coordinates":[2483,3630]},"properties":{"kind":"dune","scale":1.11}},{"type":"Feature","geometry":{"type":"Point","coordinates":[2498,3591]},"properties":{"kind":"dune","scale":1.16}},{"type":"Feature","geometry":{"type":"Point","coordinates":[2651,3607]},"properties":{"kind":"dune","scale":1.01}},{"type":"Feature","geometry":{"type":"Point","coordinates":[2729,3574]},"properties":{"kind":"dune","scale":1.04}},{"type":"Feature","geometry":{"type":"Point","coordinates":[2445,3658]},"properties":{"kind":"dune","scale":0.84}},{"type":"Feature","geometry":{"type":"Point","coordinates":[2684,3634]},"properties":{"kind":"dune","scale":0.88}},{"type":"Feature","geometry":{"type":"Point","coordinates":[4326,3659]},"properties":{"kind":"dune","scale":1.04}},{"type":"Feature","geometry":{"type":"Point","coordinates":[4458,3635]},"properties":{"kind":"dune","scale":1.04}},{"type":"Feature","geometry":{"type":"Point","coordinates":[2476,3803]},"properties":{"kind":"dune","scale":0.85}},{"type":"Feature","geometry":{"type":"Point","coordinates":[2529,3759]},"properties":{"kind":"dune","scale":1.18}},{"type":"Feature","geometry":{"type":"Point","coordinates":[2579,3794]},"properties":{"kind":"dune","scale":1.1}},{"type":"Feature","geometry":{"type":"Point","coordinates":[4398,3803]},"properties":{"kind":"dune","scale":1.06}},{"type":"Feature","geometry":{"type":"Point","coordinates":[2471,3841]},"properties":{"kind":"dune","scale":1.22}},{"type":"Feature","geometry":{"type":"Point","coordinates":[2495,3825]},"properties":{"kind":"dune","scale":0.89}},{"type":"Feature","geometry":{"type":"Point","coordinates":[2586,3861]},"properties":{"kind":"dune","scale":1.22}},{"type":"Feature","geometry":{"type":"Point","coordinates":[2490,3907]},"properties":{"kind":"dune","scale":1.07}},{"type":"Feature","geometry":{"type":"Point","coordinates":[2538,3941]},"properties":{"kind":"dune","scale":0.78}},{"type":"Feature","geometry":{"type":"Point","coordinates":[2519,3995]},"properties":{"kind":"dune","scale":1.04}},{"type":"Feature","geometry":{"type":"Point","coordinates":[4709,2217]},"properties":{"kind":"icefield","scale":1.02}},{"type":"Feature","geometry":{"type":"Point","coordinates":[2349,2947]},"properties":{"kind":"icefield","scale":1.09}},{"type":"Feature","geometry":{"type":"Point","coordinates":[2495,2982]},"properties":{"kind":"icefield","scale":0.9}},{"type":"Feature","geometry":{"type":"Point","coordinates":[1364,3136]},"properties":{"kind":"icefield","scale":0.79}},{"type":"Feature","geometry":{"type":"Point","coordinates":[1734,3062]},"properties":{"kind":"icefield","scale":1.05}},{"type":"Feature","geometry":{"type":"Point","coordinates":[2349,3148]},"properties":{"kind":"icefield","scale":1.15}},{"type":"Feature","geometry":{"type":"Point","coordinates":[3774,3312]},"properties":{"kind":"icefield","scale":0.99}},{"type":"Feature","geometry":{"type":"Point","coordinates":[4184,3193]},"properties":{"kind":"icefield","scale":1.21}},{"type":"Feature","geometry":{"type":"Point","coordinates":[3735,3343]},"properties":{"kind":"icefield","scale":0.96}},{"type":"Feature","geometry":{"type":"Point","coordinates":[3856,3323]},"properties":{"kind":"icefield","scale":1.01}},{"type":"Feature","geometry":{"type":"Point","coordinates":[5037,3384]},"properties":{"kind":"icefield","scale":1.03}},{"type":"Feature","geometry":{"type":"Point","coordinates":[3870,3528]},"properties":{"kind":"icefield","scale":0.92}},{"type":"Feature","geometry":{"type":"Point","coordinates":[5075,3539]},"properties":{"kind":"icefield","scale":1.02}},{"type":"Feature","geometry":{"type":"Point","coordinates":[3964,3604]},"properties":{"kind":"icefield","scale":1.04}},{"type":"Feature","geometry":{"type":"Point","coordinates":[3973,3669]},"properties":{"kind":"icefield","scale":1.25}},{"type":"Feature","geometry":{"type":"Point","coordinates":[5062,3697]},"properties":{"kind":"icefield","scale":1.21}},{"type":"Feature","geometry":{"type":"Point","coordinates":[5155,3682]},"properties":{"kind":"icefield","scale":0.96}},{"type":"Feature","geometry":{"type":"Point","coordinates":[5120,3834]},"properties":{"kind":"icefield","scale":0.75}},{"type":"Feature","geometry":{"type":"Point","coordinates":[5125,3888]},"properties":{"kind":"icefield","scale":0.83}},{"type":"Feature","geometry":{"type":"Point","coordinates":[4995,4003]},"properties":{"kind":"icefield","scale":0.83}},{"type":"Feature","geometry":{"type":"Point","coordinates":[8288,4266]},"properties":{"kind":"icefield","scale":0.76}},{"type":"Feature","geometry":{"type":"Point","coordinates":[8986,4320]},"properties":{"kind":"icefield","scale":0.98}},{"type":"Feature","geometry":{"type":"Point","coordinates":[8219,4355]},"properties":{"kind":"icefield","scale":0.79}},{"type":"Feature","geometry":{"type":"Point","coordinates":[8332,4424]},"properties":{"kind":"icefield","scale":0.96}},{"type":"Feature","geometry":{"type":"Point","coordinates":[8394,4452]},"properties":{"kind":"icefield","scale":1.22}},{"type":"Feature","geometry":{"type":"Point","coordinates":[8680,4428]},"properties":{"kind":"icefield","scale":0.85}},{"type":"Feature","geometry":{"type":"Point","coordinates":[8777,4457]},"properties":{"kind":"icefield","scale":0.76}},{"type":"Feature","geometry":{"type":"Point","coordinates":[8981,4361]},"properties":{"kind":"icefield","scale":1.14}},{"type":"Feature","geometry":{"type":"Point","coordinates":[9106,4475]},"properties":{"kind":"icefield","scale":1.13}},{"type":"Feature","geometry":{"type":"Point","coordinates":[9169,4480]},"properties":{"kind":"icefield","scale":0.97}},{"type":"Feature","geometry":{"type":"Point","coordinates":[8171,4510]},"properties":{"kind":"icefield","scale":0.91}},{"type":"Feature","geometry":{"type":"Point","coordinates":[8346,4579]},"properties":{"kind":"icefield","scale":1.06}},{"type":"Feature","geometry":{"type":"Point","coordinates":[8423,4605]},"properties":{"kind":"icefield","scale":1.05}},{"type":"Feature","geometry":{"type":"Point","coordinates":[8642,4612]},"properties":{"kind":"icefield","scale":1.16}},{"type":"Feature","geometry":{"type":"Point","coordinates":[8712,4493]},"properties":{"kind":"icefield","scale":0.86}},{"type":"Feature","geometry":{"type":"Point","coordinates":[8880,4594]},"properties":{"kind":"icefield","scale":0.9}},{"type":"Feature","geometry":{"type":"Point","coordinates":[8966,4581]},"properties":{"kind":"icefield","scale":1.24}},{"type":"Feature","geometry":{"type":"Point","coordinates":[9051,4571]},"properties":{"kind":"icefield","scale":1.24}},{"type":"Feature","geometry":{"type":"Point","coordinates":[9214,4550]},"properties":{"kind":"icefield","scale":1.02}},{"type":"Feature","geometry":{"type":"Point","coordinates":[9808,4560]},"properties":{"kind":"icefield","scale":1}},{"type":"Feature","geometry":{"type":"Point","coordinates":[8177,4679]},"properties":{"kind":"icefield","scale":1.24}},{"type":"Feature","geometry":{"type":"Point","coordinates":[8356,4637]},"properties":{"kind":"icefield","scale":1.14}},{"type":"Feature","geometry":{"type":"Point","coordinates":[8498,4692]},"properties":{"kind":"icefield","scale":1.19}},{"type":"Feature","geometry":{"type":"Point","coordinates":[8544,4640]},"properties":{"kind":"icefield","scale":0.96}},{"type":"Feature","geometry":{"type":"Point","coordinates":[8664,4720]},"properties":{"kind":"icefield","scale":1.25}},{"type":"Feature","geometry":{"type":"Point","coordinates":[8807,4660]},"properties":{"kind":"icefield","scale":1.16}},{"type":"Feature","geometry":{"type":"Point","coordinates":[8984,4731]},"properties":{"kind":"icefield","scale":0.82}},{"type":"Feature","geometry":{"type":"Point","coordinates":[9037,4723]},"properties":{"kind":"icefield","scale":0.91}},{"type":"Feature","geometry":{"type":"Point","coordinates":[9177,4649]},"properties":{"kind":"icefield","scale":0.78}},{"type":"Feature","geometry":{"type":"Point","coordinates":[9572,4626]},"properties":{"kind":"icefield","scale":1.08}},{"type":"Feature","geometry":{"type":"Point","coordinates":[9691,4637]},"properties":{"kind":"icefield","scale":0.84}},{"type":"Feature","geometry":{"type":"Point","coordinates":[9852,4696]},"properties":{"kind":"icefield","scale":0.89}},{"type":"Feature","geometry":{"type":"Point","coordinates":[8207,4843]},"properties":{"kind":"icefield","scale":0.84}},{"type":"Feature","geometry":{"type":"Point","coordinates":[8354,4805]},"properties":{"kind":"icefield","scale":0.81}},{"type":"Feature","geometry":{"type":"Point","coordinates":[9054,4855]},"properties":{"kind":"icefield","scale":0.99}},{"type":"Feature","geometry":{"type":"Point","coordinates":[9292,4780]},"properties":{"kind":"icefield","scale":1.11}},{"type":"Feature","geometry":{"type":"Point","coordinates":[9553,4864]},"properties":{"kind":"icefield","scale":0.82}},{"type":"Feature","geometry":{"type":"Point","coordinates":[9700,4781]},"properties":{"kind":"icefield","scale":1.14}},{"type":"Feature","geometry":{"type":"Point","coordinates":[9825,4769]},"properties":{"kind":"icefield","scale":0.93}},{"type":"Feature","geometry":{"type":"Point","coordinates":[8105,4914]},"properties":{"kind":"icefield","scale":0.99}},{"type":"Feature","geometry":{"type":"Point","coordinates":[8202,4914]},"properties":{"kind":"icefield","scale":0.95}},{"type":"Feature","geometry":{"type":"Point","coordinates":[8283,4971]},"properties":{"kind":"icefield","scale":0.85}},{"type":"Feature","geometry":{"type":"Point","coordinates":[8511,4954]},"properties":{"kind":"icefield","scale":0.81}},{"type":"Feature","geometry":{"type":"Point","coordinates":[8714,4940]},"properties":{"kind":"icefield","scale":1.09}},{"type":"Feature","geometry":{"type":"Point","coordinates":[8783,4896]},"properties":{"kind":"icefield","scale":1.24}},{"type":"Feature","geometry":{"type":"Point","coordinates":[8965,4898]},"properties":{"kind":"icefield","scale":0.99}},{"type":"Feature","geometry":{"type":"Point","coordinates":[9141,4886]},"properties":{"kind":"icefield","scale":0.87}},{"type":"Feature","geometry":{"type":"Point","coordinates":[9221,4993]},"properties":{"kind":"icefield","scale":0.92}},{"type":"Feature","geometry":{"type":"Point","coordinates":[9398,4962]},"properties":{"kind":"icefield","scale":0.96}},{"type":"Feature","geometry":{"type":"Point","coordinates":[9537,4887]},"properties":{"kind":"icefield","scale":0.85}},{"type":"Feature","geometry":{"type":"Point","coordinates":[9574,4977]},"properties":{"kind":"icefield","scale":1.03}},{"type":"Feature","geometry":{"type":"Point","coordinates":[5079,5112]},"properties":{"kind":"icefield","scale":1.16}},{"type":"Feature","geometry":{"type":"Point","coordinates":[5175,5122]},"properties":{"kind":"icefield","scale":0.82}},{"type":"Feature","geometry":{"type":"Point","coordinates":[5371,5054]},"properties":{"kind":"icefield","scale":0.94}},{"type":"Feature","geometry":{"type":"Point","coordinates":[5760,5111]},"properties":{"kind":"icefield","scale":0.83}},{"type":"Feature","geometry":{"type":"Point","coordinates":[5834,5119]},"properties":{"kind":"icefield","scale":0.8}},{"type":"Feature","geometry":{"type":"Point","coordinates":[6184,5121]},"properties":{"kind":"icefield","scale":1.07}},{"type":"Feature","geometry":{"type":"Point","coordinates":[7675,5080]},"properties":{"kind":"icefield","scale":0.8}},{"type":"Feature","geometry":{"type":"Point","coordinates":[7761,5121]},"properties":{"kind":"icefield","scale":0.98}},{"type":"Feature","geometry":{"type":"Point","coordinates":[7976,5105]},"properties":{"kind":"icefield","scale":1.07}},{"type":"Feature","geometry":{"type":"Point","coordinates":[8080,5076]},"properties":{"kind":"icefield","scale":1.13}},{"type":"Feature","geometry":{"type":"Point","coordinates":[8183,5062]},"properties":{"kind":"icefield","scale":0.88}},{"type":"Feature","geometry":{"type":"Point","coordinates":[8301,5068]},"properties":{"kind":"icefield","scale":1.17}},{"type":"Feature","geometry":{"type":"Point","coordinates":[8431,5031]},"properties":{"kind":"icefield","scale":0.92}},{"type":"Feature","geometry":{"type":"Point","coordinates":[8626,5072]},"properties":{"kind":"icefield","scale":0.79}},{"type":"Feature","geometry":{"type":"Point","coordinates":[8669,5046]},"properties":{"kind":"icefield","scale":1.01}},{"type":"Feature","geometry":{"type":"Point","coordinates":[8831,5050]},"properties":{"kind":"icefield","scale":0.9}},{"type":"Feature","geometry":{"type":"Point","coordinates":[9001,5068]},"properties":{"kind":"icefield","scale":0.77}},{"type":"Feature","geometry":{"type":"Point","coordinates":[9164,5073]},"properties":{"kind":"icefield","scale":1.18}},{"type":"Feature","geometry":{"type":"Point","coordinates":[9233,5048]},"properties":{"kind":"icefield","scale":0.97}},{"type":"Feature","geometry":{"type":"Point","coordinates":[9317,5013]},"properties":{"kind":"icefield","scale":1.19}},{"type":"Feature","geometry":{"type":"Point","coordinates":[9484,5052]},"properties":{"kind":"icefield","scale":0.82}},{"type":"Feature","geometry":{"type":"Point","coordinates":[9607,5089]},"properties":{"kind":"icefield","scale":0.9}},{"type":"Feature","geometry":{"type":"Point","coordinates":[9693,5116]},"properties":{"kind":"icefield","scale":1.1}},{"type":"Feature","geometry":{"type":"Point","coordinates":[52,5253]},"properties":{"kind":"icefield","scale":1.11}},{"type":"Feature","geometry":{"type":"Point","coordinates":[493,5256]},"properties":{"kind":"icefield","scale":0.95}},{"type":"Feature","geometry":{"type":"Point","coordinates":[669,5219]},"properties":{"kind":"icefield","scale":1.18}},{"type":"Feature","geometry":{"type":"Point","coordinates":[1037,5181]},"properties":{"kind":"icefield","scale":1.14}},{"type":"Feature","geometry":{"type":"Point","coordinates":[1535,5155]},"properties":{"kind":"icefield","scale":1.11}},{"type":"Feature","geometry":{"type":"Point","coordinates":[1740,5170]},"properties":{"kind":"icefield","scale":1.06}},{"type":"Feature","geometry":{"type":"Point","coordinates":[1864,5221]},"properties":{"kind":"icefield","scale":0.97}},{"type":"Feature","geometry":{"type":"Point","coordinates":[1974,5225]},"properties":{"kind":"icefield","scale":1.11}},{"type":"Feature","geometry":{"type":"Point","coordinates":[2018,5165]},"properties":{"kind":"icefield","scale":0.91}},{"type":"Feature","geometry":{"type":"Point","coordinates":[2148,5233]},"properties":{"kind":"icefield","scale":0.83}},{"type":"Feature","geometry":{"type":"Point","coordinates":[2408,5227]},"properties":{"kind":"icefield","scale":1.21}},{"type":"Feature","geometry":{"type":"Point","coordinates":[2593,5184]},"properties":{"kind":"icefield","scale":1.25}},{"type":"Feature","geometry":{"type":"Point","coordinates":[2883,5261]},"properties":{"kind":"icefield","scale":0.82}},{"type":"Feature","geometry":{"type":"Point","coordinates":[2958,5198]},"properties":{"kind":"icefield","scale":1.23}},{"type":"Feature","geometry":{"type":"Point","coordinates":[3136,5233]},"properties":{"kind":"icefield","scale":0.92}},{"type":"Feature","geometry":{"type":"Point","coordinates":[3203,5240]},"properties":{"kind":"icefield","scale":1.17}},{"type":"Feature","geometry":{"type":"Point","coordinates":[3373,5239]},"properties":{"kind":"icefield","scale":0.86}},{"type":"Feature","geometry":{"type":"Point","coordinates":[3601,5220]},"properties":{"kind":"icefield","scale":0.99}},{"type":"Feature","geometry":{"type":"Point","coordinates":[3763,5248]},"properties":{"kind":"icefield","scale":1.15}},{"type":"Feature","geometry":{"type":"Point","coordinates":[3946,5191]},"properties":{"kind":"icefield","scale":0.95}},{"type":"Feature","geometry":{"type":"Point","coordinates":[4025,5231]},"properties":{"kind":"icefield","scale":1.14}},{"type":"Feature","geometry":{"type":"Point","coordinates":[4205,5209]},"properties":{"kind":"icefield","scale":0.88}},{"type":"Feature","geometry":{"type":"Point","coordinates":[4251,5171]},"properties":{"kind":"icefield","scale":1.22}},{"type":"Feature","geometry":{"type":"Point","coordinates":[4550,5211]},"properties":{"kind":"icefield","scale":0.86}},{"type":"Feature","geometry":{"type":"Point","coordinates":[4630,5139]},"properties":{"kind":"icefield","scale":1.22}},{"type":"Feature","geometry":{"type":"Point","coordinates":[4845,5174]},"properties":{"kind":"icefield","scale":0.89}},{"type":"Feature","geometry":{"type":"Point","coordinates":[4934,5264]},"properties":{"kind":"icefield","scale":0.81}},{"type":"Feature","geometry":{"type":"Point","coordinates":[5100,5166]},"properties":{"kind":"icefield","scale":0.99}},{"type":"Feature","geometry":{"type":"Point","coordinates":[5195,5209]},"properties":{"kind":"icefield","scale":0.97}},{"type":"Feature","geometry":{"type":"Point","coordinates":[5288,5256]},"properties":{"kind":"icefield","scale":0.98}},{"type":"Feature","geometry":{"type":"Point","coordinates":[5440,5169]},"properties":{"kind":"icefield","scale":0.91}},{"type":"Feature","geometry":{"type":"Point","coordinates":[5590,5183]},"properties":{"kind":"icefield","scale":1}},{"type":"Feature","geometry":{"type":"Point","coordinates":[5714,5214]},"properties":{"kind":"icefield","scale":0.75}},{"type":"Feature","geometry":{"type":"Point","coordinates":[5816,5195]},"properties":{"kind":"icefield","scale":0.89}},{"type":"Feature","geometry":{"type":"Point","coordinates":[5968,5139]},"properties":{"kind":"icefield","scale":1.03}},{"type":"Feature","geometry":{"type":"Point","coordinates":[6088,5149]},"properties":{"kind":"icefield","scale":0.76}},{"type":"Feature","geometry":{"type":"Point","coordinates":[6251,5264]},"properties":{"kind":"icefield","scale":0.99}},{"type":"Feature","geometry":{"type":"Point","coordinates":[6400,5190]},"properties":{"kind":"icefield","scale":0.8}},{"type":"Feature","geometry":{"type":"Point","coordinates":[6669,5140]},"properties":{"kind":"icefield","scale":1.24}},{"type":"Feature","geometry":{"type":"Point","coordinates":[6791,5245]},"properties":{"kind":"icefield","scale":0.93}},{"type":"Feature","geometry":{"type":"Point","coordinates":[6908,5163]},"properties":{"kind":"icefield","scale":1.09}},{"type":"Feature","geometry":{"type":"Point","coordinates":[6990,5165]},"properties":{"kind":"icefield","scale":0.83}},{"type":"Feature","geometry":{"type":"Point","coordinates":[7128,5162]},"properties":{"kind":"icefield","scale":1.21}},{"type":"Feature","geometry":{"type":"Point","coordinates":[7303,5206]},"properties":{"kind":"icefield","scale":1.2}},{"type":"Feature","geometry":{"type":"Point","coordinates":[7411,5191]},"properties":{"kind":"icefield","scale":1.07}},{"type":"Feature","geometry":{"type":"Point","coordinates":[7486,5168]},"properties":{"kind":"icefield","scale":1}},{"type":"Feature","geometry":{"type":"Point","coordinates":[7693,5244]},"properties":{"kind":"icefield","scale":1.18}},{"type":"Feature","geometry":{"type":"Point","coordinates":[7749,5202]},"properties":{"kind":"icefield","scale":1.23}},{"type":"Feature","geometry":{"type":"Point","coordinates":[7938,5214]},"properties":{"kind":"icefield","scale":1.18}},{"type":"Feature","geometry":{"type":"Point","coordinates":[8049,5160]},"properties":{"kind":"icefield","scale":1.07}},{"type":"Feature","geometry":{"type":"Point","coordinates":[8186,5215]},"properties":{"kind":"icefield","scale":1.04}},{"type":"Feature","geometry":{"type":"Point","coordinates":[8375,5162]},"properties":{"kind":"icefield","scale":0.91}},{"type":"Feature","geometry":{"type":"Point","coordinates":[8386,5182]},"properties":{"kind":"icefield","scale":1.09}},{"type":"Feature","geometry":{"type":"Point","coordinates":[8552,5239]},"properties":{"kind":"icefield","scale":0.87}},{"type":"Feature","geometry":{"type":"Point","coordinates":[8769,5210]},"properties":{"kind":"icefield","scale":0.81}},{"type":"Feature","geometry":{"type":"Point","coordinates":[8899,5197]},"properties":{"kind":"icefield","scale":1.1}},{"type":"Feature","geometry":{"type":"Point","coordinates":[8988,5219]},"properties":{"kind":"icefield","scale":0.99}},{"type":"Feature","geometry":{"type":"Point","coordinates":[9059,5190]},"properties":{"kind":"icefield","scale":0.92}},{"type":"Feature","geometry":{"type":"Point","coordinates":[9180,5190]},"properties":{"kind":"icefield","scale":0.82}},{"type":"Feature","geometry":{"type":"Point","coordinates":[9313,5142]},"properties":{"kind":"icefield","scale":1.09}},{"type":"Feature","geometry":{"type":"Point","coordinates":[9440,5190]},"properties":{"kind":"icefield","scale":1.11}},{"type":"Feature","geometry":{"type":"Point","coordinates":[9622,5249]},"properties":{"kind":"icefield","scale":1.24}},{"type":"Feature","geometry":{"type":"Point","coordinates":[9723,5168]},"properties":{"kind":"icefield","scale":1.23}},{"type":"Feature","geometry":{"type":"Point","coordinates":[157,5393]},"properties":{"kind":"icefield","scale":1.2}},{"type":"Feature","geometry":{"type":"Point","coordinates":[259,5322]},"properties":{"kind":"icefield","scale":0.83}},{"type":"Feature","geometry":{"type":"Point","coordinates":[410,5381]},"properties":{"kind":"icefield","scale":1}},{"type":"Feature","geometry":{"type":"Point","coordinates":[557,5374]},"properties":{"kind":"icefield","scale":1.11}},{"type":"Feature","geometry":{"type":"Point","coordinates":[639,5362]},"properties":{"kind":"icefield","scale":1.01}},{"type":"Feature","geometry":{"type":"Point","coordinates":[744,5298]},"properties":{"kind":"icefield","scale":0.88}},{"type":"Feature","geometry":{"type":"Point","coordinates":[974,5314]},"properties":{"kind":"icefield","scale":0.88}},{"type":"Feature","geometry":{"type":"Point","coordinates":[1038,5267]},"properties":{"kind":"icefield","scale":1.03}},{"type":"Feature","geometry":{"type":"Point","coordinates":[1194,5366]},"properties":{"kind":"icefield","scale":1.17}},{"type":"Feature","geometry":{"type":"Point","coordinates":[1276,5281]},"properties":{"kind":"icefield","scale":1.09}},{"type":"Feature","geometry":{"type":"Point","coordinates":[1465,5286]},"properties":{"kind":"icefield","scale":1.18}},{"type":"Feature","geometry":{"type":"Point","coordinates":[1524,5342]},"properties":{"kind":"icefield","scale":0.89}},{"type":"Feature","geometry":{"type":"Point","coordinates":[1674,5332]},"properties":{"kind":"icefield","scale":0.79}},{"type":"Feature","geometry":{"type":"Point","coordinates":[1762,5363]},"properties":{"kind":"icefield","scale":0.76}},{"type":"Feature","geometry":{"type":"Point","coordinates":[2009,5374]},"properties":{"kind":"icefield","scale":0.78}},{"type":"Feature","geometry":{"type":"Point","coordinates":[2092,5267]},"properties":{"kind":"icefield","scale":0.94}},{"type":"Feature","geometry":{"type":"Point","coordinates":[2168,5273]},"properties":{"kind":"icefield","scale":1.13}},{"type":"Feature","geometry":{"type":"Point","coordinates":[2284,5380]},"properties":{"kind":"icefield","scale":1.14}},{"type":"Feature","geometry":{"type":"Point","coordinates":[2500,5351]},"properties":{"kind":"icefield","scale":0.8}},{"type":"Feature","geometry":{"type":"Point","coordinates":[2577,5268]},"properties":{"kind":"icefield","scale":0.83}},{"type":"Feature","geometry":{"type":"Point","coordinates":[2735,5313]},"properties":{"kind":"icefield","scale":1.21}},{"type":"Feature","geometry":{"type":"Point","coordinates":[2921,5387]},"properties":{"kind":"icefield","scale":0.83}},{"type":"Feature","geometry":{"type":"Point","coordinates":[2954,5394]},"properties":{"kind":"icefield","scale":1.24}},{"type":"Feature","geometry":{"type":"Point","coordinates":[3061,5354]},"properties":{"kind":"icefield","scale":0.76}},{"type":"Feature","geometry":{"type":"Point","coordinates":[3187,5351]},"properties":{"kind":"icefield","scale":0.8}},{"type":"Feature","geometry":{"type":"Point","coordinates":[3342,5305]},"properties":{"kind":"icefield","scale":0.86}},{"type":"Feature","geometry":{"type":"Point","coordinates":[3502,5309]},"properties":{"kind":"icefield","scale":1.17}},{"type":"Feature","geometry":{"type":"Point","coordinates":[3587,5346]},"properties":{"kind":"icefield","scale":1.23}},{"type":"Feature","geometry":{"type":"Point","coordinates":[3747,5272]},"properties":{"kind":"icefield","scale":0.91}},{"type":"Feature","geometry":{"type":"Point","coordinates":[3944,5328]},"properties":{"kind":"icefield","scale":0.89}},{"type":"Feature","geometry":{"type":"Point","coordinates":[4001,5371]},"properties":{"kind":"icefield","scale":1.04}},{"type":"Feature","geometry":{"type":"Point","coordinates":[4123,5288]},"properties":{"kind":"icefield","scale":1.1}},{"type":"Feature","geometry":{"type":"Point","coordinates":[4333,5276]},"properties":{"kind":"icefield","scale":1.13}},{"type":"Feature","geometry":{"type":"Point","coordinates":[4402,5377]},"properties":{"kind":"icefield","scale":0.95}},{"type":"Feature","geometry":{"type":"Point","coordinates":[4564,5378]},"properties":{"kind":"icefield","scale":1.21}},{"type":"Feature","geometry":{"type":"Point","coordinates":[4648,5390]},"properties":{"kind":"icefield","scale":1.11}},{"type":"Feature","geometry":{"type":"Point","coordinates":[4860,5339]},"properties":{"kind":"icefield","scale":1.16}},{"type":"Feature","geometry":{"type":"Point","coordinates":[4919,5349]},"properties":{"kind":"icefield","scale":1.2}},{"type":"Feature","geometry":{"type":"Point","coordinates":[5129,5313]},"properties":{"kind":"icefield","scale":1.01}},{"type":"Feature","geometry":{"type":"Point","coordinates":[5243,5353]},"properties":{"kind":"icefield","scale":1.11}},{"type":"Feature","geometry":{"type":"Point","coordinates":[5382,5323]},"properties":{"kind":"icefield","scale":1.22}},{"type":"Feature","geometry":{"type":"Point","coordinates":[5499,5330]},"properties":{"kind":"icefield","scale":0.9}},{"type":"Feature","geometry":{"type":"Point","coordinates":[5630,5348]},"properties":{"kind":"icefield","scale":1.2}},{"type":"Feature","geometry":{"type":"Point","coordinates":[5685,5390]},"properties":{"kind":"icefield","scale":0.98}},{"type":"Feature","geometry":{"type":"Point","coordinates":[5805,5390]},"properties":{"kind":"icefield","scale":0.94}},{"type":"Feature","geometry":{"type":"Point","coordinates":[5920,5314]},"properties":{"kind":"icefield","scale":1.24}},{"type":"Feature","geometry":{"type":"Point","coordinates":[6134,5308]},"properties":{"kind":"icefield","scale":0.87}},{"type":"Feature","geometry":{"type":"Point","coordinates":[6270,5361]},"properties":{"kind":"icefield","scale":1.22}},{"type":"Feature","geometry":{"type":"Point","coordinates":[6326,5266]},"properties":{"kind":"icefield","scale":1.04}},{"type":"Feature","geometry":{"type":"Point","coordinates":[6555,5294]},"properties":{"kind":"icefield","scale":1.18}},{"type":"Feature","geometry":{"type":"Point","coordinates":[6635,5319]},"properties":{"kind":"icefield","scale":0.83}},{"type":"Feature","geometry":{"type":"Point","coordinates":[6724,5370]},"properties":{"kind":"icefield","scale":0.79}},{"type":"Feature","geometry":{"type":"Point","coordinates":[6902,5383]},"properties":{"kind":"icefield","scale":1.01}},{"type":"Feature","geometry":{"type":"Point","coordinates":[7049,5335]},"properties":{"kind":"icefield","scale":1.11}},{"type":"Feature","geometry":{"type":"Point","coordinates":[7176,5266]},"properties":{"kind":"icefield","scale":0.78}},{"type":"Feature","geometry":{"type":"Point","coordinates":[7239,5314]},"properties":{"kind":"icefield","scale":1.22}},{"type":"Feature","geometry":{"type":"Point","coordinates":[7374,5370]},"properties":{"kind":"icefield","scale":0.94}},{"type":"Feature","geometry":{"type":"Point","coordinates":[7513,5288]},"properties":{"kind":"icefield","scale":0.88}},{"type":"Feature","geometry":{"type":"Point","coordinates":[7703,5289]},"properties":{"kind":"icefield","scale":1}},{"type":"Feature","geometry":{"type":"Point","coordinates":[7739,5342]},"properties":{"kind":"icefield","scale":0.82}},{"type":"Feature","geometry":{"type":"Point","coordinates":[7895,5367]},"properties":{"kind":"icefield","scale":0.83}},{"type":"Feature","geometry":{"type":"Point","coordinates":[8068,5387]},"properties":{"kind":"icefield","scale":0.98}},{"type":"Feature","geometry":{"type":"Point","coordinates":[8144,5361]},"properties":{"kind":"icefield","scale":1.14}},{"type":"Feature","geometry":{"type":"Point","coordinates":[8271,5358]},"properties":{"kind":"icefield","scale":1.24}},{"type":"Feature","geometry":{"type":"Point","coordinates":[8425,5382]},"properties":{"kind":"icefield","scale":0.84}},{"type":"Feature","geometry":{"type":"Point","coordinates":[8545,5302]},"properties":{"kind":"icefield","scale":1.12}},{"type":"Feature","geometry":{"type":"Point","coordinates":[8729,5389]},"properties":{"kind":"icefield","scale":0.85}},{"type":"Feature","geometry":{"type":"Point","coordinates":[8862,5323]},"properties":{"kind":"icefield","scale":1.04}},{"type":"Feature","geometry":{"type":"Point","coordinates":[8918,5311]},"properties":{"kind":"icefield","scale":1.24}},{"type":"Feature","geometry":{"type":"Point","coordinates":[9108,5313]},"properties":{"kind":"icefield","scale":0.79}},{"type":"Feature","geometry":{"type":"Point","coordinates":[9199,5394]},"properties":{"kind":"icefield","scale":1.18}},{"type":"Feature","geometry":{"type":"Point","coordinates":[9404,5368]},"properties":{"kind":"icefield","scale":1.24}},{"type":"Feature","geometry":{"type":"Point","coordinates":[9463,5386]},"properties":{"kind":"icefield","scale":1.21}},{"type":"Feature","geometry":{"type":"Point","coordinates":[9618,5339]},"properties":{"kind":"icefield","scale":1.21}},{"type":"Feature","geometry":{"type":"Point","coordinates":[9717,5363]},"properties":{"kind":"icefield","scale":0.84}},{"type":"Feature","geometry":{"type":"Point","coordinates":[9897,5332]},"properties":{"kind":"icefield","scale":0.95}},{"type":"Feature","geometry":{"type":"Point","coordinates":[36,5437]},"properties":{"kind":"icefield","scale":1.03}},{"type":"Feature","geometry":{"type":"Point","coordinates":[112,5518]},"properties":{"kind":"icefield","scale":0.85}},{"type":"Feature","geometry":{"type":"Point","coordinates":[200,5522]},"properties":{"kind":"icefield","scale":1.06}},{"type":"Feature","geometry":{"type":"Point","coordinates":[409,5446]},"properties":{"kind":"icefield","scale":0.8}},{"type":"Feature","geometry":{"type":"Point","coordinates":[485,5453]},"properties":{"kind":"icefield","scale":0.77}},{"type":"Feature","geometry":{"type":"Point","coordinates":[620,5464]},"properties":{"kind":"icefield","scale":1.14}},{"type":"Feature","geometry":{"type":"Point","coordinates":[787,5440]},"properties":{"kind":"icefield","scale":0.99}},{"type":"Feature","geometry":{"type":"Point","coordinates":[968,5418]},"properties":{"kind":"icefield","scale":0.78}},{"type":"Feature","geometry":{"type":"Point","coordinates":[1006,5445]},"properties":{"kind":"icefield","scale":0.84}},{"type":"Feature","geometry":{"type":"Point","coordinates":[1114,5418]},"properties":{"kind":"icefield","scale":0.86}},{"type":"Feature","geometry":{"type":"Point","coordinates":[1294,5434]},"properties":{"kind":"icefield","scale":0.85}},{"type":"Feature","geometry":{"type":"Point","coordinates":[1421,5473]},"properties":{"kind":"icefield","scale":1.16}},{"type":"Feature","geometry":{"type":"Point","coordinates":[1497,5462]},"properties":{"kind":"icefield","scale":1.14}},{"type":"Feature","geometry":{"type":"Point","coordinates":[1751,5515]},"properties":{"kind":"icefield","scale":0.83}},{"type":"Feature","geometry":{"type":"Point","coordinates":[1824,5439]},"properties":{"kind":"icefield","scale":1.15}},{"type":"Feature","geometry":{"type":"Point","coordinates":[1894,5446]},"properties":{"kind":"icefield","scale":1.05}},{"type":"Feature","geometry":{"type":"Point","coordinates":[2103,5493]},"properties":{"kind":"icefield","scale":0.79}},{"type":"Feature","geometry":{"type":"Point","coordinates":[2156,5518]},"properties":{"kind":"icefield","scale":1.04}},{"type":"Feature","geometry":{"type":"Point","coordinates":[2295,5480]},"properties":{"kind":"icefield","scale":1.09}},{"type":"Feature","geometry":{"type":"Point","coordinates":[2518,5436]},"properties":{"kind":"icefield","scale":1.16}},{"type":"Feature","geometry":{"type":"Point","coordinates":[2589,5469]},"properties":{"kind":"icefield","scale":0.78}},{"type":"Feature","geometry":{"type":"Point","coordinates":[2685,5409]},"properties":{"kind":"icefield","scale":0.82}},{"type":"Feature","geometry":{"type":"Point","coordinates":[2881,5408]},"properties":{"kind":"icefield","scale":1.15}},{"type":"Feature","geometry":{"type":"Point","coordinates":[3042,5497]},"properties":{"kind":"icefield","scale":0.78}},{"type":"Feature","geometry":{"type":"Point","coordinates":[3090,5404]},"properties":{"kind":"icefield","scale":1.24}},{"type":"Feature","geometry":{"type":"Point","coordinates":[3191,5434]},"properties":{"kind":"icefield","scale":1.22}},{"type":"Feature","geometry":{"type":"Point","coordinates":[3379,5457]},"properties":{"kind":"icefield","scale":1}},{"type":"Feature","geometry":{"type":"Point","coordinates":[3562,5445]},"properties":{"kind":"icefield","scale":1.11}},{"type":"Feature","geometry":{"type":"Point","coordinates":[3637,5416]},"properties":{"kind":"icefield","scale":1.12}},{"type":"Feature","geometry":{"type":"Point","coordinates":[3757,5497]},"properties":{"kind":"icefield","scale":1.13}},{"type":"Feature","geometry":{"type":"Point","coordinates":[3885,5515]},"properties":{"kind":"icefield","scale":0.95}},{"type":"Feature","geometry":{"type":"Point","coordinates":[3998,5413]},"properties":{"kind":"icefield","scale":1.23}},{"type":"Feature","geometry":{"type":"Point","coordinates":[4151,5439]},"properties":{"kind":"icefield","scale":0.84}},{"type":"Feature","geometry":{"type":"Point","coordinates":[4330,5525]},"properties":{"kind":"icefield","scale":1.09}},{"type":"Feature","geometry":{"type":"Point","coordinates":[4472,5429]},"properties":{"kind":"icefield","scale":0.88}},{"type":"Feature","geometry":{"type":"Point","coordinates":[4509,5414]},"properties":{"kind":"icefield","scale":0.87}},{"type":"Feature","geometry":{"type":"Point","coordinates":[4665,5463]},"properties":{"kind":"icefield","scale":1}},{"type":"Feature","geometry":{"type":"Point","coordinates":[4846,5430]},"properties":{"kind":"icefield","scale":0.97}},{"type":"Feature","geometry":{"type":"Point","coordinates":[4965,5423]},"properties":{"kind":"icefield","scale":0.81}},{"type":"Feature","geometry":{"type":"Point","coordinates":[5046,5418]},"properties":{"kind":"icefield","scale":0.96}},{"type":"Feature","geometry":{"type":"Point","coordinates":[5162,5475]},"properties":{"kind":"icefield","scale":0.99}},{"type":"Feature","geometry":{"type":"Point","coordinates":[5392,5506]},"properties":{"kind":"icefield","scale":0.83}},{"type":"Feature","geometry":{"type":"Point","coordinates":[5403,5481]},"properties":{"kind":"icefield","scale":1.11}},{"type":"Feature","geometry":{"type":"Point","coordinates":[5645,5487]},"properties":{"kind":"icefield","scale":0.77}},{"type":"Feature","geometry":{"type":"Point","coordinates":[5720,5402]},"properties":{"kind":"icefield","scale":0.78}},{"type":"Feature","geometry":{"type":"Point","coordinates":[5897,5417]},"properties":{"kind":"icefield","scale":1.16}},{"type":"Feature","geometry":{"type":"Point","coordinates":[5937,5504]},"properties":{"kind":"icefield","scale":0.78}},{"type":"Feature","geometry":{"type":"Point","coordinates":[6126,5470]},"properties":{"kind":"icefield","scale":1.07}},{"type":"Feature","geometry":{"type":"Point","coordinates":[6208,5459]},"properties":{"kind":"icefield","scale":1.22}},{"type":"Feature","geometry":{"type":"Point","coordinates":[6403,5410]},"properties":{"kind":"icefield","scale":1.14}},{"type":"Feature","geometry":{"type":"Point","coordinates":[6526,5427]},"properties":{"kind":"icefield","scale":0.89}},{"type":"Feature","geometry":{"type":"Point","coordinates":[6583,5429]},"properties":{"kind":"icefield","scale":1.09}},{"type":"Feature","geometry":{"type":"Point","coordinates":[6711,5472]},"properties":{"kind":"icefield","scale":0.82}},{"type":"Feature","geometry":{"type":"Point","coordinates":[6903,5455]},"properties":{"kind":"icefield","scale":1.07}},{"type":"Feature","geometry":{"type":"Point","coordinates":[7023,5436]},"properties":{"kind":"icefield","scale":0.92}},{"type":"Feature","geometry":{"type":"Point","coordinates":[7204,5433]},"properties":{"kind":"icefield","scale":1.21}},{"type":"Feature","geometry":{"type":"Point","coordinates":[7220,5482]},"properties":{"kind":"icefield","scale":1.07}},{"type":"Feature","geometry":{"type":"Point","coordinates":[7427,5443]},"properties":{"kind":"icefield","scale":1.25}},{"type":"Feature","geometry":{"type":"Point","coordinates":[7604,5497]},"properties":{"kind":"icefield","scale":0.79}},{"type":"Feature","geometry":{"type":"Point","coordinates":[7637,5434]},"properties":{"kind":"icefield","scale":0.99}},{"type":"Feature","geometry":{"type":"Point","coordinates":[7811,5520]},"properties":{"kind":"icefield","scale":0.97}},{"type":"Feature","geometry":{"type":"Point","coordinates":[7898,5447]},"properties":{"kind":"icefield","scale":1.06}},{"type":"Feature","geometry":{"type":"Point","coordinates":[8051,5519]},"properties":{"kind":"icefield","scale":0.99}},{"type":"Feature","geometry":{"type":"Point","coordinates":[8139,5422]},"properties":{"kind":"icefield","scale":0.91}},{"type":"Feature","geometry":{"type":"Point","coordinates":[8312,5445]},"properties":{"kind":"icefield","scale":0.95}},{"type":"Feature","geometry":{"type":"Point","coordinates":[8398,5425]},"properties":{"kind":"icefield","scale":0.8}},{"type":"Feature","geometry":{"type":"Point","coordinates":[8552,5506]},"properties":{"kind":"icefield","scale":1.24}},{"type":"Feature","geometry":{"type":"Point","coordinates":[8711,5492]},"properties":{"kind":"icefield","scale":1.1}},{"type":"Feature","geometry":{"type":"Point","coordinates":[8813,5490]},"properties":{"kind":"icefield","scale":1.1}},{"type":"Feature","geometry":{"type":"Point","coordinates":[8950,5473]},"properties":{"kind":"icefield","scale":0.76}},{"type":"Feature","geometry":{"type":"Point","coordinates":[9040,5445]},"properties":{"kind":"icefield","scale":0.89}},{"type":"Feature","geometry":{"type":"Point","coordinates":[9228,5500]},"properties":{"kind":"icefield","scale":1.06}},{"type":"Feature","geometry":{"type":"Point","coordinates":[9387,5503]},"properties":{"kind":"icefield","scale":1.07}},{"type":"Feature","geometry":{"type":"Point","coordinates":[9448,5474]},"properties":{"kind":"icefield","scale":1.23}},{"type":"Feature","geometry":{"type":"Point","coordinates":[9596,5399]},"properties":{"kind":"icefield","scale":1.08}},{"type":"Feature","geometry":{"type":"Point","coordinates":[9813,5400]},"properties":{"kind":"icefield","scale":1.17}},{"type":"Feature","geometry":{"type":"Point","coordinates":[9877,5430]},"properties":{"kind":"icefield","scale":1.01}},{"type":"Feature","geometry":{"type":"Point","coordinates":[9278,801]},"properties":{"kind":"plain","scale":0.94}},{"type":"Feature","geometry":{"type":"Point","coordinates":[9341,809]},"properties":{"kind":"plain","scale":0.94}},{"type":"Feature","geometry":{"type":"Point","coordinates":[9598,849]},"properties":{"kind":"plain","scale":1.08}},{"type":"Feature","geometry":{"type":"Point","coordinates":[3206,1358]},"properties":{"kind":"plain","scale":1.09}},{"type":"Feature","geometry":{"type":"Point","coordinates":[3390,1384]},"properties":{"kind":"plain","scale":1.18}},{"type":"Feature","geometry":{"type":"Point","coordinates":[3625,1497]},"properties":{"kind":"plain","scale":1.08}},{"type":"Feature","geometry":{"type":"Point","coordinates":[2949,1657]},"properties":{"kind":"plain","scale":0.78}},{"type":"Feature","geometry":{"type":"Point","coordinates":[3053,1733]},"properties":{"kind":"plain","scale":1.12}},{"type":"Feature","geometry":{"type":"Point","coordinates":[3392,1664]},"properties":{"kind":"plain","scale":0.9}},{"type":"Feature","geometry":{"type":"Point","coordinates":[3485,1648]},"properties":{"kind":"plain","scale":1.06}},{"type":"Feature","geometry":{"type":"Point","coordinates":[3625,1743]},"properties":{"kind":"plain","scale":1.13}},{"type":"Feature","geometry":{"type":"Point","coordinates":[4795,1707]},"properties":{"kind":"plain","scale":1.15}},{"type":"Feature","geometry":{"type":"Point","coordinates":[6784,1745]},"properties":{"kind":"plain","scale":0.86}},{"type":"Feature","geometry":{"type":"Point","coordinates":[2999,1850]},"properties":{"kind":"plain","scale":1.05}},{"type":"Feature","geometry":{"type":"Point","coordinates":[3039,1873]},"properties":{"kind":"plain","scale":0.8}},{"type":"Feature","geometry":{"type":"Point","coordinates":[3262,1840]},"properties":{"kind":"plain","scale":0.92}},{"type":"Feature","geometry":{"type":"Point","coordinates":[3497,1880]},"properties":{"kind":"plain","scale":1.02}},{"type":"Feature","geometry":{"type":"Point","coordinates":[3641,1811]},"properties":{"kind":"plain","scale":0.85}},{"type":"Feature","geometry":{"type":"Point","coordinates":[4410,1810]},"properties":{"kind":"plain","scale":1.12}},{"type":"Feature","geometry":{"type":"Point","coordinates":[4587,1879]},"properties":{"kind":"plain","scale":1.19}},{"type":"Feature","geometry":{"type":"Point","coordinates":[3288,1980]},"properties":{"kind":"plain","scale":1.05}},{"type":"Feature","geometry":{"type":"Point","coordinates":[3512,1936]},"properties":{"kind":"plain","scale":1.17}},{"type":"Feature","geometry":{"type":"Point","coordinates":[3591,1913]},"properties":{"kind":"plain","scale":1.23}},{"type":"Feature","geometry":{"type":"Point","coordinates":[4233,1962]},"properties":{"kind":"plain","scale":1.08}},{"type":"Feature","geometry":{"type":"Point","coordinates":[4325,2001]},"properties":{"kind":"plain","scale":1.12}},{"type":"Feature","geometry":{"type":"Point","coordinates":[3672,2039]},"properties":{"kind":"plain","scale":1.24}},{"type":"Feature","geometry":{"type":"Point","coordinates":[3802,2169]},"properties":{"kind":"plain","scale":1}},{"type":"Feature","geometry":{"type":"Point","coordinates":[3955,2087]},"properties":{"kind":"plain","scale":0.84}},{"type":"Feature","geometry":{"type":"Point","coordinates":[4075,2124]},"properties":{"kind":"plain","scale":1.19}},{"type":"Feature","geometry":{"type":"Point","coordinates":[7154,2044]},"properties":{"kind":"plain","scale":1.16}},{"type":"Feature","geometry":{"type":"Point","coordinates":[3535,2301]},"properties":{"kind":"plain","scale":1.24}},{"type":"Feature","geometry":{"type":"Point","coordinates":[6987,2283]},"properties":{"kind":"plain","scale":1.02}},{"type":"Feature","geometry":{"type":"Point","coordinates":[3844,2433]},"properties":{"kind":"plain","scale":1.11}},{"type":"Feature","geometry":{"type":"Point","coordinates":[3906,2350]},"properties":{"kind":"plain","scale":0.94}},{"type":"Feature","geometry":{"type":"Point","coordinates":[3551,2484]},"properties":{"kind":"plain","scale":0.9}},{"type":"Feature","geometry":{"type":"Point","coordinates":[3392,2655]},"properties":{"kind":"plain","scale":1}},{"type":"Feature","geometry":{"type":"Point","coordinates":[7461,2964]},"properties":{"kind":"plain","scale":0.85}},{"type":"Feature","geometry":{"type":"Point","coordinates":[1871,3086]},"properties":{"kind":"plain","scale":1.18}},{"type":"Feature","geometry":{"type":"Point","coordinates":[7714,3150]},"properties":{"kind":"plain","scale":0.98}},{"type":"Feature","geometry":{"type":"Point","coordinates":[7360,3170]},"properties":{"kind":"plain","scale":1.02}},{"type":"Feature","geometry":{"type":"Point","coordinates":[7775,3366]},"properties":{"kind":"plain","scale":1.02}},{"type":"Feature","geometry":{"type":"Point","coordinates":[2005,3553]},"properties":{"kind":"plain","scale":1.24}},{"type":"Feature","geometry":{"type":"Point","coordinates":[6109,3479]},"properties":{"kind":"plain","scale":1.03}},{"type":"Feature","geometry":{"type":"Point","coordinates":[7503,3556]},"properties":{"kind":"plain","scale":1.02}},{"type":"Feature","geometry":{"type":"Point","coordinates":[1981,3579]},"properties":{"kind":"plain","scale":0.85}},{"type":"Feature","geometry":{"type":"Point","coordinates":[2054,3572]},"properties":{"kind":"plain","scale":0.88}},{"type":"Feature","geometry":{"type":"Point","coordinates":[2220,3578]},"properties":{"kind":"plain","scale":1.22}},{"type":"Feature","geometry":{"type":"Point","coordinates":[7466,3706]},"properties":{"kind":"plain","scale":1.16}},{"type":"Feature","geometry":{"type":"Point","coordinates":[7587,3574]},"properties":{"kind":"plain","scale":0.77}},{"type":"Feature","geometry":{"type":"Point","coordinates":[7640,3664]},"properties":{"kind":"plain","scale":1}},{"type":"Feature","geometry":{"type":"Point","coordinates":[1122,3728]},"properties":{"kind":"plain","scale":0.91}},{"type":"Feature","geometry":{"type":"Point","coordinates":[2264,3801]},"properties":{"kind":"plain","scale":0.91}},{"type":"Feature","geometry":{"type":"Point","coordinates":[7329,3714]},"properties":{"kind":"plain","scale":1.12}},{"type":"Feature","geometry":{"type":"Point","coordinates":[7651,3835]},"properties":{"kind":"plain","scale":1.07}},{"type":"Feature","geometry":{"type":"Point","coordinates":[7792,3827]},"properties":{"kind":"plain","scale":1.19}},{"type":"Feature","geometry":{"type":"Point","coordinates":[2280,3900]},"properties":{"kind":"plain","scale":1.02}},{"type":"Feature","geometry":{"type":"Point","coordinates":[2948,3880]},"properties":{"kind":"plain","scale":1.05}},{"type":"Feature","geometry":{"type":"Point","coordinates":[5490,3970]},"properties":{"kind":"plain","scale":1.17}},{"type":"Feature","geometry":{"type":"Point","coordinates":[6246,3931]},"properties":{"kind":"plain","scale":0.76}},{"type":"Feature","geometry":{"type":"Point","coordinates":[7369,3889]},"properties":{"kind":"plain","scale":1.09}},{"type":"Feature","geometry":{"type":"Point","coordinates":[7551,3936]},"properties":{"kind":"plain","scale":0.9}},{"type":"Feature","geometry":{"type":"Point","coordinates":[7663,3956]},"properties":{"kind":"plain","scale":1.07}},{"type":"Feature","geometry":{"type":"Point","coordinates":[7810,3885]},"properties":{"kind":"plain","scale":0.85}},{"type":"Feature","geometry":{"type":"Point","coordinates":[2295,4034]},"properties":{"kind":"plain","scale":1.14}},{"type":"Feature","geometry":{"type":"Point","coordinates":[2332,4101]},"properties":{"kind":"plain","scale":0.92}},{"type":"Feature","geometry":{"type":"Point","coordinates":[2748,4004]},"properties":{"kind":"plain","scale":0.85}},{"type":"Feature","geometry":{"type":"Point","coordinates":[2904,4034]},"properties":{"kind":"plain","scale":1.21}},{"type":"Feature","geometry":{"type":"Point","coordinates":[7392,4079]},"properties":{"kind":"plain","scale":1.1}},{"type":"Feature","geometry":{"type":"Point","coordinates":[7550,4049]},"properties":{"kind":"plain","scale":1.1}},{"type":"Feature","geometry":{"type":"Point","coordinates":[7640,4025]},"properties":{"kind":"plain","scale":1.03}},{"type":"Feature","geometry":{"type":"Point","coordinates":[5858,4178]},"properties":{"kind":"plain","scale":1}},{"type":"Feature","geometry":{"type":"Point","coordinates":[3286,4350]},"properties":{"kind":"plain","scale":1.05}}]}
